split_parent_id,scaffold_smiles,scaffold_id,is_acyclic,acyclic_cluster_id,scaffold_split_group_id
par_000fc6c64134ca300d11,O=C1CCCCCCCCCCO1,scf_000fc6c64134ca300d11,False,,scf_000fc6c64134ca300d11
par_0026890506bc5d256437,c1ccc(C2CO2)cc1,scf_0026890506bc5d256437,False,,scf_0026890506bc5d256437
par_0029fff93fb64faf7cd5,,,True,acy_00265cd7a39e37e68722,acy_00265cd7a39e37e68722
par_002d1d72466fe4e76d5e,C1CCNCC1,scf_daa04a326d407f1003f7,False,,scf_daa04a326d407f1003f7
par_00339be2debc1ee986f5,O=C1CCC(=O)N1C1CCNCC1,scf_431a76a19c6cbea4f5e5,False,,scf_431a76a19c6cbea4f5e5
par_003719abf88cacaa6675,c1ccc2ccccc2c1,scf_a896d495b04a450b732a,False,,scf_a896d495b04a450b732a
par_003b0bfdd04b5d5a93d4,c1ccccc1,scf_13cad05ca8f49c509e5b,False,,scf_13cad05ca8f49c509e5b
par_0046c1925fd5e4ddfc68,,,True,acy_75cc5e32ee4b4ca0f63f,acy_75cc5e32ee4b4ca0f63f
par_0052a3734906f9bcfc20,,,True,acy_32fa1cb840dc78d29ec0,acy_32fa1cb840dc78d29ec0
par_005378c4bb6e9230db4e,,,True,acy_0d167ddda31ef4a958aa,acy_0d167ddda31ef4a958aa
par_006730b97e307ff9a8df,c1ccc2[nH]ccc2c1,scf_e65f5bb7d6337f0d157e,False,,scf_e65f5bb7d6337f0d157e
par_0094efa2a0ab0d769083,c1ccccc1,scf_13cad05ca8f49c509e5b,False,,scf_13cad05ca8f49c509e5b
par_00af420c931313f22e8f,C1CNCCN1,scf_dcbee0ce71a0a74f5873,False,,scf_dcbee0ce71a0a74f5873
par_00afbb87cc755a4bc12f,c1ccccc1,scf_13cad05ca8f49c509e5b,False,,scf_13cad05ca8f49c509e5b
par_00bbc25963a670344aa1,,,True,acy_cd32588bd116b6c68494,acy_cd32588bd116b6c68494
par_00c9a1cecef5d9d06ffd,C1CCNC1,scf_487ed2dcbfa239f0ffcc,False,,scf_487ed2dcbfa239f0ffcc
par_00d461195d46fe69b0db,,,True,acy_75cc5e32ee4b4ca0f63f,acy_75cc5e32ee4b4ca0f63f
par_00d91eea90d00b6b5e13,c1ccc(N(CC2CO2)CC2CO2)cc1,scf_00d91eea90d00b6b5e13,False,,scf_00d91eea90d00b6b5e13
par_00dce3b50f702d4461f8,O=C(OCc1ccccc1)c1ccccc1,scf_10ed63108da7fff9cfff,False,,scf_10ed63108da7fff9cfff
par_00e7d26e6956a1e78e39,c1cc[nH+]cc1,scf_8eb2bbb7e55a790a4ea4,False,,scf_8eb2bbb7e55a790a4ea4
par_00f21cc41dd01e8a8a75,,,True,acy_4a859606e0321ed0c65f,acy_4a859606e0321ed0c65f
par_00ffdeb4a5ae34db60a5,C1=CCCCC1,scf_fe8528cff2dfdfccb743,False,,scf_fe8528cff2dfdfccb743
par_01034fef4b08fc141dd7,c1ccc(OP(Oc2ccccc2)Oc2ccccc2)cc1,scf_01034fef4b08fc141dd7,False,,scf_01034fef4b08fc141dd7
par_0107815d8533d6ddb252,c1ccccc1,scf_13cad05ca8f49c509e5b,False,,scf_13cad05ca8f49c509e5b
par_010de4da9e7e3f71845b,c1ccccc1,scf_13cad05ca8f49c509e5b,False,,scf_13cad05ca8f49c509e5b
par_011072e791d7b29d7f0a,c1ccccc1,scf_13cad05ca8f49c509e5b,False,,scf_13cad05ca8f49c509e5b
par_0110aa072de18ddc726d,c1ccccc1,scf_13cad05ca8f49c509e5b,False,,scf_13cad05ca8f49c509e5b
par_0135ba1c2d9714494977,C1=NOC(c2ccccc2)(c2ccccc2)C1,scf_4914281ffa27f35888d2,False,,scf_4914281ffa27f35888d2
par_013c786bf15d9864e365,,,True,acy_23a1176314021ad41fb4,acy_23a1176314021ad41fb4
par_013fce2f4f1286a5e28a,c1ccccc1,scf_13cad05ca8f49c509e5b,False,,scf_13cad05ca8f49c509e5b
par_015ee56358d80b06cbc2,c1ccc(Cc2ccccc2)cc1,scf_05784e2ddd36e41751a8,False,,scf_05784e2ddd36e41751a8
par_0160bb6e21e870d0735d,c1ccc2ccccc2c1,scf_a896d495b04a450b732a,False,,scf_a896d495b04a450b732a
par_0174ee292092c01656dd,,,True,acy_dc3c5eb921aa26eb7e07,acy_dc3c5eb921aa26eb7e07
par_0188e2f93b484b855044,,,True,acy_dc58fd15af13707eb0a7,acy_dc58fd15af13707eb0a7
par_018e4cd3924daddbf671,c1ccccc1,scf_13cad05ca8f49c509e5b,False,,scf_13cad05ca8f49c509e5b
par_019207f858d2acbb5c6f,c1ccccc1,scf_13cad05ca8f49c509e5b,False,,scf_13cad05ca8f49c509e5b
par_019ce55908dd80e8eae6,,,True,acy_dbdae54709b60499859f,acy_dbdae54709b60499859f
par_019e537177e8d9265483,C(=Cc1c(-c2ccccc2)[nH]c2ccccc12)C1=[NH+]c2ccccc2C1,scf_e7166dbf657f2096349c,False,,scf_e7166dbf657f2096349c
par_01a1f692762a62326c49,,,True,acy_a6b8131bf6343ec14c33,acy_a6b8131bf6343ec14c33
par_01a67ab6b5377ce0f693,c1ccccc1,scf_13cad05ca8f49c509e5b,False,,scf_13cad05ca8f49c509e5b
par_01b2aa202c14c982b703,C1CC2CCC1C2,scf_8decb4ecd7f11859f828,False,,scf_8decb4ecd7f11859f828
par_01c739f5f61cdf42de86,,,True,acy_3e0ea233cde1b6a6b050,acy_3e0ea233cde1b6a6b050
par_01dbda92f3f7299697cd,c1ccc(Cc2ccccc2)cc1,scf_05784e2ddd36e41751a8,False,,scf_05784e2ddd36e41751a8
par_01ecdf92dc57daf649e9,,,True,acy_d7bcaaf715975880717a,acy_d7bcaaf715975880717a
par_01ed7985561d056b4c17,,,True,acy_2b95c277539a6dab6dd7,acy_2b95c277539a6dab6dd7
par_01f4860b66e6fe03df18,c1ccccc1,scf_13cad05ca8f49c509e5b,False,,scf_13cad05ca8f49c509e5b
par_0207bcc9f4cdbc008a3b,,,True,acy_75cc5e32ee4b4ca0f63f,acy_75cc5e32ee4b4ca0f63f
par_020aa5b6cd83563978a4,,,True,acy_5063f47bae8329fe2e55,acy_5063f47bae8329fe2e55
par_02148f544b43823d090b,O=C1c2ccccc2C(=O)c2ccccc21,scf_f0c6b09cfc7aa95a3893,False,,scf_f0c6b09cfc7aa95a3893
par_0217ad0a7f2e0c508e2b,O=C(Nc1ncccn1)NS(=O)(=O)c1ccn[nH]1,scf_13efb1522e0841eb6bf9,False,,scf_13efb1522e0841eb6bf9
par_022e5a54c4853dca6b6d,,,True,acy_f826b34e359f739f1a3f,acy_f826b34e359f739f1a3f
par_0244428d04c7731ef627,O=C1CC2(CCCC2)CC(=O)N1,scf_0244428d04c7731ef627,False,,scf_0244428d04c7731ef627
par_02574dda676803c1a4ef,,,True,acy_465d7c426c437bb17370,acy_465d7c426c437bb17370
par_025fe9f06b10ea5a8198,c1ccccc1,scf_13cad05ca8f49c509e5b,False,,scf_13cad05ca8f49c509e5b
par_026074a05a2979b509f3,c1ccccc1,scf_13cad05ca8f49c509e5b,False,,scf_13cad05ca8f49c509e5b
par_026c02e487840e8f462e,c1ncncn1,scf_89055dbbabf38236f98e,False,,scf_89055dbbabf38236f98e
par_02765021c314161f0320,C1=Cc2ccccc2CC1,scf_02765021c314161f0320,False,,scf_02765021c314161f0320
par_02785af34e15f09ed03f,c1ccccc1,scf_13cad05ca8f49c509e5b,False,,scf_13cad05ca8f49c509e5b
par_0279a55c5c3ee0456f06,C1CCC(O[C@@H]2OCC[C@H]2O[C@H]2CCCCO2)CC1.C1CCC(O[C@@H]2OCC[C@H]2O[C@H]2CCCCO2)CC1,scf_57dcff06cd28876a178d,False,,scf_57dcff06cd28876a178d
par_028330f20ad7ef48d9b7,,,True,acy_56ecf40745393b002e94,acy_56ecf40745393b002e94
par_028993f67da8b235461c,,,True,acy_9eae4619043c48c0c109,acy_9eae4619043c48c0c109
par_028c3774f9867cda57b2,c1ccncc1,scf_75c7a4b0b41e43900bfb,False,,scf_75c7a4b0b41e43900bfb
par_028c4ef2965d3693cd92,O=C1C=CCCC1,scf_9e258000d96cef27d5aa,False,,scf_9e258000d96cef27d5aa
par_02908da926463738e98d,C=C1C=C2CC[C@H]3CCCCC3[C@H]2CC1,scf_d0823888a801e8c98369,False,,scf_d0823888a801e8c98369
par_02a57526481095c70a3c,,,True,acy_a047ae3ca076de161e25,acy_a047ae3ca076de161e25
par_02b4c04cd5de056d1a9e,c1ccccc1,scf_13cad05ca8f49c509e5b,False,,scf_13cad05ca8f49c509e5b
par_02ba796396af3293b419,c1ccc([CH2][SnH]([CH2]c2ccccc2)[CH2]c2ccccc2)cc1,scf_d4e637674eb138e1d5f4,False,,scf_d4e637674eb138e1d5f4
par_02dfbeb0570c184de677,c1ccccc1,scf_13cad05ca8f49c509e5b,False,,scf_13cad05ca8f49c509e5b
par_02e2a1a340a57aa424bc,,,True,acy_a04448b0abe2c6cd88b2,acy_a04448b0abe2c6cd88b2
par_02f2b339d540d6324b66,O=C(OOC(=O)c1ccccc1)c1ccccc1,scf_6a6e4dd4b6c9c7c227ec,False,,scf_6a6e4dd4b6c9c7c227ec
par_02f6f3bcbff50bf4dd1e,O=C1C=C2CC[C@H]3[C@@H]4CCCC4CC[C@@H]3C2CC1,scf_02f9fbcd400f7be38003,False,,scf_02f9fbcd400f7be38003
par_030b9ac9072811c2fa2f,c1ccccc1,scf_13cad05ca8f49c509e5b,False,,scf_13cad05ca8f49c509e5b
par_031e1ae944a270c0fe7f,c1ccc2sccc2c1,scf_031e1ae944a270c0fe7f,False,,scf_031e1ae944a270c0fe7f
par_031f8c300bdb505273e5,O=C(NNC(=O)c1ccccc1)c1ccccc1,scf_284d7a472f11ddb287f2,False,,scf_284d7a472f11ddb287f2
par_0329aacbf2cdfb41aa6e,c1ccc(-c2ccccc2)cc1,scf_27dacb226b18e24b40e3,False,,scf_27dacb226b18e24b40e3
par_032c305e3465bd63db3e,c1ccccc1,scf_13cad05ca8f49c509e5b,False,,scf_13cad05ca8f49c509e5b
par_032c65e17e4393e9c91a,O=C(OCc1cccc(Oc2ccccc2)c1)C1CC1,scf_dd5d192b016bdf3547cd,False,,scf_dd5d192b016bdf3547cd
par_032cc13ffab376d34a20,c1ccc(NCn2cccn2)cc1,scf_65b44f45344d97f0025d,False,,scf_65b44f45344d97f0025d
par_03471812ed9592dc8c37,c1ccccc1,scf_13cad05ca8f49c509e5b,False,,scf_13cad05ca8f49c509e5b
par_035e4c0417a1b9db3441,c1ccccc1,scf_13cad05ca8f49c509e5b,False,,scf_13cad05ca8f49c509e5b
par_0362af4a0d9923a1d168,C1CCCCC1,scf_a21c4f64dcc59dd2ede8,False,,scf_a21c4f64dcc59dd2ede8
par_036c5b01e49f2c2546d3,,,True,acy_5a9ff3d78ef197862d06,acy_5a9ff3d78ef197862d06
par_0372c124bb4549313e10,,,True,acy_f2097066b862c21a1d5a,acy_f2097066b862c21a1d5a
par_0373fc7447da0498e68e,c1ccc(C(c2ccccc2)N2CCNCC2)cc1,scf_81afdce9b3af90dce1e7,False,,scf_81afdce9b3af90dce1e7
par_0375050eb980e8986af8,c1ccccc1,scf_13cad05ca8f49c509e5b,False,,scf_13cad05ca8f49c509e5b
par_0384a00192d687bb010a,c1ccc(-c2ccccc2)cc1,scf_27dacb226b18e24b40e3,False,,scf_27dacb226b18e24b40e3
par_038fe59d5ce46a634e53,,,True,acy_0390d65b060cb8db93d0,acy_0390d65b060cb8db93d0
par_0397b7d519f035cf2c42,,,True,acy_6b6d90b9006cce4fb99b,acy_6b6d90b9006cce4fb99b
par_03adede59f83403c22fb,O=c1c2ccccc2[nH]c2cc3c(=O)c4ccccc4[nH]c3cc12,scf_2eeed219961c69512cfc,False,,scf_2eeed219961c69512cfc
par_03b51bb2035b8d748af2,,,True,acy_8ba1359a905dabcd3f36,acy_8ba1359a905dabcd3f36
par_03b9b36b4414c4853245,O=C1C2CC3CC(C2)CC1C3,scf_03b9b36b4414c4853245,False,,scf_03b9b36b4414c4853245
par_03bb2ec6262a2fe832e2,,,True,acy_ebf158982c9f942530b9,acy_ebf158982c9f942530b9
par_03d48d9b658bf0c96e73,,,True,acy_596bab331e7cbd73abd6,acy_596bab331e7cbd73abd6
par_03f3edd6a130f07fa416,O=C1/C(=N/Nc2ccccc2)C=Cc2ccccc21,scf_68b41ecda5848447b198,False,,scf_68b41ecda5848447b198
par_03f44698f01b73ed9268,O=C(c1ccccc1)c1ccccc1,scf_113660f6820aa1505046,False,,scf_113660f6820aa1505046
par_03fd4ccf1a952357c12a,C1CCCCC1,scf_a21c4f64dcc59dd2ede8,False,,scf_a21c4f64dcc59dd2ede8
par_040661acc2ad6136ecd8,c1ccccc1,scf_13cad05ca8f49c509e5b,False,,scf_13cad05ca8f49c509e5b
par_0414c1da5e6d08e58806,c1ccc(Oc2ccccc2)cc1,scf_9affd80d02f471acfe8b,False,,scf_9affd80d02f471acfe8b
par_04177556eeb18c1a68e9,,,True,acy_74bf387a4970c6648dcf,acy_74bf387a4970c6648dcf
par_0419eee655c0be9c41cf,c1ccccc1,scf_13cad05ca8f49c509e5b,False,,scf_13cad05ca8f49c509e5b
par_041cd5da6b8910c8451f,c1ccccc1,scf_13cad05ca8f49c509e5b,False,,scf_13cad05ca8f49c509e5b
par_0439436784788e3f1f2d,c1ccc(Cc2ccccc2)cc1,scf_05784e2ddd36e41751a8,False,,scf_05784e2ddd36e41751a8
par_0442d29e64e4bfd3f4e7,,,True,acy_57f510a8f4ce43675fa8,acy_57f510a8f4ce43675fa8
par_0444b630e628265046ff,O=C1CCCO1,scf_b2a02ad4ea5295cb11e1,False,,scf_b2a02ad4ea5295cb11e1
par_04502adc51a5e97aea0e,O=C(NCCc1ccccc1)c1ccccc1,scf_32cdc015c9af9635a869,False,,scf_32cdc015c9af9635a869
par_045d03489aff057323e6,,,True,acy_7fdd2664d01ab4b30430,acy_7fdd2664d01ab4b30430
par_045f2339001605c65220,,,True,acy_2e83ee5757c8ab0b6741,acy_2e83ee5757c8ab0b6741
par_0476847a2b8019f5266d,c1ccccc1,scf_13cad05ca8f49c509e5b,False,,scf_13cad05ca8f49c509e5b
par_047776d5ef2b88bbb060,,,True,acy_7fdd2664d01ab4b30430,acy_7fdd2664d01ab4b30430
par_047aaa859de4a39a1f4a,,,True,acy_18b57b37a882d5d9cd21,acy_18b57b37a882d5d9cd21
par_047cc7df05701da4bf55,,,True,acy_dc679d7b802285c4fc8a,acy_dc679d7b802285c4fc8a
par_0482604b344d4741d840,O=C(Cc1ccccc1)N[C@@H]1C(=O)N2CCS[C@H]12,scf_26d7014d9e57bf59cabd,False,,scf_26d7014d9e57bf59cabd
par_048d4e8fd0567976be0a,,,True,acy_2e707e18eff0b1348242,acy_2e707e18eff0b1348242
par_0492439137d552386789,c1ccccc1,scf_13cad05ca8f49c509e5b,False,,scf_13cad05ca8f49c509e5b
par_049adfb4f1926a9a9957,,,True,acy_9a25ac9d66fe0a02d618,acy_9a25ac9d66fe0a02d618
par_04a03f058eccd2785575,,,True,acy_7be1ec555e427af5cfe0,acy_7be1ec555e427af5cfe0
par_04a3a4caaccb8d22469f,,,True,acy_d1e95ee0450b739e8186,acy_d1e95ee0450b739e8186
par_04a5a67822580ba87c07,C(=C/c1ccccc1)\c1ccccc1,scf_76fcb4d76b7334a113f3,False,,scf_76fcb4d76b7334a113f3
par_04b853598e54fa7b889a,c1cncnc1,scf_a3ad2a5dcc41ff79865e,False,,scf_a3ad2a5dcc41ff79865e
par_04cbe153c8ce9f2b3dba,c1ccccc1,scf_13cad05ca8f49c509e5b,False,,scf_13cad05ca8f49c509e5b
par_04cdf796720efca246c4,O=[PH](Sc1ccccc1)Sc1ccccc1,scf_134236104d84f0724344,False,,scf_134236104d84f0724344
par_04d50b9398f6f7169b1b,c1ccccc1,scf_13cad05ca8f49c509e5b,False,,scf_13cad05ca8f49c509e5b
par_04d8b67c258de9f611c4,c1ccccc1,scf_13cad05ca8f49c509e5b,False,,scf_13cad05ca8f49c509e5b
par_04dc25ee088f919db954,O=C(Nc1ccccc1)C1CCCCC1,scf_9851bd40a886ff461728,False,,scf_9851bd40a886ff461728
par_04e5b05f05c8a6d31eb0,,,True,acy_6a24e5772cd4f9ecd9bd,acy_6a24e5772cd4f9ecd9bd
par_04faee65ead6464d7718,,,True,acy_3b8040854f3e839912d6,acy_3b8040854f3e839912d6
par_0513028480b251ca4b92,c1ccccc1,scf_13cad05ca8f49c509e5b,False,,scf_13cad05ca8f49c509e5b
par_0524b2a65fcdbdcdf9d6,c1ccccc1,scf_13cad05ca8f49c509e5b,False,,scf_13cad05ca8f49c509e5b
par_053729b8f58cbba9f9b2,,,True,acy_bfbe987bdd59e47258d1,acy_bfbe987bdd59e47258d1
par_05414c444da3b74f4b80,c1ccccc1,scf_13cad05ca8f49c509e5b,False,,scf_13cad05ca8f49c509e5b
par_0554fedc7fe9fa9750ed,O=[PH]1Oc2ccccc2-c2ccccc21,scf_500eae1098dd4b6a9d63,False,,scf_500eae1098dd4b6a9d63
par_05581f7fc21043d9d22e,c1ccccc1,scf_13cad05ca8f49c509e5b,False,,scf_13cad05ca8f49c509e5b
par_05784e2ddd36e41751a8,c1ccc(Cc2ccccc2)cc1,scf_05784e2ddd36e41751a8,False,,scf_05784e2ddd36e41751a8
par_058a5166aad442ac396b,O=c1nc[nH]cn1,scf_a65d652713be7c669085,False,,scf_a65d652713be7c669085
par_059878f5d89a9c0dfc23,,,True,acy_b3d48e05d0651e06ce0a,acy_b3d48e05d0651e06ce0a
par_059a5639143b77196924,c1ccccc1,scf_13cad05ca8f49c509e5b,False,,scf_13cad05ca8f49c509e5b
par_05b5184f34f61747ed2d,,,True,acy_7faa3c51535ce5a431b1,acy_7faa3c51535ce5a431b1
par_05b9ad4cad64d3081bfb,c1ccccc1,scf_13cad05ca8f49c509e5b,False,,scf_13cad05ca8f49c509e5b
par_05c07e7782df764deb6a,,,True,acy_32a8b125fad05ee6b8c9,acy_32a8b125fad05ee6b8c9
par_05c25f1223192a4c67ad,,,True,acy_a802c0c3c19597ae7b72,acy_a802c0c3c19597ae7b72
par_05c3665ea1a327497276,O=c1ccs[nH]1,scf_e9594c1d6bf486c43ac1,False,,scf_e9594c1d6bf486c43ac1
par_05d688ab8cf86f367e29,,,True,acy_a8ef8b6a05b82102b77b,acy_a8ef8b6a05b82102b77b
par_05f84c0bbdfc0ce27c0b,,,True,acy_2c8e102948cc1b06a4b7,acy_2c8e102948cc1b06a4b7
par_060c42cb40a9e9d17f56,O=C1CCCc2ccccc21,scf_69c1480e0722ad8943c8,False,,scf_69c1480e0722ad8943c8
par_060c65f577a9169bb046,,,True,acy_3317217b222206f303a6,acy_3317217b222206f303a6
par_060d9cf5c0d9fd3a09c4,c1ccc(Oc2ccccc2)cc1,scf_9affd80d02f471acfe8b,False,,scf_9affd80d02f471acfe8b
par_062cd891b4c7663c2f15,c1ccc(Nc2ccccc2)cc1,scf_66594b79d38dcf0e9b76,False,,scf_66594b79d38dcf0e9b76
par_062eaa516f14b0cd8194,c1ccc2c(Cc3cccc4ccccc34)cccc2c1,scf_eaf580823b168ab84b2d,False,,scf_eaf580823b168ab84b2d
par_064620618a0bffc697a6,c1ccccc1,scf_13cad05ca8f49c509e5b,False,,scf_13cad05ca8f49c509e5b
par_0648d320f6fa6cbc3d72,,,True,acy_563186561ba45311f9e9,acy_563186561ba45311f9e9
par_064a059f80764501b2ff,,,True,acy_37243fcbcc46d6573ffe,acy_37243fcbcc46d6573ffe
par_064a21c9bd78b8e53b78,,,True,acy_02d3c252cb9b05c81215,acy_02d3c252cb9b05c81215
par_0663c128b707d725b8e8,O=C1CCNCC1,scf_ed34a6864c3543af6a7e,False,,scf_ed34a6864c3543af6a7e
par_066abc0067e8ad471365,,,True,acy_bd733a0394d0465e8b70,acy_bd733a0394d0465e8b70
par_067770f11b6191f4d62b,C(=C/c1ccc(Nc2ncnc(Nc3ccccc3)n2)cc1)\c1ccc(Nc2ncnc(Nc3ccccc3)n2)cc1,scf_972d42ee79710c79e0ac,False,,scf_972d42ee79710c79e0ac
par_06822d41767ae4e9153d,,,True,acy_d1e95ee0450b739e8186,acy_d1e95ee0450b739e8186
par_0688d8f268d3eb9df717,,,True,acy_ce8d6961677449a92293,acy_ce8d6961677449a92293
par_06acac075033433d58c2,,,True,acy_d731d91393648b1529a1,acy_d731d91393648b1529a1
par_06ad616fccceb47a568b,,,True,acy_0d76656c46eb7ace07a5,acy_0d76656c46eb7ace07a5
par_06cdfaf3364e4b24286f,C1N2CN3CN1C[NH+](C2)C3,scf_d1c7957cfeade1696b72,False,,scf_d1c7957cfeade1696b72
par_06da56d919d8349f11b6,c1ccccc1,scf_13cad05ca8f49c509e5b,False,,scf_13cad05ca8f49c509e5b
par_06e285d30c4d84eef27a,,,True,acy_45ed9825d6ec4df053e1,acy_45ed9825d6ec4df053e1
par_06e45383ad9ddb1532a7,,,True,acy_2582886d319ad1868a60,acy_2582886d319ad1868a60
par_06f9fdeb27fb6ddf2409,c1ccccc1,scf_13cad05ca8f49c509e5b,False,,scf_13cad05ca8f49c509e5b
par_06fa6fe8f6db61ec7927,c1ccc([C+](c2ccccc2)c2ccccc2)cc1,scf_f5b1800ae20f7fd460d1,False,,scf_f5b1800ae20f7fd460d1
par_06fa7cef96696340b297,c1ccccc1,scf_13cad05ca8f49c509e5b,False,,scf_13cad05ca8f49c509e5b
par_070d85ddd27b46d448b4,,,True,acy_4857c8ef1564a840fc49,acy_4857c8ef1564a840fc49
par_071412ea5a2421e1d128,,,True,acy_b37ecc9683db04478a1c,acy_b37ecc9683db04478a1c
par_072e756f1d226ad3fb02,,,True,acy_4f6f3562a2839f050fbc,acy_4f6f3562a2839f050fbc
par_072ff17ba58316da531f,O=C1C=CC(=Nc2ccccc2)C=C1,scf_f06b161ea85d7067a02c,False,,scf_f06b161ea85d7067a02c
par_074467a95cb452bc36ef,,,True,acy_299d97b13375f09dcb46,acy_299d97b13375f09dcb46
par_0748894f7a0e7ccd3972,c1ccccc1,scf_13cad05ca8f49c509e5b,False,,scf_13cad05ca8f49c509e5b
par_0757829b8c6320e44d1e,c1ccc2c(c1)ccc1cc3c(ccc4ccccc43)cc12,scf_0757829b8c6320e44d1e,False,,scf_0757829b8c6320e44d1e
par_075d11555ae5646eaca0,C1C[NH+]2CC[NH+]1CC2,scf_fdc0d9bac46d71dc9c6d,False,,scf_fdc0d9bac46d71dc9c6d
par_07614ed4e74ed4d70847,,,True,acy_756f802c929d2237a626,acy_756f802c929d2237a626
par_0768cae5eddce8b34280,O=C1C=CC(=Nc2ccccc2)C=C1,scf_f06b161ea85d7067a02c,False,,scf_f06b161ea85d7067a02c
par_076f990333cad32c4cfe,O=C1CCC(N2C(=O)c3ccccc3C2=O)C(=O)N1,scf_076f990333cad32c4cfe,False,,scf_076f990333cad32c4cfe
par_077939239fa1797a283a,c1ccccc1,scf_13cad05ca8f49c509e5b,False,,scf_13cad05ca8f49c509e5b
par_0799947ca28e8295fb2d,,,True,acy_af5d8d647966b0cc7204,acy_af5d8d647966b0cc7204
par_079def5d27aaa9ebb85a,,,True,acy_d234ffb6b8e4b516432d,acy_d234ffb6b8e4b516432d
par_07a574d902d9e37cca33,,,True,acy_2da5d2b0dc5edf2e5798,acy_2da5d2b0dc5edf2e5798
par_07ba4a3e550f7b956521,O=C1c2ccccc2C(=O)c2c(Nc3ccccc3)cc(Oc3ccccc3)cc21,scf_372131757c8ae3bcf479,False,,scf_372131757c8ae3bcf479
par_07c10a1870e7b9a6a22b,C1CCCCC1,scf_a21c4f64dcc59dd2ede8,False,,scf_a21c4f64dcc59dd2ede8
par_07cfd715c5c79bc0e08e,,,True,acy_dc3c5eb921aa26eb7e07,acy_dc3c5eb921aa26eb7e07
par_07d961449d7fd570e0af,,,True,acy_299d97b13375f09dcb46,acy_299d97b13375f09dcb46
par_07d997706d3b817a40b5,,,True,acy_d7c1c4e8cddafc5d8ee7,acy_d7c1c4e8cddafc5d8ee7
par_07dcaf02bd615a4540d7,,,True,acy_9d85ff69c349a8a519ef,acy_9d85ff69c349a8a519ef
par_07e1f1bf25f627111f35,O=C(Nc1ccccc1)c1ccccc1,scf_46dbe06a66c3ecbfaeeb,False,,scf_46dbe06a66c3ecbfaeeb
par_07fca8b5061806150405,,,True,acy_95461d3fb264c183eaaa,acy_95461d3fb264c183eaaa
par_0803a52a4c53572acfb9,C1NCNCN1,scf_83a4733f71e79fbfab98,False,,scf_83a4733f71e79fbfab98
par_080980624d3a5373c43e,O=C1/C(=N\Nc2ccccc2)C=Cc2cc(Nc3ncnc(Nc4ccccc4)n3)ccc21,scf_b09d66436ca2a768b574,False,,scf_b09d66436ca2a768b574
par_0813d1fc70c8668afe2c,c1ccccc1,scf_13cad05ca8f49c509e5b,False,,scf_13cad05ca8f49c509e5b
par_081e4fe98989e2c79e89,c1ccc(Nc2ccccc2)cc1,scf_66594b79d38dcf0e9b76,False,,scf_66594b79d38dcf0e9b76
par_08312ff41db90d369276,c1ccccc1,scf_13cad05ca8f49c509e5b,False,,scf_13cad05ca8f49c509e5b
par_0839204b1b9a51027b70,,,True,acy_6848e15019961f75e112,acy_6848e15019961f75e112
par_084c9b2ac494ed1aad93,c1ccc(COc2ccn(-c3ccccc3)n2)cc1,scf_f651e7738604e253d89d,False,,scf_f651e7738604e253d89d
par_084ddb592d0ed89ae165,C1=CC2CCC1C2,scf_4803c0f3b9aad24aab1b,False,,scf_4803c0f3b9aad24aab1b
par_08549a07d4ad50e5751d,O=C(Nc1ncncn1)NS(=O)(=O)c1ccccc1,scf_16163a52161df90e519d,False,,scf_16163a52161df90e519d
par_085a1c99de8da865aecb,c1ccccc1,scf_13cad05ca8f49c509e5b,False,,scf_13cad05ca8f49c509e5b
par_0891bdabcbf9e642300e,,,True,acy_a33debec8edb1210d5b0,acy_a33debec8edb1210d5b0
par_0895fd50b01ca1587016,,,True,acy_8659186cbca55a09cf75,acy_8659186cbca55a09cf75
par_089ab51f23001bb951b8,C1CCNC1,scf_487ed2dcbfa239f0ffcc,False,,scf_487ed2dcbfa239f0ffcc
par_089e0ca298bc76e6fd84,,,True,acy_dba5f1615e885638bfa6,acy_dba5f1615e885638bfa6
par_08a34c7c1a294387dcd4,O=C(Nc1ncccn1)NS(=O)(=O)c1ccccc1,scf_2ecd78b700d5afe2adcd,False,,scf_2ecd78b700d5afe2adcd
par_08b80a519b17b970805e,c1ccccc1,scf_13cad05ca8f49c509e5b,False,,scf_13cad05ca8f49c509e5b
par_08cd460e83c89f88a088,c1ccccc1,scf_13cad05ca8f49c509e5b,False,,scf_13cad05ca8f49c509e5b
par_08d74031e574499c53f4,,,True,acy_7b1b91336e759115eeb7,acy_7b1b91336e759115eeb7
par_08d75ff3f1f8929fd424,,,True,acy_ebca1cf57412ec58f38f,acy_ebca1cf57412ec58f38f
par_08eb4e84f3757c99f3cd,,,True,acy_f6d4b7da0409beac4724,acy_f6d4b7da0409beac4724
par_08f91d93a557e18e3e2a,,,True,acy_1c07da9b2b2a1b7957c8,acy_1c07da9b2b2a1b7957c8
par_0905347870d9c6729d61,c1ccccc1,scf_13cad05ca8f49c509e5b,False,,scf_13cad05ca8f49c509e5b
par_093472a68ac78f48f9a5,c1ccccc1,scf_13cad05ca8f49c509e5b,False,,scf_13cad05ca8f49c509e5b
par_0934dc7e9fe6746d5fa1,,,True,acy_299d97b13375f09dcb46,acy_299d97b13375f09dcb46
par_0937098a5395472bafff,,,True,acy_fc0caeb4db8e400a6f8a,acy_fc0caeb4db8e400a6f8a
par_09374fa77245646ba98d,c1ccncc1,scf_75c7a4b0b41e43900bfb,False,,scf_75c7a4b0b41e43900bfb
par_093a999d68b9c32c784c,c1c[nH]cn1,scf_5c2d4306fe1e3da2ea88,False,,scf_5c2d4306fe1e3da2ea88
par_09608b539b6fbac15636,c1ccccc1,scf_13cad05ca8f49c509e5b,False,,scf_13cad05ca8f49c509e5b
par_0968e3b228a259464788,c1ccccc1,scf_13cad05ca8f49c509e5b,False,,scf_13cad05ca8f49c509e5b
par_096aa8510b0dc13190f1,,,True,acy_7cff94075e510b1c4072,acy_7cff94075e510b1c4072
par_0973534a94a86347b657,O=C1Cc2ccccc2N1,scf_e91299b7c2286d48cbac,False,,scf_e91299b7c2286d48cbac
par_0975b6b8c1f114212c4a,,,True,acy_f2097066b862c21a1d5a,acy_f2097066b862c21a1d5a
par_0977035b6d59ca963c00,,,True,acy_dbdae54709b60499859f,acy_dbdae54709b60499859f
par_0988a735b3a7fded529a,,,True,acy_6990cff620f1f4cdba27,acy_6990cff620f1f4cdba27
par_09958a1086dd4adc09e5,c1ccccc1,scf_13cad05ca8f49c509e5b,False,,scf_13cad05ca8f49c509e5b
par_09a55a758a74d6a63cbc,C1=[NH+]c2ccc3ccccc3c2C1,scf_afd648119cb847e6d5a3,False,,scf_afd648119cb847e6d5a3
par_09b8e71853b3970bad2a,c1ccccc1,scf_13cad05ca8f49c509e5b,False,,scf_13cad05ca8f49c509e5b
par_09c82b293c3359e0ac1a,,,True,acy_998e5c9e66529feed430,acy_998e5c9e66529feed430
par_09ca51d80dd6c9440140,,,True,acy_2186f212f2d4d80c51ee,acy_2186f212f2d4d80c51ee
par_09d20d6d28cdec6f5316,,,True,acy_86ff1383a2da64d8fd15,acy_86ff1383a2da64d8fd15
par_09e41defe4a244c7056f,c1ccc(Cc2ccccc2)cc1,scf_05784e2ddd36e41751a8,False,,scf_05784e2ddd36e41751a8
par_09e4665ba5a3b14c42c7,,,True,acy_686deb78d8b21dc7f412,acy_686deb78d8b21dc7f412
par_09ea80f6b40f82738d0b,,,True,acy_3f9de57615985486f1f3,acy_3f9de57615985486f1f3
par_09f0e1e3b06521bfbf52,c1ccccc1,scf_13cad05ca8f49c509e5b,False,,scf_13cad05ca8f49c509e5b
par_09f63bc08fa9c38fe069,O=C(Nc1ccc2c(c1)C=C/C(=N/Nc1ccc(N=Nc3ccccc3)cc1)C2=O)Nc1ccc2c(c1)C=C/C(=N/Nc1ccc(N=Nc3ccccc3)cc1)C2=O,scf_77a4f2e63f8cc64ae2f5,False,,scf_77a4f2e63f8cc64ae2f5
par_09f7ae2c430eef13e7cb,c1ccccc1,scf_13cad05ca8f49c509e5b,False,,scf_13cad05ca8f49c509e5b
par_09fa7c56bcab7a6d94cf,c1ccc(-c2ccccc2)cc1,scf_27dacb226b18e24b40e3,False,,scf_27dacb226b18e24b40e3
par_09ffe106a3cc426fade4,O=C1CN=C(c2ccccc2)N1,scf_10ce4cac81f31fc8a5a0,False,,scf_10ce4cac81f31fc8a5a0
par_0a039c30e3b1381269b1,c1ccc(Cc2cc(Cc3ccccc3)cc(Cc3ccccc3)c2)cc1,scf_50bbfa5b97e988842cdd,False,,scf_50bbfa5b97e988842cdd
par_0a0693dc8cee796441d2,C1CCC(NC2CCCCC2)CC1,scf_a9ce389b4f23847291c4,False,,scf_a9ce389b4f23847291c4
par_0a114a4c46f4aac39718,,,True,acy_2acfc42f6056f2914f68,acy_2acfc42f6056f2914f68
par_0a1b14268d09757d67f0,O=C1C=Cc2ccccc2C1=O,scf_0a1b14268d09757d67f0,False,,scf_0a1b14268d09757d67f0
par_0a2a35586382b4e17011,,,True,acy_385540e3667d338d0689,acy_385540e3667d338d0689
par_0a3683626fb0595a0fb0,O=C(Nc1ccccc1)Nc1ccccc1,scf_f53c8545aaf2f2b9228f,False,,scf_f53c8545aaf2f2b9228f
par_0a39a4d3d3ef2e9dcfb4,c1ccccc1.c1ccccc1,scf_41f17138a91b62ee11b2,False,,scf_41f17138a91b62ee11b2
par_0a4775ba7f2673a69a0a,c1ccccc1,scf_13cad05ca8f49c509e5b,False,,scf_13cad05ca8f49c509e5b
par_0a4d3fb899ffe0c73f1c,c1ccccc1,scf_13cad05ca8f49c509e5b,False,,scf_13cad05ca8f49c509e5b
par_0a4fc0cff905e92fad2c,c1ccccc1,scf_13cad05ca8f49c509e5b,False,,scf_13cad05ca8f49c509e5b
par_0a61ab1dce0eb98871df,,,True,acy_3e0ea233cde1b6a6b050,acy_3e0ea233cde1b6a6b050
par_0a6be8f162d9f49f91ba,,,True,acy_9097ed4b8f49fe4b6544,acy_9097ed4b8f49fe4b6544
par_0a7b045761c9e8737ed1,c1ccc2c(c1)CCC2,scf_67b8126d52a60ce881a5,False,,scf_67b8126d52a60ce881a5
par_0a957fc46d81276340b3,c1ccccc1,scf_13cad05ca8f49c509e5b,False,,scf_13cad05ca8f49c509e5b
par_0aa631f00740abbdb6c8,C1=CC2=C(CC1)C1CCCCC1CC2,scf_b41b08afd16c1cc0d928,False,,scf_b41b08afd16c1cc0d928
par_0abcb9511503de254429,c1ccccc1,scf_13cad05ca8f49c509e5b,False,,scf_13cad05ca8f49c509e5b
par_0ad15115f0119cfb7367,c1ccc2c(c1)CCO2,scf_303cb872daee0c20fdc5,False,,scf_303cb872daee0c20fdc5
par_0afc5743742848527c47,,,True,acy_034f5d5b7ee6afa6318d,acy_034f5d5b7ee6afa6318d
par_0b02ce89b1db28d22345,c1ccc(C[NH2+]Cc2ccccc2)cc1,scf_32dceeb352f6fdeaf45a,False,,scf_32dceeb352f6fdeaf45a
par_0b0e97e70b7ef2633b30,C1CCCCC1,scf_a21c4f64dcc59dd2ede8,False,,scf_a21c4f64dcc59dd2ede8
par_0b0f2f50ec7f637d4bd5,c1ccc2c(c1)cnc1ccccc12,scf_0b0f2f50ec7f637d4bd5,False,,scf_0b0f2f50ec7f637d4bd5
par_0b139d76e8425c06050f,c1ccccc1,scf_13cad05ca8f49c509e5b,False,,scf_13cad05ca8f49c509e5b
par_0b1d2bd8fb9ac8ada767,O=C(c1ccccc1)c1ccccc1,scf_113660f6820aa1505046,False,,scf_113660f6820aa1505046
par_0b29f193347c45a80cef,c1ccccc1.c1ccccc1,scf_41f17138a91b62ee11b2,False,,scf_41f17138a91b62ee11b2
par_0b3b7d71b714ec55e220,S=[PH](Oc1ccccc1)c1ccccc1,scf_a23dc80aeefca64d7b33,False,,scf_a23dc80aeefca64d7b33
par_0b4d51b1313fc286e6d6,c1ccccc1,scf_13cad05ca8f49c509e5b,False,,scf_13cad05ca8f49c509e5b
par_0b50cd777e4749a27dea,C1CCCCC1,scf_a21c4f64dcc59dd2ede8,False,,scf_a21c4f64dcc59dd2ede8
par_0b5a453f20ddecc53e26,,,True,acy_faeea053010fd74a8623,acy_faeea053010fd74a8623
par_0b662fd81a187bd96dc4,O=C(OCC1OC(OC(=O)c2cccc(OC(=O)c3ccccc3)c2)C(OC(=O)c2cccc(OC(=O)c3ccccc3)c2)C(OC(=O)c2cccc(OC(=O)c3ccccc3)c2)C1OC(=O)c1cccc(OC(=O)c2ccccc2)c1)c1cccc(OC(=O)c2ccccc2)c1,scf_844e893173e0ba28b976,False,,scf_844e893173e0ba28b976
par_0b7d25fa1e4ebf39223e,,,True,acy_a68b842b4599b6316ac8,acy_a68b842b4599b6316ac8
par_0b9bc244a614d38ae5dc,O=C1c2ccccc2C2=Nc3cccc4cccc(c34)N12,scf_0b9bc244a614d38ae5dc,False,,scf_0b9bc244a614d38ae5dc
par_0ba2eecc5455610277ab,c1ccc2ccccc2c1,scf_a896d495b04a450b732a,False,,scf_a896d495b04a450b732a
par_0ba4ff29fe6c8a2544df,c1ccccc1,scf_13cad05ca8f49c509e5b,False,,scf_13cad05ca8f49c509e5b
par_0bae08d08c5b000e2c9b,O=c1ccc2ccccc2o1,scf_b66459934f5276fb66a7,False,,scf_b66459934f5276fb66a7
par_0bb5ac505a0a702428ee,,,True,acy_4dec81b0281976c2e49c,acy_4dec81b0281976c2e49c
par_0bb5ee5db22519ffa080,C1CCCC1,scf_8c2e3ed84f9272bb9c74,False,,scf_8c2e3ed84f9272bb9c74
par_0bcdd8b57c3b0d5f1da4,,,True,acy_3e0ea233cde1b6a6b050,acy_3e0ea233cde1b6a6b050
par_0bcde58fe7bf2f36c671,,,True,acy_13262dd6b82819327f94,acy_13262dd6b82819327f94
par_0bd87d8c910fe6492c81,,,True,acy_f9548bc32312371a97e0,acy_f9548bc32312371a97e0
par_0beb10966a42b476c083,,,True,acy_a7493589b1f3bc2cf32f,acy_a7493589b1f3bc2cf32f
par_0bf234f87fe04e4f39cf,c1ccccc1,scf_13cad05ca8f49c509e5b,False,,scf_13cad05ca8f49c509e5b
par_0bf6cf2f2fa68e3af9cd,,,True,acy_98b3360c4be9569cbc64,acy_98b3360c4be9569cbc64
par_0c0040d4ebd87ab68449,O=C1CCCCC1,scf_28ed7f4abc3f360949be,False,,scf_28ed7f4abc3f360949be
par_0c00e244966c8092fc9a,O=C1c2ccccc2C(=O)c2c(Nc3ccccc3)cccc21,scf_67e62ad7cc6ca1d7287e,False,,scf_67e62ad7cc6ca1d7287e
par_0c06fe547ebe795be393,C1CC2CCC3CCCC3(C1)C2,scf_147136e0124a830939d8,False,,scf_147136e0124a830939d8
par_0c113f0a1e63b2e886ae,,,True,acy_c41500393659e5308d69,acy_c41500393659e5308d69
par_0c2a573703ffed6975dd,,,True,acy_41b240397ce8bfd62dff,acy_41b240397ce8bfd62dff
par_0c36068097b74ff7dfcc,c1ccc(C2(c3ccccc3)CCCCC2)cc1,scf_3c1f1e4b6e48b89acccd,False,,scf_3c1f1e4b6e48b89acccd
par_0c3636279eb629432c2f,c1ccccc1,scf_13cad05ca8f49c509e5b,False,,scf_13cad05ca8f49c509e5b
par_0c414a57a26eb31c4466,,,True,acy_5cc275fb271f79deb42b,acy_5cc275fb271f79deb42b
par_0c52074a2d85c4017970,c1ccccc1,scf_13cad05ca8f49c509e5b,False,,scf_13cad05ca8f49c509e5b
par_0c5779038cd7352dbcb1,c1ccccc1,scf_13cad05ca8f49c509e5b,False,,scf_13cad05ca8f49c509e5b
par_0c5b12d987979fdcdc22,,,True,acy_0b00bb8a32289d70ca0d,acy_0b00bb8a32289d70ca0d
par_0c6967642584b438c229,O=C1Nc2ccccc2C(=O)/C1=N/Nc1ccccc1,scf_a11d9ee7c735d06098bb,False,,scf_a11d9ee7c735d06098bb
par_0c6f9d6bc0b8a46f4c07,,,True,acy_261eeacbfed6503f57f6,acy_261eeacbfed6503f57f6
par_0c844e727aeb3bed7239,,,True,acy_0d167ddda31ef4a958aa,acy_0d167ddda31ef4a958aa
par_0c860ac8661e08912593,C(=C(c1ccccc1)c1ccccc1)c1ccccc1,scf_c9ba49f8e5c7b1af6b88,False,,scf_c9ba49f8e5c7b1af6b88
par_0c8bb5ffadce070d88df,,,True,acy_7f2389da16e7cf67a543,acy_7f2389da16e7cf67a543
par_0c970bb89d6a60e5c8d4,c1ncc2ncn(C3CCCO3)c2n1,scf_268b19d0716f45fad1fd,False,,scf_268b19d0716f45fad1fd
par_0c9cebeb365f457dccf3,,,True,acy_4bb081560e1a3598b9e6,acy_4bb081560e1a3598b9e6
par_0c9f296e20a7e31ecfef,c1ccc([CH2][SnH]([CH2]c2ccccc2)[CH2]c2ccccc2)cc1,scf_d4e637674eb138e1d5f4,False,,scf_d4e637674eb138e1d5f4
par_0ca6f34c1020098be179,,,True,acy_2c8e102948cc1b06a4b7,acy_2c8e102948cc1b06a4b7
par_0cb3da86acefbb65a99c,c1ccccc1,scf_13cad05ca8f49c509e5b,False,,scf_13cad05ca8f49c509e5b
par_0cbd71764a32af4e12f0,,,True,acy_7ee2e689213bf2d18a89,acy_7ee2e689213bf2d18a89
par_0cc7b77ae1b3c2cb8b02,,,True,acy_155f5cc95a04185c928d,acy_155f5cc95a04185c928d
par_0cc9d912b7e98427c984,c1ccc2ccccc2c1,scf_a896d495b04a450b732a,False,,scf_a896d495b04a450b732a
par_0ccabdcb3d21d29e0fc7,c1ccc(-c2ccccc2)cc1,scf_27dacb226b18e24b40e3,False,,scf_27dacb226b18e24b40e3
par_0ccf63c3129106f7d025,c1ccccc1,scf_13cad05ca8f49c509e5b,False,,scf_13cad05ca8f49c509e5b
par_0ce23c92eaec715bb9f0,c1ccccc1,scf_13cad05ca8f49c509e5b,False,,scf_13cad05ca8f49c509e5b
par_0ce5e36dc18913fa103a,c1ccccc1,scf_13cad05ca8f49c509e5b,False,,scf_13cad05ca8f49c509e5b
par_0cf485bbf67f43ccf0c2,C1COCCN1,scf_f2e394232156ef1f934e,False,,scf_f2e394232156ef1f934e
par_0cf78fd55437fe8fe41b,,,True,acy_f3e35b6510489197e52a,acy_f3e35b6510489197e52a
par_0d0a6debab19fc822dbe,c1ccoc1,scf_39d2b6272e06abeff644,False,,scf_39d2b6272e06abeff644
par_0d231675ad490ada559b,,,True,acy_f2097066b862c21a1d5a,acy_f2097066b862c21a1d5a
par_0d2cc5d7f0c4694c0783,,,True,acy_2a5b2e75b4d5a842651f,acy_2a5b2e75b4d5a842651f
par_0d33d7521cbd8ff022e8,c1ccccc1,scf_13cad05ca8f49c509e5b,False,,scf_13cad05ca8f49c509e5b
par_0d37fad7c14f4836e704,c1ccc(Oc2ccccc2)cc1,scf_9affd80d02f471acfe8b,False,,scf_9affd80d02f471acfe8b
par_0d590bd5693d3be0bdf5,c1ccccc1,scf_13cad05ca8f49c509e5b,False,,scf_13cad05ca8f49c509e5b
par_0d5e052829df95aac067,,,True,acy_a704a5690f06ac5028ca,acy_a704a5690f06ac5028ca
par_0d613b60574f46132d1f,O=C(CN=Nc1ccc(-c2ccc(N=NCC(=O)Nc3ccccc3)cc2)cc1)Nc1ccccc1,scf_aca016b018f77b44e647,False,,scf_aca016b018f77b44e647
par_0d7369028fe830649934,c1ccc2c(c1)Cc1ccccc1O2,scf_0d7369028fe830649934,False,,scf_0d7369028fe830649934
par_0d74362967d64dedce30,c1ccc(CCn2cncn2)cc1.c1ccc(CCn2cncn2)cc1,scf_7bc2e07a9dba4abc6604,False,,scf_7bc2e07a9dba4abc6604
par_0d902a166080b90a5f6b,c1ccccc1,scf_13cad05ca8f49c509e5b,False,,scf_13cad05ca8f49c509e5b
par_0d98e1dd3d6a086ceaaa,c1ccccc1,scf_13cad05ca8f49c509e5b,False,,scf_13cad05ca8f49c509e5b
par_0da07a54d052e1a1c1a3,,,True,acy_b0ff7776ef69b4beb11b,acy_b0ff7776ef69b4beb11b
par_0da7dcac1ae7586e233d,,,True,acy_02d3c252cb9b05c81215,acy_02d3c252cb9b05c81215
par_0daf063d74dcdbca3451,,,True,acy_df4b586b051cd315dae4,acy_df4b586b051cd315dae4
par_0db335bd1dce202e590f,c1ccccc1.c1ccccc1,scf_41f17138a91b62ee11b2,False,,scf_41f17138a91b62ee11b2
par_0dbcb48fd322b6152942,O=P(Oc1ccccc1)(Oc1ccccc1)Oc1cccc(-c2ccccc2)c1,scf_b75bfff5b3519594e58b,False,,scf_b75bfff5b3519594e58b
par_0dd00e43d4c8ba9b1b53,c1ccccc1,scf_13cad05ca8f49c509e5b,False,,scf_13cad05ca8f49c509e5b
par_0dd4c70b8c41354820d9,O=C1CNC(=O)CNC(=O)C(CC2C=NC=N2)NC(=O)C(Cc2ccccc2)NC(=O)CNC(=O)CNC(=O)C(NC(=O)CNC(=O)CNC(=O)CNC(=O)C2CSC=N2)CCCCN1,scf_aff78800d635c2013bd4,False,,scf_aff78800d635c2013bd4
par_0ddab701b7725f07771b,,,True,acy_a7259b709e5fe9057d9f,acy_a7259b709e5fe9057d9f
par_0de47cbc72eab393210f,c1ccccc1,scf_13cad05ca8f49c509e5b,False,,scf_13cad05ca8f49c509e5b
par_0df247450e0367d499e5,O=C1c2ccccc2C(=O)c2ccccc21,scf_f0c6b09cfc7aa95a3893,False,,scf_f0c6b09cfc7aa95a3893
par_0e02347958b040b60d0d,,,True,acy_92d2bc4673baecac3258,acy_92d2bc4673baecac3258
par_0e043a8312e6e38d914e,O=C(CCc1ccccc1)NNC(=O)CCc1ccccc1,scf_b1d082a0bbb2d1e9d985,False,,scf_b1d082a0bbb2d1e9d985
par_0e094bedc77c861c5f97,c1ncnc(Nc2ncncn2)n1,scf_893e891dbee5bc50b31c,False,,scf_893e891dbee5bc50b31c
par_0e0c00073ee7c4311924,C=C1CCCCC1=O,scf_1e86afdb173a42418f86,False,,scf_1e86afdb173a42418f86
par_0e1a415bf2fb244c02d2,,,True,acy_abe512d73ab8b1f1f16b,acy_abe512d73ab8b1f1f16b
par_0e1eca7a9ca73eb7f501,O=C1OC2(C=C1c1ccccc1)CCCC2,scf_462a12406c35d52beb8f,False,,scf_462a12406c35d52beb8f
par_0e339d6f44300661f004,,,True,acy_8600fed94d263dd0c2fb,acy_8600fed94d263dd0c2fb
par_0e36a26919566acec6b8,O=c1c2ccc3cccc4c(=O)c5ccc6cccc1c6c5-c2c34,scf_d796f06e9b6118940734,False,,scf_d796f06e9b6118940734
par_0e3d578a4f233e836e7d,c1ccc2ccccc2c1,scf_a896d495b04a450b732a,False,,scf_a896d495b04a450b732a
par_0e4b14a4dcc0aada97bb,,,True,acy_7fdd2664d01ab4b30430,acy_7fdd2664d01ab4b30430
par_0e4b5094daebc8771e2f,,,True,acy_c1ecd93968030ff682bd,acy_c1ecd93968030ff682bd
par_0e4f9b888e67c2904095,,,True,acy_9f1076ea8bd2dacf327d,acy_9f1076ea8bd2dacf327d
par_0e5b85e03bd6c35acc96,,,True,acy_9741abb83c0dd809bd08,acy_9741abb83c0dd809bd08
par_0e5e83016f7aee4bef9c,,,True,acy_fe60411dfbd9460f384f,acy_fe60411dfbd9460f384f
par_0e66e07cc6929cbc68fc,O=c1cc[nH]c(=O)[nH]1,scf_b24478a8f1b2baad976d,False,,scf_b24478a8f1b2baad976d
par_0e844c58101c8d4a065f,,,True,acy_5ccd6cb836a22fe34d44,acy_5ccd6cb836a22fe34d44
par_0e8a5ebce8cee5b9a0d7,c1ccccc1,scf_13cad05ca8f49c509e5b,False,,scf_13cad05ca8f49c509e5b
par_0e90f4b841e5ab7f6193,C1C2CC3C1C3C2,scf_fdea1c1b07eb12bd5997,False,,scf_fdea1c1b07eb12bd5997
par_0e941345d9b188357f54,c1ccccc1,scf_13cad05ca8f49c509e5b,False,,scf_13cad05ca8f49c509e5b
par_0ea0b3b0ccb0414b069d,c1ccccc1,scf_13cad05ca8f49c509e5b,False,,scf_13cad05ca8f49c509e5b
par_0eac4fe7cdd4bdc2e68f,C1CCC(N[SiH](NC2CCCCC2)NC2CCCCC2)CC1,scf_d20ad0c747b932ef98a2,False,,scf_d20ad0c747b932ef98a2
par_0eda331491483fb10496,O=C1CC2C(CC3C4CC(OC5CCCCC5)CC4CCC23)C(=O)CC(OC2CCCCO2)CCCCO1,scf_72772deff240a37a583f,False,,scf_72772deff240a37a583f
par_0ede24208892f07684d0,c1ccc2c(c1)CC[C@H]1CCCCC21,scf_60c751778c2e8f0977a2,False,,scf_60c751778c2e8f0977a2
par_0ee2849500b354bbcb46,,,True,acy_40ac447629c61e4b17e3,acy_40ac447629c61e4b17e3
par_0eeca5b836b6dfd7fe02,c1ccc(-c2ccccc2)cc1,scf_27dacb226b18e24b40e3,False,,scf_27dacb226b18e24b40e3
par_0eed0fe475f2014bf56a,,,True,acy_d98ffbc82452e3254dcf,acy_d98ffbc82452e3254dcf
par_0eed68670081ab3d8529,c1ccc2c(c1)CCc1ccccc1N2,scf_b45882b9927c27a6e9f2,False,,scf_b45882b9927c27a6e9f2
par_0eeeebf9b0505adb87b0,c1ccccc1,scf_13cad05ca8f49c509e5b,False,,scf_13cad05ca8f49c509e5b
par_0f08a5901a7f148500bc,c1ccc(-c2ccc(-c3ccccc3)cc2)cc1,scf_eee78afb54bb95a71d06,False,,scf_eee78afb54bb95a71d06
par_0f1111070b0fb3cc0205,,,True,acy_aa018c0f745e66678b31,acy_aa018c0f745e66678b31
par_0f17ec491a5544c37968,,,True,acy_cfb7928e8597c6b6e6a1,acy_cfb7928e8597c6b6e6a1
par_0f23f54d08d17636bfd2,O=S1OCC2C3C=CC(C3)C2CO1,scf_edcc65fdea6c5272ad61,False,,scf_edcc65fdea6c5272ad61
par_0f3197d2facdee70081f,,,True,acy_465d7c426c437bb17370,acy_465d7c426c437bb17370
par_0f36559660774e000e03,c1ccccc1,scf_13cad05ca8f49c509e5b,False,,scf_13cad05ca8f49c509e5b
par_0f46934dde72d6b57c0e,O=C1CCCCO1,scf_96c652d8ab2e5765fb8d,False,,scf_96c652d8ab2e5765fb8d
par_0f4f7894ccc4cf5013dc,c1ccccc1,scf_13cad05ca8f49c509e5b,False,,scf_13cad05ca8f49c509e5b
par_0f581661fa0792543f12,c1ccccc1,scf_13cad05ca8f49c509e5b,False,,scf_13cad05ca8f49c509e5b
par_0f5a231bb1f7abc9b22a,O=C1CCC(=O)C1,scf_39cdb27120e29ea724e9,False,,scf_39cdb27120e29ea724e9
par_0f5ecad992c2b53b8692,c1ccccc1,scf_13cad05ca8f49c509e5b,False,,scf_13cad05ca8f49c509e5b
par_0f62717144386598eea4,,,True,acy_a5d1b1d4caf5d77ab7ef,acy_a5d1b1d4caf5d77ab7ef
par_0f63daf1f3b590ac41ab,O=C1OC(=O)c2cc(Oc3ccc4c(c3)C(=O)OC4=O)ccc21,scf_0f63daf1f3b590ac41ab,False,,scf_0f63daf1f3b590ac41ab
par_0f67ed453da8f0c0a838,,,True,acy_83aaf117681bf1b3e51c,acy_83aaf117681bf1b3e51c
par_0f7224070dd6664933d7,,,True,acy_709ef2c2f61672a1adfb,acy_709ef2c2f61672a1adfb
par_0f893371bd1a869d5d73,c1ccc2c(c1)Cc1ccccc1-2,scf_2360397c02f47e5bcade,False,,scf_2360397c02f47e5bcade
par_0f930c18d66b38601947,,,True,acy_9a4e26a30e6fe9a9a749,acy_9a4e26a30e6fe9a9a749
par_0f9b847a4dae1ff76beb,c1ccccc1,scf_13cad05ca8f49c509e5b,False,,scf_13cad05ca8f49c509e5b
par_0f9c7b63316c9270d281,O=c1cc[nH]c(=O)[nH]1,scf_b24478a8f1b2baad976d,False,,scf_b24478a8f1b2baad976d
par_0f9e27df77344a44e3ad,[O]1[Pb][O][Pb]2[O][Pb]1[O]2,scf_0f9e27df77344a44e3ad,False,,scf_0f9e27df77344a44e3ad
par_0fb1d6b86e8de272c88b,C1CCCCC1,scf_a21c4f64dcc59dd2ede8,False,,scf_a21c4f64dcc59dd2ede8
par_0fb5dd9e4e54fde50726,,,True,acy_77578ba81170c597a4d8,acy_77578ba81170c597a4d8
par_0fb917294b9267898cbe,,,True,acy_f2097066b862c21a1d5a,acy_f2097066b862c21a1d5a
par_0fc281f37a948fc498eb,c1ccccc1,scf_13cad05ca8f49c509e5b,False,,scf_13cad05ca8f49c509e5b
par_0fc9fd20a3c3e956a2eb,C1CCCC1,scf_8c2e3ed84f9272bb9c74,False,,scf_8c2e3ed84f9272bb9c74
par_0fdb49f18e0ea0b1dc1d,c1ccc(COc2ccc3ccccc3c2)cc1,scf_0fdb49f18e0ea0b1dc1d,False,,scf_0fdb49f18e0ea0b1dc1d
par_0fdef94b77cd7b1e198b,,,True,acy_dc61823f9472fe6d3e90,acy_dc61823f9472fe6d3e90
par_0fe75f470155d287d906,c1ccccc1,scf_13cad05ca8f49c509e5b,False,,scf_13cad05ca8f49c509e5b
par_0ff39fbabeb007e714ed,c1ccccc1,scf_13cad05ca8f49c509e5b,False,,scf_13cad05ca8f49c509e5b
par_0ffb92b075cb1c29ae6a,O=C(Nc1ccccc1)Nc1ccccc1.O=c1nccc[nH]1,scf_53d2b5ccd51bc48dc1d3,False,,scf_53d2b5ccd51bc48dc1d3
par_1001e789564418a59f32,O=C1C=C2CC[C@@H]3[C@H](CCC4CCC[C@H]43)[C@H]2CC1,scf_98885b26ca5b7dfe8acb,False,,scf_98885b26ca5b7dfe8acb
par_1006b38fd6dd49d3ea79,,,True,acy_db7b13465b872275a2cc,acy_db7b13465b872275a2cc
par_1008d7eabf1f748c826a,c1ccc2ncccc2c1,scf_a8daf8c5800683abd84e,False,,scf_a8daf8c5800683abd84e
par_101751e239fa9c5b7bc1,,,True,acy_1de26f55f78fb6d9f41f,acy_1de26f55f78fb6d9f41f
par_10256aa25d0d767ca742,c1ccccc1,scf_13cad05ca8f49c509e5b,False,,scf_13cad05ca8f49c509e5b
par_102b1872bffb3f47640f,c1ccccc1,scf_13cad05ca8f49c509e5b,False,,scf_13cad05ca8f49c509e5b
par_10363538cc7368297f8c,N=C(c1ccccc1)c1ccccc1,scf_10363538cc7368297f8c,False,,scf_10363538cc7368297f8c
par_10391ef9e932c1cc35e0,c1ccc(OCCCCCCOc2ccccc2)cc1,scf_95b0cc0d704fcc9d4763,False,,scf_95b0cc0d704fcc9d4763
par_10503c436b355f1ce684,O=C1C=CC(=NNc2ccc(S(=O)(=O)Nc3ccccn3)cc2)C=C1,scf_c2263e3016d07289878d,False,,scf_c2263e3016d07289878d
par_1055486cf18e57223dad,c1ccccc1,scf_13cad05ca8f49c509e5b,False,,scf_13cad05ca8f49c509e5b
par_105d43bc8ed9f55a0f25,,,True,acy_f3e35b6510489197e52a,acy_f3e35b6510489197e52a
par_1065adf7e0da08be7ff8,c1ccccc1,scf_13cad05ca8f49c509e5b,False,,scf_13cad05ca8f49c509e5b
par_1066b139805ebe2a9457,,,True,acy_14ebf689aba39182d162,acy_14ebf689aba39182d162
par_1080797aa1cd4863a1ef,C1=CCCCC1,scf_fe8528cff2dfdfccb743,False,,scf_fe8528cff2dfdfccb743
par_1080d12ce73f6f7b5094,C(=Cc1ccccc1)C1=[NH+]c2ccccc2C1,scf_6e95e51986fc9341f3a2,False,,scf_6e95e51986fc9341f3a2
par_10889c001808f9982e33,c1ccccc1,scf_13cad05ca8f49c509e5b,False,,scf_13cad05ca8f49c509e5b
par_108aeb0fbbdfd9e64041,c1ncncn1,scf_89055dbbabf38236f98e,False,,scf_89055dbbabf38236f98e
par_108f43e7535106686146,,,True,acy_f2097066b862c21a1d5a,acy_f2097066b862c21a1d5a
par_1095b942d335a4ed77f2,c1ccccc1,scf_13cad05ca8f49c509e5b,False,,scf_13cad05ca8f49c509e5b
par_1099aa1c4d70ba35c723,,,True,acy_0d167ddda31ef4a958aa,acy_0d167ddda31ef4a958aa
par_109c8fe7581a48e0e442,c1ccccc1,scf_13cad05ca8f49c509e5b,False,,scf_13cad05ca8f49c509e5b
par_10a91420e161f71e900d,,,True,acy_1aaf3044603eed7fda1a,acy_1aaf3044603eed7fda1a
par_10b091be48f37ff57122,,,True,acy_02d3c252cb9b05c81215,acy_02d3c252cb9b05c81215
par_10be16bd398bc83ec9ef,c1ccccc1,scf_13cad05ca8f49c509e5b,False,,scf_13cad05ca8f49c509e5b
par_10bf3cb04e831136b760,C1CO1,scf_59b1a7b29b6a5f8bc1b8,False,,scf_59b1a7b29b6a5f8bc1b8
par_10cad58d142bfbf9651a,,,True,acy_f4512bff978fcbe6a2d9,acy_f4512bff978fcbe6a2d9
par_10ce1c6816c15bb87900,c1ccccc1,scf_13cad05ca8f49c509e5b,False,,scf_13cad05ca8f49c509e5b
par_10d2a5fe9f6977c7dcff,,,True,acy_770187ee129bd1395438,acy_770187ee129bd1395438
par_10d6428f43d5f7b67a55,,,True,acy_8f7ae74ab695c003fcbf,acy_8f7ae74ab695c003fcbf
par_10dd4ecf9a751d9fa53a,c1nnc[n-]1,scf_10dd4ecf9a751d9fa53a,False,,scf_10dd4ecf9a751d9fa53a
par_10dfc94fc5aed1f851c7,C1CO1,scf_59b1a7b29b6a5f8bc1b8,False,,scf_59b1a7b29b6a5f8bc1b8
par_10dfcf93d96d3d49864b,,,True,acy_8f0c2958d7b1e7d1f117,acy_8f0c2958d7b1e7d1f117
par_10e21bac6900ecd27400,c1ccccc1,scf_13cad05ca8f49c509e5b,False,,scf_13cad05ca8f49c509e5b
par_10e49fd0740d78d72077,C1CCC(NC2CCCCC2)CC1,scf_a9ce389b4f23847291c4,False,,scf_a9ce389b4f23847291c4
par_10e7111ffd4819c135b7,c1ccccc1,scf_13cad05ca8f49c509e5b,False,,scf_13cad05ca8f49c509e5b
par_10ed63108da7fff9cfff,O=C(OCc1ccccc1)c1ccccc1,scf_10ed63108da7fff9cfff,False,,scf_10ed63108da7fff9cfff
par_10f8b062dfee31b70517,c1ccccc1,scf_13cad05ca8f49c509e5b,False,,scf_13cad05ca8f49c509e5b
par_10fa9f467d7eaad80827,c1ccccc1,scf_13cad05ca8f49c509e5b,False,,scf_13cad05ca8f49c509e5b
par_110f15223a8bcde3c179,C1CC2CCC1CO2,scf_4286029b63a0014cad5c,False,,scf_4286029b63a0014cad5c
par_11120ddd9bb0ff81f4de,O=C(OCc1cccc(Oc2ccccc2)c1)C1CC1,scf_dd5d192b016bdf3547cd,False,,scf_dd5d192b016bdf3547cd
par_1129829cbbc88b8c8bb3,c1ccccc1,scf_13cad05ca8f49c509e5b,False,,scf_13cad05ca8f49c509e5b
par_11308ba773d8c0b58d8c,,,True,acy_0fe55a8639e23f811746,acy_0fe55a8639e23f811746
par_113660f6820aa1505046,O=C(c1ccccc1)c1ccccc1,scf_113660f6820aa1505046,False,,scf_113660f6820aa1505046
par_1148a0939d018589260a,C=C1CC2CCC1C2,scf_d8273ede8b27353622ad,False,,scf_d8273ede8b27353622ad
par_1159732b94001fa52cdf,c1ccc(C(c2ccccc2)c2cncnc2)cc1,scf_60476023c8e8b027c704,False,,scf_60476023c8e8b027c704
par_115c28bb8500d2812ce0,c1ccc(C2CCOC2)cc1,scf_144b2d266e0a0747bdc8,False,,scf_144b2d266e0a0747bdc8
par_11659afcd212d4025152,c1ccccc1,scf_13cad05ca8f49c509e5b,False,,scf_13cad05ca8f49c509e5b
par_11805ac7c6fd5c2436be,c1ccccc1,scf_13cad05ca8f49c509e5b,False,,scf_13cad05ca8f49c509e5b
par_11b73c69ce386cd984b3,c1ccccc1,scf_13cad05ca8f49c509e5b,False,,scf_13cad05ca8f49c509e5b
par_11bae16e20a8c31219a5,,,True,acy_974f05c629f0e08ca0b4,acy_974f05c629f0e08ca0b4
par_11c6eff78241055464ac,,,True,acy_9f761ab34e8c83bdad65,acy_9f761ab34e8c83bdad65
par_11c7a4d96467128b12ee,c1ccc(COCc2ccccc2)cc1,scf_11c7a4d96467128b12ee,False,,scf_11c7a4d96467128b12ee
par_11cfcbc910db91f464cf,,,True,acy_a8406607a6a5ad8a8184,acy_a8406607a6a5ad8a8184
par_11e64dab64a009d4569c,,,True,acy_00eaa94ddbb4b09cdbd9,acy_00eaa94ddbb4b09cdbd9
par_12043132cebf25d8c361,C1=C[C@H]2O[C@]23CC[C@H]2[C@@H]4CCCC4CC[C@@H]2C3C1,scf_a7dffc9a6fde59f01017,False,,scf_a7dffc9a6fde59f01017
par_1204ee1c5e560553f23b,C1CCCCC1,scf_a21c4f64dcc59dd2ede8,False,,scf_a21c4f64dcc59dd2ede8
par_1220e8c704d5dac43338,,,True,acy_f48fef94aa9341af9c58,acy_f48fef94aa9341af9c58
par_123302d4566255e2b5a1,,,True,acy_6def4988485feb7ba48f,acy_6def4988485feb7ba48f
par_124201f683bb5078d369,O=S(=O)(Nc1cnc2ccccc2n1)c1ccccc1,scf_7988aa9c26e861cd00c4,False,,scf_7988aa9c26e861cd00c4
par_12485232f33702a46ca2,O=C1CCc2cccc3c2N1CC3,scf_12485232f33702a46ca2,False,,scf_12485232f33702a46ca2
par_12598eb8f15b3df74172,O=C(Nc1ccccc1)c1ccccc1,scf_46dbe06a66c3ecbfaeeb,False,,scf_46dbe06a66c3ecbfaeeb
par_127e64593acc20803749,c1ccccc1,scf_13cad05ca8f49c509e5b,False,,scf_13cad05ca8f49c509e5b
par_127e99ccd04bd9b70108,,,True,acy_e346760bbb82f4bd0698,acy_e346760bbb82f4bd0698
par_127f9d2f62ac67905e67,,,True,acy_9097ed4b8f49fe4b6544,acy_9097ed4b8f49fe4b6544
par_129259ef446bca398375,c1ccccc1,scf_13cad05ca8f49c509e5b,False,,scf_13cad05ca8f49c509e5b
par_129dc49ef4ab93f0d7cf,c1cc[n+]2c(c1)-c1cccc[n+]1CC2,scf_129dc49ef4ab93f0d7cf,False,,scf_129dc49ef4ab93f0d7cf
par_12a1c31e054e03aa0607,,,True,acy_c76eb6e60b6e68cc1ce8,acy_c76eb6e60b6e68cc1ce8
par_12a29f79965f2ff13358,c1ccccc1,scf_13cad05ca8f49c509e5b,False,,scf_13cad05ca8f49c509e5b
par_12b3c3e726d401a69168,O=C1CCCCC1,scf_28ed7f4abc3f360949be,False,,scf_28ed7f4abc3f360949be
par_12b6a456d6e8407821f8,,,True,acy_3b2c6d7417d77242a99c,acy_3b2c6d7417d77242a99c
par_12c1967ce40e0dd47ede,,,True,acy_6dc158e2e65eb0a253a0,acy_6dc158e2e65eb0a253a0
par_12d01942ddcb603dac30,,,True,acy_00f5699d1e744caac8dc,acy_00f5699d1e744caac8dc
par_12df8c204ed1fc189c87,c1ccccc1,scf_13cad05ca8f49c509e5b,False,,scf_13cad05ca8f49c509e5b
par_12ff41f3abe227d44477,c1ccccc1,scf_13cad05ca8f49c509e5b,False,,scf_13cad05ca8f49c509e5b
par_1306e199a732d86e9089,c1ccccc1,scf_13cad05ca8f49c509e5b,False,,scf_13cad05ca8f49c509e5b
par_130a1cc95ea866741044,c1ccccc1.c1ccccc1,scf_41f17138a91b62ee11b2,False,,scf_41f17138a91b62ee11b2
par_130a2906d52af78e6b93,,,True,acy_b662a6ab0fbb9ea5d79b,acy_b662a6ab0fbb9ea5d79b
par_131f27f98184b13fc92d,c1ccccc1,scf_13cad05ca8f49c509e5b,False,,scf_13cad05ca8f49c509e5b
par_132cda677c8e060ca702,O=C(CN1CCOCC1)c1ccccc1,scf_26e927d6a1c78f3814df,False,,scf_26e927d6a1c78f3814df
par_1338ff7b2aac524f6134,,,True,acy_0b216cf125588ee8c28f,acy_0b216cf125588ee8c28f
par_133a93b35da477cf884b,,,True,acy_e5b95792e9d210f270cd,acy_e5b95792e9d210f270cd
par_133ecfd3b41fc17311f6,O=C1NC(=O)/C(=N\Nc2ccc(NC(=O)c3ccc(N/N=C4/C=C([n+]5ccccc5)C(=O)NC4=O)cc3)cc2)C=C1[n+]1ccccc1,scf_10e54758c79ceff4b5eb,False,,scf_10e54758c79ceff4b5eb
par_13519f2980e801c2eb2e,C1CCOCC1,scf_e0a38598de1d53573ce8,False,,scf_e0a38598de1d53573ce8
par_13630bf7085590268f67,O=C1CCCC(=O)C1,scf_d21ccf9a47b080d22cfc,False,,scf_d21ccf9a47b080d22cfc
par_13672ddc6a2b368faa95,O=C(Nc1ccccc1)C1=Cc2ccccc2/C(=N/Nc2cccc(C(=O)Nc3ccccc3)c2)C1=O.O=C(Nc1ccccc1)C1=Cc2ccccc2/C(=N/Nc2cccc(C(=O)Nc3ccccc3)c2)C1=O,scf_ae7deb3b9c2f91a101f9,False,,scf_ae7deb3b9c2f91a101f9
par_136e0478ee878ef07c98,c1ccncc1,scf_75c7a4b0b41e43900bfb,False,,scf_75c7a4b0b41e43900bfb
par_13749732008b16858dec,O=c1[nH]c2ccccc2s1,scf_9bbfea241d30a91489f7,False,,scf_9bbfea241d30a91489f7
par_13762268579e6c670c1f,O=C1C=CC=C/C1=C/NCCN/C=C1/C=CC=CC1=O,scf_daa6841095c66a1bf94c,False,,scf_daa6841095c66a1bf94c
par_13900aa9bf18a330e568,,,True,acy_f2097066b862c21a1d5a,acy_f2097066b862c21a1d5a
par_139765536cd358fb8dee,,,True,acy_6e38077b51b4d5b6e94b,acy_6e38077b51b4d5b6e94b
par_139f41ddb42a3ffc6736,c1ccc(CNc2ccc([C+](c3ccccc3)c3ccc(NCc4ccccc4)cc3)cc2)cc1,scf_27bf039ffc3dce58b4ea,False,,scf_27bf039ffc3dce58b4ea
par_13be04c36ad41cfb3897,,,True,acy_cfcc0afd0ba8d56cc2d9,acy_cfcc0afd0ba8d56cc2d9
par_13bf8d98184c79dd7e4e,,,True,acy_f2097066b862c21a1d5a,acy_f2097066b862c21a1d5a
par_13cad05ca8f49c509e5b,c1ccccc1,scf_13cad05ca8f49c509e5b,False,,scf_13cad05ca8f49c509e5b
par_13d505a69666748b6310,C1COB(OCCCOB2OCCCO2)OC1,scf_674489ee96ad9cde6500,False,,scf_674489ee96ad9cde6500
par_13d73461a64c22762d6c,c1ccccc1,scf_13cad05ca8f49c509e5b,False,,scf_13cad05ca8f49c509e5b
par_13ff1667a70913ecbd80,c1ccccc1,scf_13cad05ca8f49c509e5b,False,,scf_13cad05ca8f49c509e5b
par_1402cde49050679b29f5,,,True,acy_949163e16a142602865f,acy_949163e16a142602865f
par_140ea8efdbb8597e4927,c1ccc(-c2nn[nH]n2)c(-c2ccc(Cn3cnc4ccccc43)cc2)c1,scf_9b1479df0369a13f6e25,False,,scf_9b1479df0369a13f6e25
par_141750e46ee3318fc605,c1ccc2c(c1)CC[C@H]1CCCCC21,scf_60c751778c2e8f0977a2,False,,scf_60c751778c2e8f0977a2
par_141f9b79545c089753b3,,,True,acy_69c13bb4aea3eaa7b9fc,acy_69c13bb4aea3eaa7b9fc
par_142adc43aea2e2db184e,c1ccc2[nH+]cccc2c1.c1ccc2[nH+]cccc2c1,scf_efe3e13a4fbea099ee65,False,,scf_efe3e13a4fbea099ee65
par_142e15d40218c2c00f67,,,True,acy_adc4c62b179fa60f47ba,acy_adc4c62b179fa60f47ba
par_1445922ad59e076dcca6,c1ccccc1,scf_13cad05ca8f49c509e5b,False,,scf_13cad05ca8f49c509e5b
par_144dace895a3ffc12ef4,c1ccncc1,scf_75c7a4b0b41e43900bfb,False,,scf_75c7a4b0b41e43900bfb
par_147265f76ee837fc9327,O=c1oc2ccccc2cc1-c1nc2ccccc2[nH]1,scf_57975987e94cad0db308,False,,scf_57975987e94cad0db308
par_147b5117943d59a64c9d,,,True,acy_756f802c929d2237a626,acy_756f802c929d2237a626
par_148ad1e821bfcfaf3fe4,,,True,acy_cc8add8e8173fafb47e6,acy_cc8add8e8173fafb47e6
par_14a8ea03413127e10259,,,True,acy_02d3c252cb9b05c81215,acy_02d3c252cb9b05c81215
par_14b9f3b296be36a42f1c,,,True,acy_9a4e26a30e6fe9a9a749,acy_9a4e26a30e6fe9a9a749
par_14c2c5f941d7b00c765b,,,True,acy_31f7f7f678fdda2688d2,acy_31f7f7f678fdda2688d2
par_14c352dd47c899737bf1,,,True,acy_469cb6ebc3a6338719b6,acy_469cb6ebc3a6338719b6
par_14c6583519af1beda428,O=C(NCc1ccccc1)c1ccn[nH]1,scf_ca3b3df777878acf2741,False,,scf_ca3b3df777878acf2741
par_14d1d46860538e7ec715,O=C(Nc1ccccc1)c1ccc2ccccc2c1,scf_0aa8beecae37d3094ea7,False,,scf_0aa8beecae37d3094ea7
par_14deb9f40aa3fed755cf,O=c1ccc2c(-c3ccccc3)c3ccccc3oc-2c1,scf_c4f3d20e66d27733617c,False,,scf_c4f3d20e66d27733617c
par_14e1e956f683f5055424,,,True,acy_a04448b0abe2c6cd88b2,acy_a04448b0abe2c6cd88b2
par_14ede2473b58c64999e9,,,True,acy_aac9ed3f1aa13097f2e4,acy_aac9ed3f1aa13097f2e4
par_14f1a12a55f1567e9f7d,C=C1C2CC3CC(C2)CC1C3,scf_bdab5a4eefb27f59fd3b,False,,scf_bdab5a4eefb27f59fd3b
par_14f2f1656b4501b09a15,,,True,acy_dd790dc4d7cf776dfde8,acy_dd790dc4d7cf776dfde8
par_150b6a42df836b8edb18,,,True,acy_92867795a1766c58f1aa,acy_92867795a1766c58f1aa
par_1514baf43bc28c301825,,,True,acy_570a212330d8ac7aab1d,acy_570a212330d8ac7aab1d
par_15199a7798d6e73fd428,c1cc2c3c(c[nH]c3c1)C[C@H]1NCCCC21,scf_8b6fba9f44d9c51cbb29,False,,scf_8b6fba9f44d9c51cbb29
par_153a49f247202e65933b,c1ccc(N=Nc2cnn(-c3ccccc3)c2)cc1,scf_1877d530aaf95b67d2a6,False,,scf_1877d530aaf95b67d2a6
par_1551ddd241085af45d5a,,,True,acy_0fe55a8639e23f811746,acy_0fe55a8639e23f811746
par_1556d9e59de737bd2246,C1CCOC1,scf_92623ccd36bc322bf260,False,,scf_92623ccd36bc322bf260
par_155e4156e552ee8973b7,,,True,acy_c59288a568dd2b06aa45,acy_c59288a568dd2b06aa45
par_156a021b8c7580287702,,,True,acy_7f2d63746439a0ace0e9,acy_7f2d63746439a0ace0e9
par_156ae9bdbf867f38e027,,,True,acy_9aa1b24558e08fa1b62a,acy_9aa1b24558e08fa1b62a
par_159488fd3a0edba30381,,,True,acy_4dda0495913e01148535,acy_4dda0495913e01148535
par_15a141d6df76bd856c93,C1CCCCC1,scf_a21c4f64dcc59dd2ede8,False,,scf_a21c4f64dcc59dd2ede8
par_15a636d0b75d85a81489,c1ccccc1,scf_13cad05ca8f49c509e5b,False,,scf_13cad05ca8f49c509e5b
par_15ab885252f86a16d355,,,True,acy_bbd4a6de44121238b95c,acy_bbd4a6de44121238b95c
par_15ac53981c9773947d58,,,True,acy_f30942fad09b9a9858cd,acy_f30942fad09b9a9858cd
par_15b4f91387c364418d39,,,True,acy_56ecf40745393b002e94,acy_56ecf40745393b002e94
par_15bab1f4e41a14bdb364,C1CCCCC1,scf_a21c4f64dcc59dd2ede8,False,,scf_a21c4f64dcc59dd2ede8
par_15c1b2af7cdc948de740,,,True,acy_9c085123fea4d39b4c34,acy_9c085123fea4d39b4c34
par_15c841dff8407a197a8b,,,True,acy_1e74a7a6d5194f4f202f,acy_1e74a7a6d5194f4f202f
par_15d90199d62020634afe,O=c1c2ccccc2nc(-n2cncn2)n1-c1ccccc1,scf_0266a7eb70005ba789de,False,,scf_0266a7eb70005ba789de
par_15da48960ee4532427b7,,,True,acy_8ce74cf8386007e25185,acy_8ce74cf8386007e25185
par_15e238171bfd30ffc6cc,,,True,acy_0d167ddda31ef4a958aa,acy_0d167ddda31ef4a958aa
par_15e34d6dc78ce5644704,c1ccccc1,scf_13cad05ca8f49c509e5b,False,,scf_13cad05ca8f49c509e5b
par_15f4b7cf432036dfa088,S=c1nc[nH]c(=S)[nH]1,scf_ad9ae3ec07d044980b5d,False,,scf_ad9ae3ec07d044980b5d
par_15f7eebc4dbd7b8e693e,O=C(Nc1ccccc1)Oc1ccccc1,scf_e01909f9c04ec4b41f13,False,,scf_e01909f9c04ec4b41f13
par_160929b956bafa380a2e,c1ccc(-c2ccccc2)cc1,scf_27dacb226b18e24b40e3,False,,scf_27dacb226b18e24b40e3
par_161b7fd751f0259fb4ed,,,True,acy_46eff71ea0e43330f606,acy_46eff71ea0e43330f606
par_161bfccc4509884d232e,,,True,acy_02d3c252cb9b05c81215,acy_02d3c252cb9b05c81215
par_162017916326f3ecb965,,,True,acy_666e74fe9f2e51a8211c,acy_666e74fe9f2e51a8211c
par_16285e3eba132d16b1ba,,,True,acy_162bae533afc5ed67fb8,acy_162bae533afc5ed67fb8
par_16293f74312b29b1f33b,c1ccccc1,scf_13cad05ca8f49c509e5b,False,,scf_13cad05ca8f49c509e5b
par_1652cd10f3a2c02a5303,O=C1NC(=O)c2ccc3c4c2c1ccc4c(=O)n1c2ccccc2nc31,scf_3b960f6b709f1052d3b3,False,,scf_3b960f6b709f1052d3b3
par_165816e8a504a508de1b,O=C(c1ccccc1)P(=O)(C(=O)c1ccccc1)c1ccccc1,scf_9f51f37ea443a38aeb7c,False,,scf_9f51f37ea443a38aeb7c
par_165b8f5a012b614a92b2,c1ccc2ncccc2c1,scf_a8daf8c5800683abd84e,False,,scf_a8daf8c5800683abd84e
par_165cd7ac5d472ad7b2e1,,,True,acy_f268c8d97933ae9f45c4,acy_f268c8d97933ae9f45c4
par_165ff3171701892aabbf,O1[SiH2]O[SiH2]O[SiH2]O[SiH2]1,scf_5559912ed1bc2b7e1567,False,,scf_5559912ed1bc2b7e1567
par_1663d96089694a39f6e5,c1ccccc1,scf_13cad05ca8f49c509e5b,False,,scf_13cad05ca8f49c509e5b
par_166c66a33a6431e28088,C1CC2C3CCC(C3)C2C1,scf_9a420f6df288969a3ffc,False,,scf_9a420f6df288969a3ffc
par_166cf1e433bb286ecaa0,,,True,acy_f3e35b6510489197e52a,acy_f3e35b6510489197e52a
par_167ea0c4ffd33b9c8478,,,True,acy_80e36ce3de3867c0ece1,acy_80e36ce3de3867c0ece1
par_167f81eadb2451324ad6,,,True,acy_f000a3595dd3f09bea8a,acy_f000a3595dd3f09bea8a
par_169075cfd2c61e05c153,c1ccccc1,scf_13cad05ca8f49c509e5b,False,,scf_13cad05ca8f49c509e5b
par_1691e538e2f4688a1022,,,True,acy_dac9c694586cffbae419,acy_dac9c694586cffbae419
par_169f0980847482bf918d,c1ccccc1,scf_13cad05ca8f49c509e5b,False,,scf_13cad05ca8f49c509e5b
par_16bee71661ca4a64532b,,,True,acy_6ad2bb5f8740e83ba9e9,acy_6ad2bb5f8740e83ba9e9
par_16c4c33c97706f5d4fc2,,,True,acy_eca51dad727fc62a759e,acy_eca51dad727fc62a759e
par_16d75f66e86c44813c09,,,True,acy_f4ec69931f87d5068b89,acy_f4ec69931f87d5068b89
par_16dc01cdd45155aeb2c5,,,True,acy_adb3caceb963978226aa,acy_adb3caceb963978226aa
par_16e0d407a494973df178,,,True,acy_0f36f5827f8046be21ac,acy_0f36f5827f8046be21ac
par_16e624e04e781e7d382f,O=C1C=C2CC[C@H]3[C@@H]4CCCC4CC[C@@H]3C2CC1,scf_02f9fbcd400f7be38003,False,,scf_02f9fbcd400f7be38003
par_1717cdf2cb3cce6b00d9,c1ccccc1,scf_13cad05ca8f49c509e5b,False,,scf_13cad05ca8f49c509e5b
par_171ec6c01f8be96e88f9,,,True,acy_264ce0ab74e5d2f41820,acy_264ce0ab74e5d2f41820
par_172b44bb1a987a386c8b,,,True,acy_c06104727904e6f6e8af,acy_c06104727904e6f6e8af
par_173c0af7f13c0c2ecb06,,,True,acy_41b240397ce8bfd62dff,acy_41b240397ce8bfd62dff
par_173f44b3b47e51f2012f,,,True,acy_9eae4619043c48c0c109,acy_9eae4619043c48c0c109
par_17434cef31bf25798e0c,c1ccccc1,scf_13cad05ca8f49c509e5b,False,,scf_13cad05ca8f49c509e5b
par_175274de8b53f3a0231d,c1ccccc1,scf_13cad05ca8f49c509e5b,False,,scf_13cad05ca8f49c509e5b
par_175f024395509626b986,C1=CCCCC1,scf_fe8528cff2dfdfccb743,False,,scf_fe8528cff2dfdfccb743
par_17612623e56ef0d1c112,O=C1CCC(=O)c2ccccc21,scf_6af9738a16c9599b32c3,False,,scf_6af9738a16c9599b32c3
par_1768fd8ddc6c82fdfae1,,,True,acy_a111893b93d8aceb62a2,acy_a111893b93d8aceb62a2
par_177cdb9d9229ebc504f2,c1ccc(N=Nc2ccccc2)cc1,scf_782452139c6e50ec94b3,False,,scf_782452139c6e50ec94b3
par_17842a206ad9b1429c03,c1ncncn1,scf_89055dbbabf38236f98e,False,,scf_89055dbbabf38236f98e
par_178de82fe02fb22b9ab6,O=c1c2ccccc2c(=O)c2c1ccc1[nH]c3c(ccc4c(=O)c5ccccc5c(=O)c43)[nH]c12,scf_178de82fe02fb22b9ab6,False,,scf_178de82fe02fb22b9ab6
par_17a41f5c2f93953239ee,,,True,acy_92d2bc4673baecac3258,acy_92d2bc4673baecac3258
par_17b80bc751e1f35c75d6,,,True,acy_f2097066b862c21a1d5a,acy_f2097066b862c21a1d5a
par_17ed6bee63c0abde3d5b,,,True,acy_c66fd80fbe01d9de0884,acy_c66fd80fbe01d9de0884
par_17fe6278b91dcfbea9a5,c1ccc(N=Nc2cccc3ccccc23)cc1,scf_979c2f8290ce1c302e89,False,,scf_979c2f8290ce1c302e89
par_180dc576c753dc3f818b,,,True,acy_b4b895d2f3a53319c325,acy_b4b895d2f3a53319c325
par_1814d1192cce0be83f82,O=S(Cc1ccccc1)Cc1ccccc1,scf_1814d1192cce0be83f82,False,,scf_1814d1192cce0be83f82
par_181a337edfdda5d0a0ef,c1ccc(Oc2ccccc2)cc1,scf_9affd80d02f471acfe8b,False,,scf_9affd80d02f471acfe8b
par_1821bdba14bd1f24f230,O=[N+]([N-]c1ccccc1)c1ccccc1,scf_1821bdba14bd1f24f230,False,,scf_1821bdba14bd1f24f230
par_1824f764a88ddd93ec96,O=C1C(=O)c2ccccc2-c2ccccc21,scf_1824f764a88ddd93ec96,False,,scf_1824f764a88ddd93ec96
par_182e9876862c050414bf,C1=CCCCC1,scf_fe8528cff2dfdfccb743,False,,scf_fe8528cff2dfdfccb743
par_183ccfbb2e5ac2197aea,O=C(Nc1ccccc1)C(=O)Nc1ccccc1,scf_82284f8ec3961867038b,False,,scf_82284f8ec3961867038b
par_183f93974d43aef2faa9,c1ccccc1,scf_13cad05ca8f49c509e5b,False,,scf_13cad05ca8f49c509e5b
par_184c4d8b8ea298a01ba3,,,True,acy_bc7ed085bfea3ea32edf,acy_bc7ed085bfea3ea32edf
par_18507ce8e5018d3c5da2,,,True,acy_4c844021ef6822073a62,acy_4c844021ef6822073a62
par_18579f79246162329329,c1ccccc1,scf_13cad05ca8f49c509e5b,False,,scf_13cad05ca8f49c509e5b
par_185939191510408a5217,c1ccc(-c2cccc(-c3ccccc3)n2)cc1,scf_185939191510408a5217,False,,scf_185939191510408a5217
par_1859cb4d4a729e93f5bc,c1ccccc1,scf_13cad05ca8f49c509e5b,False,,scf_13cad05ca8f49c509e5b
par_1862b5012f3c016ec747,,,True,acy_41b240397ce8bfd62dff,acy_41b240397ce8bfd62dff
par_1866f24f79073cf52f25,c1ccccc1,scf_13cad05ca8f49c509e5b,False,,scf_13cad05ca8f49c509e5b
par_18773aedc4cdc264dbc6,C1=CCCCC1,scf_fe8528cff2dfdfccb743,False,,scf_fe8528cff2dfdfccb743
par_18798de5f2edca8dc6c6,c1ccccc1,scf_13cad05ca8f49c509e5b,False,,scf_13cad05ca8f49c509e5b
par_187b0e6897c2d54c8970,c1cc[c]([Sn][c]2ccccc2)cc1,scf_0b3aac3a39932c50c230,False,,scf_0b3aac3a39932c50c230
par_187c9de6598204e3d91f,C1CCCCC1,scf_a21c4f64dcc59dd2ede8,False,,scf_a21c4f64dcc59dd2ede8
par_1884087bae62de2d0746,c1ccccc1,scf_13cad05ca8f49c509e5b,False,,scf_13cad05ca8f49c509e5b
par_18859495cedc6fe73ee7,c1ccccc1,scf_13cad05ca8f49c509e5b,False,,scf_13cad05ca8f49c509e5b
par_188942c82ad95038c2ff,c1ccc2c(N=Nc3cccc4ccccc34)cccc2c1.c1ccc2c(N=Nc3cccc4ccccc34)cccc2c1,scf_409802e13d9d8e6a154d,False,,scf_409802e13d9d8e6a154d
par_188a599d74416a7021a6,c1ccccc1,scf_13cad05ca8f49c509e5b,False,,scf_13cad05ca8f49c509e5b
par_188fdf082547a433b679,,,True,acy_9d85ff69c349a8a519ef,acy_9d85ff69c349a8a519ef
par_1892b0300a35a7e0ec55,O=C1CC[C@@H]2C1CC[C@@H]1C3CCCCC3CC[C@@H]21,scf_84194ab3d17bb41ac622,False,,scf_84194ab3d17bb41ac622
par_189720c4c4ca30d5a9c7,O=C(Nc1ccn(C2CCC(COC(c3ccccc3)(c3ccccc3)c3ccccc3)O2)c(=O)n1)c1ccccc1,scf_80d5c36d1959b82f970f,False,,scf_80d5c36d1959b82f970f
par_189ba35b8996a6f1ee2c,c1ccc(Oc2ccccc2)cc1,scf_9affd80d02f471acfe8b,False,,scf_9affd80d02f471acfe8b
par_18b00dc071d4c66ee06f,,,True,acy_9523ab04b10fac7f2e1f,acy_9523ab04b10fac7f2e1f
par_18b0e30c89a96b9f14dc,c1ncc2[nH]cnc2n1,scf_7bb936febc81b3a75af4,False,,scf_7bb936febc81b3a75af4
par_18c2ad891092465b75ba,O=C1c2cccc(Sc3ccccc3)c2C(=O)c2c(Sc3ccccc3)cccc21,scf_18c2ad891092465b75ba,False,,scf_18c2ad891092465b75ba
par_18cc1afc9daa59b6d16f,O=S1(=O)NCNc2ccccc21,scf_0e4a133631de78cc94e6,False,,scf_0e4a133631de78cc94e6
par_18d199e3999365e010b0,c1cc[nH]c1,scf_f996e37e5a4b42fbc524,False,,scf_f996e37e5a4b42fbc524
par_18d773be90d895cb61f1,c1ccc([C+](c2ccccc2)c2ccccc2)cc1,scf_f5b1800ae20f7fd460d1,False,,scf_f5b1800ae20f7fd460d1
par_18d9c31a65c36a2bdb5c,,,True,acy_911ed64c68c866b4e76a,acy_911ed64c68c866b4e76a
par_18dbdcf4eac4f7684730,c1ccccc1,scf_13cad05ca8f49c509e5b,False,,scf_13cad05ca8f49c509e5b
par_18dfbeebe58608aca381,c1ccccc1,scf_13cad05ca8f49c509e5b,False,,scf_13cad05ca8f49c509e5b
par_18e530cf5e70ed7d847b,S=C1NCCN1,scf_18e530cf5e70ed7d847b,False,,scf_18e530cf5e70ed7d847b
par_18f3f79660ae6f6f6c50,,,True,acy_fd02b0cd65f7f801f7e6,acy_fd02b0cd65f7f801f7e6
par_18faa52789967a0885ca,c1ccccc1,scf_13cad05ca8f49c509e5b,False,,scf_13cad05ca8f49c509e5b
par_18fbf8f418058213932f,O=C1CCC(=O)N1C1CCNCC1,scf_431a76a19c6cbea4f5e5,False,,scf_431a76a19c6cbea4f5e5
par_190e1a314bd69c79101a,C1=CC=CCC=C1,scf_190e1a314bd69c79101a,False,,scf_190e1a314bd69c79101a
par_191952588f9d2d48f250,c1cc[c]([SnH]([c]2ccccc2)[c]2ccccc2)cc1,scf_ab22ab55703fb1b49ad1,False,,scf_ab22ab55703fb1b49ad1
par_1920f1290b6092d69e75,c1ccccc1,scf_13cad05ca8f49c509e5b,False,,scf_13cad05ca8f49c509e5b
par_1923433f1fa6f4d31d3c,,,True,acy_69e4102116373480130d,acy_69e4102116373480130d
par_1932ffdd872110f5e3cb,,,True,acy_3d9024ccbda31d692e24,acy_3d9024ccbda31d692e24
par_193583dd9596d11021d1,c1ccccc1,scf_13cad05ca8f49c509e5b,False,,scf_13cad05ca8f49c509e5b
par_19363afa6fbd35ce7f10,c1ccccc1,scf_13cad05ca8f49c509e5b,False,,scf_13cad05ca8f49c509e5b
par_1943e021a790f7300657,c1ccc(Oc2cnc3ccccc3n2)cc1,scf_1c3ce9d8c7a50f462203,False,,scf_1c3ce9d8c7a50f462203
par_194e6745c0c3311fb02e,,,True,acy_5ccd6cb836a22fe34d44,acy_5ccd6cb836a22fe34d44
par_195ded81bb58d4bdd60d,,,True,acy_40806e41353fd5c0ecc1,acy_40806e41353fd5c0ecc1
par_19657f5939f702cb104e,,,True,acy_d731d91393648b1529a1,acy_d731d91393648b1529a1
par_19662deba6aba83ee59d,c1ccc2ccccc2c1,scf_a896d495b04a450b732a,False,,scf_a896d495b04a450b732a
par_1967df0ee1feffd85252,c1ccccc1,scf_13cad05ca8f49c509e5b,False,,scf_13cad05ca8f49c509e5b
par_1977b733c08869e17069,,,True,acy_dbdae54709b60499859f,acy_dbdae54709b60499859f
par_197da78cb4c4e1634eb9,c1ccccc1,scf_13cad05ca8f49c509e5b,False,,scf_13cad05ca8f49c509e5b
par_1981867693ac6b894b3d,,,True,acy_f751a7a07ceff8bdb285,acy_f751a7a07ceff8bdb285
par_198bc5cb20bf819e509d,c1ccc(CCn2cncn2)cc1,scf_ebc726e7f6b50dd016b3,False,,scf_ebc726e7f6b50dd016b3
par_198f9e8e79cd92d703be,,,True,acy_c08610e3b77d33482697,acy_c08610e3b77d33482697
par_19a08fb93a79c267e9b7,,,True,acy_f3e35b6510489197e52a,acy_f3e35b6510489197e52a
par_19a185c079f5f71548a8,c1ccc(N=Nc2[nH]cc[nH+]2)cc1,scf_274619578b40931512b7,False,,scf_274619578b40931512b7
par_19aade61e32c9d66f2bd,c1ccc(Cc2ccccc2)cc1,scf_05784e2ddd36e41751a8,False,,scf_05784e2ddd36e41751a8
par_19ae2317ce913a0dd094,c1ccccc1,scf_13cad05ca8f49c509e5b,False,,scf_13cad05ca8f49c509e5b
par_19bde7944f48eb53516b,O=S(=O)(Nc1ccno1)c1ccccc1,scf_22b67ee3bd60ed7c8b42,False,,scf_22b67ee3bd60ed7c8b42
par_19ca8ff8904c5619db45,c1ccccc1,scf_13cad05ca8f49c509e5b,False,,scf_13cad05ca8f49c509e5b
par_19cbaa5f5509cb2299b9,O=C1NS(=O)(=O)Nc2ccccc21,scf_9f44fa4a5a404a39eb71,False,,scf_9f44fa4a5a404a39eb71
par_19e1e53315e457bd8c75,S=c1nc[nH]n1CC(Cc1ccccc1)C1CC1,scf_2e8fa01d71f9572d5d3e,False,,scf_2e8fa01d71f9572d5d3e
par_19e73e4152d6e87efdd2,O=C1CCCCCCCCCCCC(=O)OCCO1,scf_19e73e4152d6e87efdd2,False,,scf_19e73e4152d6e87efdd2
par_19eee57aba092abf8180,,,True,acy_75cc5e32ee4b4ca0f63f,acy_75cc5e32ee4b4ca0f63f
par_19f0750207989b77aeca,,,True,acy_c4e3368da58342b62d8f,acy_c4e3368da58342b62d8f
par_1a0068be2d2336a15fc5,,,True,acy_9ef9a8d113ffdd961098,acy_9ef9a8d113ffdd961098
par_1a026df0d0976b372c68,c1ccccc1,scf_13cad05ca8f49c509e5b,False,,scf_13cad05ca8f49c509e5b
par_1a0f38aa9bcb8cc011e5,,,True,acy_b84891e289fc3b69dd46,acy_b84891e289fc3b69dd46
par_1a149d4cfb3e1aa0ba0c,c1ccccc1,scf_13cad05ca8f49c509e5b,False,,scf_13cad05ca8f49c509e5b
par_1a190ab40c663520617f,O=S1c2ccccc2-c2ccccc21,scf_1a190ab40c663520617f,False,,scf_1a190ab40c663520617f
par_1a268629e46e3d5c1b8e,,,True,acy_84512184a85e17112f01,acy_84512184a85e17112f01
par_1a361a50b05e23f35daa,c1ccccc1,scf_13cad05ca8f49c509e5b,False,,scf_13cad05ca8f49c509e5b
par_1a3946df5147db060ef8,C1CC[C@H]2C3C4C[C@H]2C(C1)C43,scf_4d16397df122a1b8c96a,False,,scf_4d16397df122a1b8c96a
par_1a3cfb98cf17d74341c0,c1ccccc1,scf_13cad05ca8f49c509e5b,False,,scf_13cad05ca8f49c509e5b
par_1a57e48d097305fcb921,O=c1cc[nH]c2cc(N3CCNCC3)ccc12,scf_72b6dbe132ea8f343f85,False,,scf_72b6dbe132ea8f343f85
par_1a61818dd2c80b747703,c1ccccc1,scf_13cad05ca8f49c509e5b,False,,scf_13cad05ca8f49c509e5b
par_1a7b7d0e06d4e7a4854c,c1ccccc1,scf_13cad05ca8f49c509e5b,False,,scf_13cad05ca8f49c509e5b
par_1a87d9ed460a4f8c6a28,,,True,acy_71b0a68a22d4dcc41f84,acy_71b0a68a22d4dcc41f84
par_1a8cb80d7d31664a03a2,c1ncncn1,scf_89055dbbabf38236f98e,False,,scf_89055dbbabf38236f98e
par_1aa1ca021de45314cbbb,c1ccccc1,scf_13cad05ca8f49c509e5b,False,,scf_13cad05ca8f49c509e5b
par_1aa621b1d38a32c6c49a,c1ccccc1,scf_13cad05ca8f49c509e5b,False,,scf_13cad05ca8f49c509e5b
par_1aa73e1313b880ad64ec,,,True,acy_ee07133a741f35a2bdde,acy_ee07133a741f35a2bdde
par_1ab2bcde9e4f411e3de7,O=P(Oc1ccccc1)(Oc1ccccc1)Oc1ccccc1.O=[PH](Oc1ccccc1)Oc1ccccc1,scf_0779a7163a718f5d5019,False,,scf_0779a7163a718f5d5019
par_1ab5212917da36f94696,C1CCCCC1,scf_a21c4f64dcc59dd2ede8,False,,scf_a21c4f64dcc59dd2ede8
par_1ab624d4fca4dd6ed601,O=c1ccs[nH]1.O=c1ccs[nH]1,scf_b555eb70d48dd3bd7e6b,False,,scf_b555eb70d48dd3bd7e6b
par_1ab86b040f7f63146822,c1ccccc1,scf_13cad05ca8f49c509e5b,False,,scf_13cad05ca8f49c509e5b
par_1ab9a8d85c9c7b97f81c,c1ccccc1,scf_13cad05ca8f49c509e5b,False,,scf_13cad05ca8f49c509e5b
par_1ac7794f0ccd069811f9,,,True,acy_ea8d59f7a845f049ded8,acy_ea8d59f7a845f049ded8
par_1aed356bbde242a2f98b,,,True,acy_783e44322b0a4ba81f7e,acy_783e44322b0a4ba81f7e
par_1b2015ceb75b72f1f487,c1ccncc1,scf_75c7a4b0b41e43900bfb,False,,scf_75c7a4b0b41e43900bfb
par_1b23611be8400179cca5,c1ccccc1,scf_13cad05ca8f49c509e5b,False,,scf_13cad05ca8f49c509e5b
par_1b2624b55a61fc574d2a,,,True,acy_3c25ad7146223ade1147,acy_3c25ad7146223ade1147
par_1b29b45541c6755db1c8,c1ccc(OCOc2ccccc2)cc1,scf_5cec9c9db76cdcf63959,False,,scf_5cec9c9db76cdcf63959
par_1b2af43fd20d2fc9aba7,c1ccccc1,scf_13cad05ca8f49c509e5b,False,,scf_13cad05ca8f49c509e5b
par_1b30fa730623cdf2eba1,,,True,acy_1473c0408cca4a8c0492,acy_1473c0408cca4a8c0492
par_1b542154ef0c94d9f1d5,O=C(c1ccccc1)c1ccccc1,scf_113660f6820aa1505046,False,,scf_113660f6820aa1505046
par_1b57bfbe6fe48b086bc4,,,True,acy_6d94f1a7bf864154ab07,acy_6d94f1a7bf864154ab07
par_1b6848e279151dd90330,C(=C/c1ccc(Nc2ncnc(Nc3ccccc3)n2)cc1)\c1ccc(Nc2ncnc(Nc3ccccc3)n2)cc1,scf_972d42ee79710c79e0ac,False,,scf_972d42ee79710c79e0ac
par_1b6bc597bdd3dd0265c0,c1ccccc1,scf_13cad05ca8f49c509e5b,False,,scf_13cad05ca8f49c509e5b
par_1b6bdce5fff02014b1a3,,,True,acy_258ebe7f6f68499ed0cd,acy_258ebe7f6f68499ed0cd
par_1b854761059a571f2d60,,,True,acy_32a8b125fad05ee6b8c9,acy_32a8b125fad05ee6b8c9
par_1b9ba310c49e3fde6f82,c1ccccc1,scf_13cad05ca8f49c509e5b,False,,scf_13cad05ca8f49c509e5b
par_1b9ff57c10050502dfa2,,,True,acy_41a1e012e2f4662c6b26,acy_41a1e012e2f4662c6b26
par_1bc2cd618af5df539f83,,,True,acy_465d7c426c437bb17370,acy_465d7c426c437bb17370
par_1bf4a7808a9d5fb3c836,c1ccc2c(c1)NCCO2,scf_db2e208d628a8b7cb8bf,False,,scf_db2e208d628a8b7cb8bf
par_1c04641662dcec0137b1,,,True,acy_fa7301db13e51047bd83,acy_fa7301db13e51047bd83
par_1c0bc2c1e937a16d354a,c1ccccc1,scf_13cad05ca8f49c509e5b,False,,scf_13cad05ca8f49c509e5b
par_1c2df09b1c3073b1ab7d,O=C(OCc1coc(Cc2ccccc2)c1)C1CC1C=C1CCCC1,scf_13f25e59be2770ba24a0,False,,scf_13f25e59be2770ba24a0
par_1c3b75100ea5bce7276a,c1ccccc1,scf_13cad05ca8f49c509e5b,False,,scf_13cad05ca8f49c509e5b
par_1c4f336aed56186ed67a,c1ccccc1,scf_13cad05ca8f49c509e5b,False,,scf_13cad05ca8f49c509e5b
par_1c510e4f7937c9f42d57,,,True,acy_bd7888e40306b269d0c6,acy_bd7888e40306b269d0c6
par_1c552051be5a7065d54f,c1ccc(Nc2ccccn2)cc1,scf_b1208d019a3397f0e427,False,,scf_b1208d019a3397f0e427
par_1c630126d6e0e5e34368,c1ccccc1,scf_13cad05ca8f49c509e5b,False,,scf_13cad05ca8f49c509e5b
par_1c6bf38c87bfa511ad40,C1=CCCCC1,scf_fe8528cff2dfdfccb743,False,,scf_fe8528cff2dfdfccb743
par_1c7e867465496ea2e5df,c1ccc2c(c1)sc1ccccc12,scf_1c7e867465496ea2e5df,False,,scf_1c7e867465496ea2e5df
par_1c807d11d5fd24a50f7e,c1ccccc1,scf_13cad05ca8f49c509e5b,False,,scf_13cad05ca8f49c509e5b
par_1c835a80127c660f6c5b,c1ccccc1,scf_13cad05ca8f49c509e5b,False,,scf_13cad05ca8f49c509e5b
par_1c89018b60bfe74b7a94,S=C(SSSSSSC(=S)N1CCCCC1)N1CCCCC1,scf_1c89018b60bfe74b7a94,False,,scf_1c89018b60bfe74b7a94
par_1c8e386ef9396f6a0b01,,,True,acy_b9ddd305afd3e6a9d2ca,acy_b9ddd305afd3e6a9d2ca
par_1ca7bb3e70c27bbcf915,c1ccccc1,scf_13cad05ca8f49c509e5b,False,,scf_13cad05ca8f49c509e5b
par_1cb689ad74aafe8931d1,,,True,acy_50b0385f9dbe32b95d42,acy_50b0385f9dbe32b95d42
par_1cce8b82356246c64bd5,,,True,acy_37f834ae33f6c99cd099,acy_37f834ae33f6c99cd099
par_1cd93ce94648705afb76,,,True,acy_c289fc9d388a3dc97b56,acy_c289fc9d388a3dc97b56
par_1ce3276e54b4b9973f1c,,,True,acy_96c78d8f7e48064844b2,acy_96c78d8f7e48064844b2
par_1ce56159fb3801663d33,C(=NNc1ccccc1)C1=[NH+]c2ccccc2C1,scf_2d23f0f54b12734cb61f,False,,scf_2d23f0f54b12734cb61f
par_1cfa642320f3f3fdfbf2,c1ccccc1,scf_13cad05ca8f49c509e5b,False,,scf_13cad05ca8f49c509e5b
par_1d1204c876ba2642467c,,,True,acy_b84891e289fc3b69dd46,acy_b84891e289fc3b69dd46
par_1d1637111995fd01e0ee,,,True,acy_7d448e77e2d36df522c5,acy_7d448e77e2d36df522c5
par_1d2037339ce4dee6fd05,c1ccc(OCn2ccnc2)cc1,scf_bf59ad4d5ad953f65bf9,False,,scf_bf59ad4d5ad953f65bf9
par_1d2b15dfe671ef2cfebc,c1ccccc1,scf_13cad05ca8f49c509e5b,False,,scf_13cad05ca8f49c509e5b
par_1d3586743ea6e01cd30e,O=c1ccn(C2CC2)c2cc(N3CCCC3)ccc12,scf_a7d897641ce8aaee21e2,False,,scf_a7d897641ce8aaee21e2
par_1d4a0da2286c52e47457,c1ncc2ncn([C@H]3CCCO3)c2n1,scf_1bb36845ed48f48af02b,False,,scf_1bb36845ed48f48af02b
par_1d4c1923b0ecff4053b8,,,True,acy_5666dc37bc522ab56517,acy_5666dc37bc522ab56517
par_1d593c064b391c3fddf5,O=C(OCc1cccc(Oc2ccccc2)c1)C1CC1,scf_dd5d192b016bdf3547cd,False,,scf_dd5d192b016bdf3547cd
par_1d5c523ea0eb0b38db98,c1ccccc1,scf_13cad05ca8f49c509e5b,False,,scf_13cad05ca8f49c509e5b
par_1d8e500db0576487fff0,c1ccc(Oc2ccccc2)cc1,scf_9affd80d02f471acfe8b,False,,scf_9affd80d02f471acfe8b
par_1d998d6dbbeb0028b2a3,,,True,acy_6224cc83136db292dcf3,acy_6224cc83136db292dcf3
par_1d9f358fa4009c5ae0cd,O=C1C(N=Nc2ccc(-c3ccc(N=NC4C=NN(c5ccccc5)C4=O)cc3)cc2)C=NN1c1ccccc1,scf_be2766ac200e0d586400,False,,scf_be2766ac200e0d586400
par_1da282fa3acd88f5859e,O=C(OCc1ccccc1)c1ccccc1,scf_10ed63108da7fff9cfff,False,,scf_10ed63108da7fff9cfff
par_1da854b3da1e89fa74b3,c1ccccc1,scf_13cad05ca8f49c509e5b,False,,scf_13cad05ca8f49c509e5b
par_1da8a13d88c5628a38dd,c1ccccc1,scf_13cad05ca8f49c509e5b,False,,scf_13cad05ca8f49c509e5b
par_1dad0754d995c20e4852,c1ncncn1,scf_89055dbbabf38236f98e,False,,scf_89055dbbabf38236f98e
par_1dc1447fade491530ccb,C1=C[C@H]2C[C@@H](C1)C2,scf_dbd3dae02b0d56e7b62c,False,,scf_dbd3dae02b0d56e7b62c
par_1dc15535e6665f7b9e94,,,True,acy_0aba73d52a4e2e6c3524,acy_0aba73d52a4e2e6c3524
par_1dce5e47545252d8c333,c1ccccc1,scf_13cad05ca8f49c509e5b,False,,scf_13cad05ca8f49c509e5b
par_1dcff1daf54905a48e2c,c1ccccc1,scf_13cad05ca8f49c509e5b,False,,scf_13cad05ca8f49c509e5b
par_1dd2808bb6bb4b118f38,C1CC2CCC1C2,scf_8decb4ecd7f11859f828,False,,scf_8decb4ecd7f11859f828
par_1dde76d7ed660537eb31,c1ccccc1,scf_13cad05ca8f49c509e5b,False,,scf_13cad05ca8f49c509e5b
par_1e044044fa0929e2b6b8,c1ccccc1.c1ncncn1,scf_68522ce611aedc24637a,False,,scf_68522ce611aedc24637a
par_1e0abf78953775c0134f,,,True,acy_89b5124cf05ccdaeec8a,acy_89b5124cf05ccdaeec8a
par_1e1caaf18ed55dbf6b84,O=C1COC(=O)CO1,scf_5967b93168c12275dd66,False,,scf_5967b93168c12275dd66
par_1e1cf5fd863e6381fc14,C1=CC2C3C=CC(C3)C2C1,scf_f17354c378e47218766a,False,,scf_f17354c378e47218766a
par_1e2de123eba11a1270c0,O=C(OCc1cccc(Oc2ccccc2)c1)C1CC1,scf_dd5d192b016bdf3547cd,False,,scf_dd5d192b016bdf3547cd
par_1e37e2bf0692633d9ce2,,,True,acy_1c69de9d76e88c9e83fc,acy_1c69de9d76e88c9e83fc
par_1e3c6615c9fc32e102a0,,,True,acy_7b1b91336e759115eeb7,acy_7b1b91336e759115eeb7
par_1e403a33165ecc65a419,c1ccccc1,scf_13cad05ca8f49c509e5b,False,,scf_13cad05ca8f49c509e5b
par_1e406612c8cfe833bedc,O=c1c(O[C@H]2CC[C@H](O[C@@H]3CCCCO3)[C@@H](CO[C@H]3CCCCO3)O2)c(-c2ccccc2)oc2ccccc12,scf_df66f877ddd433375c78,False,,scf_df66f877ddd433375c78
par_1e451e1e8542b4461768,c1ccccc1,scf_13cad05ca8f49c509e5b,False,,scf_13cad05ca8f49c509e5b
par_1e520130459dfcef8f8a,,,True,acy_dbdae54709b60499859f,acy_dbdae54709b60499859f
par_1e520322221e4813cc4a,c1ccccc1,scf_13cad05ca8f49c509e5b,False,,scf_13cad05ca8f49c509e5b
par_1e6fc792ac7623df9729,c1ccccc1,scf_13cad05ca8f49c509e5b,False,,scf_13cad05ca8f49c509e5b
par_1e7cf917cc7041070447,,,True,acy_711847bbe61fca2bb782,acy_711847bbe61fca2bb782
par_1e8882bd0b593e59b05d,,,True,acy_52e3232b825c9951d3ae,acy_52e3232b825c9951d3ae
par_1e9d54ca9ad206204fe2,,,True,acy_59865311a31d96932cd2,acy_59865311a31d96932cd2
par_1ea98b6395e7bfaab0a2,c1ccccc1,scf_13cad05ca8f49c509e5b,False,,scf_13cad05ca8f49c509e5b
par_1eb76ec9ce803d0c8970,,,True,acy_3e0ea233cde1b6a6b050,acy_3e0ea233cde1b6a6b050
par_1eb825ddea38d07b9405,,,True,acy_f449c0fa3d22ffb0cfc4,acy_f449c0fa3d22ffb0cfc4
par_1eb8349f99d01a18087a,,,True,acy_9b510eb8cbc3f9acbdac,acy_9b510eb8cbc3f9acbdac
par_1ed419b425d1fc66404a,c1ncc2[nH]cnc2n1,scf_7bb936febc81b3a75af4,False,,scf_7bb936febc81b3a75af4
par_1ed872dda6437030e9ba,,,True,acy_61f21b93cc6141ae86e4,acy_61f21b93cc6141ae86e4
par_1ee12d0cfe40bf37b94d,O=C1CCC[C@@H](CC[C@H]2CC=CC3=CCCC[C@@H]32)O1,scf_a668ec0ddf62fc2ff50d,False,,scf_a668ec0ddf62fc2ff50d
par_1ee72134fb67ad14d6a5,c1ccccc1,scf_13cad05ca8f49c509e5b,False,,scf_13cad05ca8f49c509e5b
par_1eed41922ece6033ba19,c1ccccc1,scf_13cad05ca8f49c509e5b,False,,scf_13cad05ca8f49c509e5b
par_1eee3ce48b7723e7f25e,c1ccc([C@@H]2O[C@]2(Cn2cncn2)c2ccccc2)cc1,scf_ee96e411c88fa4c8370b,False,,scf_ee96e411c88fa4c8370b
par_1ef31f665a14e1a4660c,,,True,acy_d731d91393648b1529a1,acy_d731d91393648b1529a1
par_1f0b22809ca4241b4b69,c1ccccc1,scf_13cad05ca8f49c509e5b,False,,scf_13cad05ca8f49c509e5b
par_1f0e20a188d6d38f0457,,,True,acy_465d7c426c437bb17370,acy_465d7c426c437bb17370
par_1f127c33a15545d5a2df,,,True,acy_1015eec6eb4d5a037d0b,acy_1015eec6eb4d5a037d0b
par_1f180e02df39221416d5,,,True,acy_51331778582b5fc78434,acy_51331778582b5fc78434
par_1f242ba441983414b254,O=C(OCc1cccc(Oc2ccccc2)c1)C1CC1,scf_dd5d192b016bdf3547cd,False,,scf_dd5d192b016bdf3547cd
par_1f2b9b2374f5788fb3bf,c1ccccc1,scf_13cad05ca8f49c509e5b,False,,scf_13cad05ca8f49c509e5b
par_1f310d04b3eab3c70772,O=P(c1ccccc1)(c1ccccc1)c1ccccc1,scf_1f310d04b3eab3c70772,False,,scf_1f310d04b3eab3c70772
par_1f36fe6ae1f465862c77,c1ccccc1,scf_13cad05ca8f49c509e5b,False,,scf_13cad05ca8f49c509e5b
par_1f3a1eb859a669cad21d,c1ccccc1,scf_13cad05ca8f49c509e5b,False,,scf_13cad05ca8f49c509e5b
par_1f3d47dacc1a19a5efa2,,,True,acy_7b4afe2d4a2cdae38b16,acy_7b4afe2d4a2cdae38b16
par_1f42c3f3b0b482dc90ca,c1ccccc1,scf_13cad05ca8f49c509e5b,False,,scf_13cad05ca8f49c509e5b
par_1f69a635607dee9496ab,C1=CCCCC1,scf_fe8528cff2dfdfccb743,False,,scf_fe8528cff2dfdfccb743
par_1f6e17f209ee6aefc5dd,,,True,acy_f3e35b6510489197e52a,acy_f3e35b6510489197e52a
par_1f6f6bd7ef6c94434a28,c1ccccc1,scf_13cad05ca8f49c509e5b,False,,scf_13cad05ca8f49c509e5b
par_1f78cd4fe3b644fd7114,c1ccccc1,scf_13cad05ca8f49c509e5b,False,,scf_13cad05ca8f49c509e5b
par_1f8629f67f88295dc014,c1ccccc1,scf_13cad05ca8f49c509e5b,False,,scf_13cad05ca8f49c509e5b
par_1f92e4b4fca63f697099,,,True,acy_d21f0845767c349f97f1,acy_d21f0845767c349f97f1
par_1f9591c340f8ed85a6c1,,,True,acy_6aabaaadb03854eaafcb,acy_6aabaaadb03854eaafcb
par_1fa264f942810746934a,,,True,acy_84e24336daf0130a8626,acy_84e24336daf0130a8626
par_1fa9df05ee07b5bb37e9,c1cncnc1,scf_a3ad2a5dcc41ff79865e,False,,scf_a3ad2a5dcc41ff79865e
par_1faeed5d1eaf75fb412f,O=C1C=CC(OC(=O)C2CC2)C1,scf_1916a763346554ff3ecf,False,,scf_1916a763346554ff3ecf
par_1fd67314196d28890040,,,True,acy_4f14f876fdf5d856232a,acy_4f14f876fdf5d856232a
par_1fdacf357b97660e177e,O=C1O[C@H]2C[C@@H](C/C=C/[C@@H](O[C@H]3CC[C@@H](O[C@H]4CCCCO4)CO3)C/C=C/C=C3\CO[C@@H]4CC=C[C@@H]1C34)O[C@@]1(CCCCO1)C2.O=C1O[C@H]2C[C@@H](CC=C[C@@H](O[C@H]3CC[C@@H](O[C@H]4CCCCO4)CO3)C/C=C/C=C3\CO[C@@H]4CC=C[C@@H]1C34)O[C@@]1(CCCCO1)C2,scf_e1f5d71a331a56a1f4e1,False,,scf_e1f5d71a331a56a1f4e1
par_1fe237150573827ee8ff,c1ccc2c(Cc3cccc4ccccc34)cccc2c1,scf_eaf580823b168ab84b2d,False,,scf_eaf580823b168ab84b2d
par_1fe76a84e8e6397e679f,,,True,acy_7d686fadec5993fa44da,acy_7d686fadec5993fa44da
par_1fecc2bb0a8b83a33ec5,c1ccccc1,scf_13cad05ca8f49c509e5b,False,,scf_13cad05ca8f49c509e5b
par_1ff5b9385f006f7996ad,c1ccc(N=Nc2cccc(N=Nc3cccc4ccccc34)c2)cc1.c1ccc(N=Nc2cnn(-c3ccccc3)c2)cc1,scf_8892e44ecacd170581de,False,,scf_8892e44ecacd170581de
par_20123989d84a20654f64,c1ccccc1,scf_13cad05ca8f49c509e5b,False,,scf_13cad05ca8f49c509e5b
par_202745fe239a275d3de1,,,True,acy_6473413a5a73ac44731d,acy_6473413a5a73ac44731d
par_20305c1848f05cbcad20,c1ccc(Oc2ccccc2)cc1,scf_9affd80d02f471acfe8b,False,,scf_9affd80d02f471acfe8b
par_20316f1304cd8f54e7f7,O=C(CCCCCCCCC(=O)OC1CCNCC1)OC1CCNCC1,scf_cec6fbf4b28c8bae9517,False,,scf_cec6fbf4b28c8bae9517
par_203d22e8ce47da0b7354,c1ccccc1,scf_13cad05ca8f49c509e5b,False,,scf_13cad05ca8f49c509e5b
par_20439c693b3bcdfd5a1b,c1ccccc1,scf_13cad05ca8f49c509e5b,False,,scf_13cad05ca8f49c509e5b
par_204c83ac13c463169eec,,,True,acy_f01526a04d5f8baba24b,acy_f01526a04d5f8baba24b
par_205758834e2c3a3438e6,,,True,acy_c98368ebb178b895948f,acy_c98368ebb178b895948f
par_20637bc0dbec56723a5a,C1CCCCC1,scf_a21c4f64dcc59dd2ede8,False,,scf_a21c4f64dcc59dd2ede8
par_206ef58b6f7f702bf2be,c1ccccc1,scf_13cad05ca8f49c509e5b,False,,scf_13cad05ca8f49c509e5b
par_207166d59d2cb35f3fc8,,,True,acy_7903f85d3f76cc5092ac,acy_7903f85d3f76cc5092ac
par_20724eb6252b3be684e3,c1ccccc1,scf_13cad05ca8f49c509e5b,False,,scf_13cad05ca8f49c509e5b
par_207c13f90d0dba168436,c1ccncc1,scf_75c7a4b0b41e43900bfb,False,,scf_75c7a4b0b41e43900bfb
par_207f309c76a821d3fa89,O=C1CCCO1,scf_b2a02ad4ea5295cb11e1,False,,scf_b2a02ad4ea5295cb11e1
par_20832db9410d6d692f02,c1ccccc1,scf_13cad05ca8f49c509e5b,False,,scf_13cad05ca8f49c509e5b
par_208c48ab7148e1f98ddd,O=C1CCCCCCCCCCC1,scf_208c48ab7148e1f98ddd,False,,scf_208c48ab7148e1f98ddd
par_20a8287e93463e41ac15,c1ccc2c(c1)[nH]c1ncccc12,scf_90dbe5343537986726b5,False,,scf_90dbe5343537986726b5
par_20b0688b5100af7f31ea,c1ccccc1,scf_13cad05ca8f49c509e5b,False,,scf_13cad05ca8f49c509e5b
par_20b388d585dcd3bc0334,C1COCOC1,scf_c7850d2c75461ef1f7f6,False,,scf_c7850d2c75461ef1f7f6
par_20b6f607ab288f31049f,O=C(CCCN1CCC(c2ccccc2)CC1)c1ccccc1,scf_f25268a46b48fcd5e0b2,False,,scf_f25268a46b48fcd5e0b2
par_20bb4714d794357ea52c,O=C1CCCCCN1C(=O)NCCCCCCNC(=O)N1CCCCCC1=O,scf_20bb4714d794357ea52c,False,,scf_20bb4714d794357ea52c
par_20bc0ab79fcf23d4ebe9,c1ccc(Oc2ccccc2)cc1,scf_9affd80d02f471acfe8b,False,,scf_9affd80d02f471acfe8b
par_20c2e8cb8cd44f3091fa,c1ccccc1,scf_13cad05ca8f49c509e5b,False,,scf_13cad05ca8f49c509e5b
par_20ca9a25263b8689c318,c1ccc2ccccc2c1,scf_a896d495b04a450b732a,False,,scf_a896d495b04a450b732a
par_20df4b14ca2cc249631f,,,True,acy_20ccabda585b2da0228d,acy_20ccabda585b2da0228d
par_20f558fffcd2977f29fb,,,True,acy_ea63ed184c94224c7225,acy_ea63ed184c94224c7225
par_20f72ae6b2961c110b00,c1ccc(Oc2ccccc2)cc1,scf_9affd80d02f471acfe8b,False,,scf_9affd80d02f471acfe8b
par_210d237d8a119a1fae69,c1ccc(C[CH2][Sn]([CH2]Cc2ccccc2)([CH2]Cc2ccccc2)[O][Sn]([CH2]Cc2ccccc2)([CH2]Cc2ccccc2)[CH2]Cc2ccccc2)cc1,scf_ee974d42b18c1690a10a,False,,scf_ee974d42b18c1690a10a
par_211f95cea2e19bc1d273,,,True,acy_251dc57732048e00f612,acy_251dc57732048e00f612
par_2127cbc90a8df9ae55dc,C1=CC2C3C=CC(C3)C2C1,scf_f17354c378e47218766a,False,,scf_f17354c378e47218766a
par_212e034d9373a16bc33b,c1ccccc1,scf_13cad05ca8f49c509e5b,False,,scf_13cad05ca8f49c509e5b
par_21368b64d2c0240d2c93,,,True,acy_f08ffbbca19729297c4a,acy_f08ffbbca19729297c4a
par_213d48676ea318298178,,,True,acy_3f9de57615985486f1f3,acy_3f9de57615985486f1f3
par_2142961dd7fcebc3bf8e,c1ccccc1,scf_13cad05ca8f49c509e5b,False,,scf_13cad05ca8f49c509e5b
par_21604ac3038285ec97fd,c1cscn1,scf_8529372f407e1ce0108b,False,,scf_8529372f407e1ce0108b
par_21680b527e35f1d2ecff,,,True,acy_e126c12bb438a7eaa1ea,acy_e126c12bb438a7eaa1ea
par_2178f5cbdb57c6a5b774,,,True,acy_78ffee82ef4375f76c11,acy_78ffee82ef4375f76c11
par_21970e31a373f137f60a,c1ncc(C[n+]2ccsc2)cn1,scf_cfe705d17fa876359a53,False,,scf_cfe705d17fa876359a53
par_21a5e7cbdf82178c0384,C1COCCN1,scf_f2e394232156ef1f934e,False,,scf_f2e394232156ef1f934e
par_21b9fdfe8c52b4601d0a,,,True,acy_42b54e23bf32f81319dd,acy_42b54e23bf32f81319dd
par_21cd73e1c75818f1e4bd,,,True,acy_a471be49eadd8a4b4bf3,acy_a471be49eadd8a4b4bf3
par_21d11358db9c427706fb,O=C1OC2(c3ccccc3Oc3ccccc32)c2ccccc21,scf_c14809c4399a897b6e91,False,,scf_c14809c4399a897b6e91
par_21dbd014bdb72a3cda58,,,True,acy_3e0ea233cde1b6a6b050,acy_3e0ea233cde1b6a6b050
par_21e119c5d1fdf9cc26b8,,,True,acy_df4b586b051cd315dae4,acy_df4b586b051cd315dae4
par_21e9e6150c40c8571141,c1ccccc1,scf_13cad05ca8f49c509e5b,False,,scf_13cad05ca8f49c509e5b
par_220196d39ba77737eee6,O=C1OC2(c3ccccc3Oc3ccc(Nc4ccccc4)cc32)c2ccccc21,scf_e5ecc4dda21832c98335,False,,scf_e5ecc4dda21832c98335
par_22026cd80171065068eb,O=C1CCCO1,scf_b2a02ad4ea5295cb11e1,False,,scf_b2a02ad4ea5295cb11e1
par_2209e4692dc6f41d8443,O=C(CCc1ccccc1)OCCOCCOCCOC(=O)CCc1ccccc1,scf_90ce6ca5099f7e599c9c,False,,scf_90ce6ca5099f7e599c9c
par_2222028f1801c7ab9bb4,,,True,acy_ce9dba10f135aad83a64,acy_ce9dba10f135aad83a64
par_222302f868fd38d610db,O=C(c1ccccc1)c1ccccc1,scf_113660f6820aa1505046,False,,scf_113660f6820aa1505046
par_2230e92797b9087546ba,O=c1cc[nH]c(=S)[nH]1,scf_ffe383e21f29a4d8319d,False,,scf_ffe383e21f29a4d8319d
par_223579755d0d7eafd51c,c1ccccc1,scf_13cad05ca8f49c509e5b,False,,scf_13cad05ca8f49c509e5b
par_2235dfdcf60a4a9c600d,,,True,acy_f2097066b862c21a1d5a,acy_f2097066b862c21a1d5a
par_22393c15e27db612544a,,,True,acy_758cf70d963967864c85,acy_758cf70d963967864c85
par_2242ba7dff1f235da76a,c1ccccc1,scf_13cad05ca8f49c509e5b,False,,scf_13cad05ca8f49c509e5b
par_224759a6cd3460bef9bb,O=C1/C(=C2\Nc3ccccc3C2=O)Nc2ccccc21,scf_9ae2f5d8d2801158d338,False,,scf_9ae2f5d8d2801158d338
par_224b363ad9cb749df236,c1ccccc1,scf_13cad05ca8f49c509e5b,False,,scf_13cad05ca8f49c509e5b
par_225f15929c81667b7c9d,,,True,acy_415f164d3ec5a10e7341,acy_415f164d3ec5a10e7341
par_22609c93f7def2b11e51,C1CCCCC1,scf_a21c4f64dcc59dd2ede8,False,,scf_a21c4f64dcc59dd2ede8
par_22630bb860744e89f1c9,,,True,acy_3884f485ea0c3e6377d2,acy_3884f485ea0c3e6377d2
par_226a4d99a4257038c062,,,True,acy_1fae45e17f871394720a,acy_1fae45e17f871394720a
par_226a68ed465d252d861f,c1ccccc1,scf_13cad05ca8f49c509e5b,False,,scf_13cad05ca8f49c509e5b
par_226a6d3e1af525142f3d,,,True,acy_928a4fded2e31ee01410,acy_928a4fded2e31ee01410
par_2279a5e9623533f1a420,,,True,acy_6a756c9e7e51f2f621ee,acy_6a756c9e7e51f2f621ee
par_2284ab2d6683f1f6d0fd,,,True,acy_9e21536cba584caf88c7,acy_9e21536cba584caf88c7
par_2285e9e1b2294a9c39bd,c1ccc2c(c1)ccc1ccccc12,scf_880b565cf2c08f8a61fa,False,,scf_880b565cf2c08f8a61fa
par_228808284280ba55ee09,c1ccccc1,scf_13cad05ca8f49c509e5b,False,,scf_13cad05ca8f49c509e5b
par_228e4dc7e4a2a95c09f2,O=c1[nH]c(=O)[nH]c(=O)[nH]1,scf_8da1e65c62277f6ef1e7,False,,scf_8da1e65c62277f6ef1e7
par_2292444ca52ca678fdfb,C1=COCCC1,scf_2292444ca52ca678fdfb,False,,scf_2292444ca52ca678fdfb
par_229358d3103f9c29c5d2,O=C(C=C(c1ccccc1)c1ccccc1)N1CCOCC1,scf_f4732007b14689282eab,False,,scf_f4732007b14689282eab
par_229ea89df88b2c508b8e,c1cc[cH-]c1.c1cc[cH-]c1,scf_36a34639dd6bfe87ecdb,False,,scf_36a34639dd6bfe87ecdb
par_22b442ccc88fba579702,c1ccccc1,scf_13cad05ca8f49c509e5b,False,,scf_13cad05ca8f49c509e5b
par_22b52a4048a4474631b3,c1ccc(Nc2ccccc2)cc1,scf_66594b79d38dcf0e9b76,False,,scf_66594b79d38dcf0e9b76
par_22be0f43960a34c67142,O=c1[nH]c2ccccc2o1,scf_92b349928b9f40fc47bc,False,,scf_92b349928b9f40fc47bc
par_22bf303dafd683462059,c1ccccc1,scf_13cad05ca8f49c509e5b,False,,scf_13cad05ca8f49c509e5b
par_22c0778865598f4c3843,,,True,acy_f3d8142580014945f2a2,acy_f3d8142580014945f2a2
par_22c5584468e426713a60,N=C1C=CC(=C(c2ccccc2)c2ccccc2)C=C1,scf_bd1267066b75c6adda19,False,,scf_bd1267066b75c6adda19
par_22cd0b92a260bced5ec0,,,True,acy_f268c8d97933ae9f45c4,acy_f268c8d97933ae9f45c4
par_22cfbe91fe5523904a27,O=S(=O)(Nc1ccccc1)c1ccccc1,scf_8fdc57d36383d8976e02,False,,scf_8fdc57d36383d8976e02
par_22d6d5e9f3741b302a7c,c1ccc(Oc2ccccc2)cc1,scf_9affd80d02f471acfe8b,False,,scf_9affd80d02f471acfe8b
par_22da8dcd3e0301aae5e4,c1ccccc1.c1ccccc1,scf_41f17138a91b62ee11b2,False,,scf_41f17138a91b62ee11b2
par_22e3cc7a323b7ad53136,c1ccccc1,scf_13cad05ca8f49c509e5b,False,,scf_13cad05ca8f49c509e5b
par_22f5eb9940e99c4b1afa,,,True,acy_6a24e5772cd4f9ecd9bd,acy_6a24e5772cd4f9ecd9bd
par_22f8231776e140c763b8,,,True,acy_a5d1b1d4caf5d77ab7ef,acy_a5d1b1d4caf5d77ab7ef
par_22fd91207eb3b5676797,,,True,acy_e0a514e6bd16df05ef74,acy_e0a514e6bd16df05ef74
par_23111eff20714c2d4189,O=C1CCCCOC(=O)C[C@@H](O[C@H]2CCCCO2)C[C@@H](O[C@H]2CCCCO2)CCC1,scf_01125a10317ba620d38c,False,,scf_01125a10317ba620d38c
par_231769177ee8b7f1c763,,,True,acy_9820bf90d5696e37c7f3,acy_9820bf90d5696e37c7f3
par_2318db5db57d4760687a,c1nc[nH]n1,scf_32ca2262b0d7bc622317,False,,scf_32ca2262b0d7bc622317
par_231bdeeeb8f5a744de4d,c1ccc2[nH]cnc2c1,scf_567811b65bb1b5dd8977,False,,scf_567811b65bb1b5dd8977
par_2323ee34712a972bff34,c1ccccc1,scf_13cad05ca8f49c509e5b,False,,scf_13cad05ca8f49c509e5b
par_232c83c93a0ac5b7f7bc,c1ccccc1,scf_13cad05ca8f49c509e5b,False,,scf_13cad05ca8f49c509e5b
par_233321e18017a152db96,c1ccc(CNc2ncnc3nc[nH]c23)cc1,scf_233321e18017a152db96,False,,scf_233321e18017a152db96
par_233d9c6f59b07e1074a7,,,True,acy_02d3c252cb9b05c81215,acy_02d3c252cb9b05c81215
par_2347f26550883f4968cb,O=C1c2ccccc2C(=O)c2ccccc21,scf_f0c6b09cfc7aa95a3893,False,,scf_f0c6b09cfc7aa95a3893
par_23573417ab3ec323e333,,,True,acy_f69978332ffe28ef5260,acy_f69978332ffe28ef5260
par_235b5dd21331e07f5512,C(=C/c1ccc(Nc2ncnc(Nc3ccccc3)n2)cc1)\c1ccc(Nc2ncnc(Nc3ccccc3)n2)cc1,scf_972d42ee79710c79e0ac,False,,scf_972d42ee79710c79e0ac
par_235bb987d572aa75ebc3,O=C(CN=Nc1ccccc1)Nc1ccc2[nH]c(=O)[nH]c2c1,scf_5973106962135bef4de2,False,,scf_5973106962135bef4de2
par_235ef6b495c75dded843,c1ccncc1,scf_75c7a4b0b41e43900bfb,False,,scf_75c7a4b0b41e43900bfb
par_2360397c02f47e5bcade,c1ccc2c(c1)Cc1ccccc1-2,scf_2360397c02f47e5bcade,False,,scf_2360397c02f47e5bcade
par_2361bba271c2861f4ee1,O=C1OC(=O)c2ccccc21,scf_e678825414f631a2478a,False,,scf_e678825414f631a2478a
par_236347ba4b33ba22be79,C1=CC2=CC[C@H]3CCCCC3[C@H]2CC1,scf_3a25bbab0d820baa3e24,False,,scf_3a25bbab0d820baa3e24
par_2364ff626964c0f29279,c1ccccc1,scf_13cad05ca8f49c509e5b,False,,scf_13cad05ca8f49c509e5b
par_2366461d4b7d229f7ecc,C1=CCCCC1,scf_fe8528cff2dfdfccb743,False,,scf_fe8528cff2dfdfccb743
par_23686235f12e3380f9fb,c1ccc(-c2ccccc2)cc1,scf_27dacb226b18e24b40e3,False,,scf_27dacb226b18e24b40e3
par_23771bd8c416f2415867,O=C(NC(=O)c1ccccc1)Nc1ccc(Oc2ccccc2)cc1,scf_7694e0f5b15077adf380,False,,scf_7694e0f5b15077adf380
par_23794d91c53ae875c8e2,,,True,acy_40d34a7ccd30ab93e3d2,acy_40d34a7ccd30ab93e3d2
par_238d32c7e71e4c410c19,c1ccc2[nH]ccc2c1,scf_e65f5bb7d6337f0d157e,False,,scf_e65f5bb7d6337f0d157e
par_239a99eb4e1d2aca1c75,B12B3B4B1C234,scf_239a99eb4e1d2aca1c75,False,,scf_239a99eb4e1d2aca1c75
par_239e7ef5bf2b8efebe0b,c1ncncn1,scf_89055dbbabf38236f98e,False,,scf_89055dbbabf38236f98e
par_23ab50445a4a1b0b6c12,O=S(c1ccccc1)c1ccc2nc[nH]c2c1,scf_2e217c7aca3482d74c00,False,,scf_2e217c7aca3482d74c00
par_23c31106803daa53cb49,,,True,acy_8ce74cf8386007e25185,acy_8ce74cf8386007e25185
par_23c780f898a7bdf934f9,,,True,acy_f28c5b4d0f81b42454a1,acy_f28c5b4d0f81b42454a1
par_23e0a6abf4397668ae98,,,True,acy_9a28c9611455e86c31f4,acy_9a28c9611455e86c31f4
par_23e4daa2f846ef9b679c,c1ccccc1,scf_13cad05ca8f49c509e5b,False,,scf_13cad05ca8f49c509e5b
par_23f4efb3a3bbda03f95b,,,True,acy_eeebd55baecf69385d3f,acy_eeebd55baecf69385d3f
par_23f8e57fc9689695952d,,,True,acy_c639d5187b1b954d4ecc,acy_c639d5187b1b954d4ecc
par_241adbad8913f8af3d9f,,,True,acy_2f44f6d7eed823c8f1cb,acy_2f44f6d7eed823c8f1cb
par_24272828365f4df86730,,,True,acy_bf51a0f7f6cc4ba9d449,acy_bf51a0f7f6cc4ba9d449
par_2430f05c78e82e650823,O=C(Nc1ccccc1)c1ccccc1,scf_46dbe06a66c3ecbfaeeb,False,,scf_46dbe06a66c3ecbfaeeb
par_2440abfbb1f9e1b7e7c2,c1cc2ccc3cccc4ccc(c1)c2c34,scf_2440abfbb1f9e1b7e7c2,False,,scf_2440abfbb1f9e1b7e7c2
par_2440d427aeb8cadbb466,C1CCCC1,scf_8c2e3ed84f9272bb9c74,False,,scf_8c2e3ed84f9272bb9c74
par_244bed82ff3bd21c3f08,O=c1[nH]c(=O)c2ccccc2o1,scf_244bed82ff3bd21c3f08,False,,scf_244bed82ff3bd21c3f08
par_24714333ccaf01814086,c1cnc2ccnn2c1,scf_5f42d067d5a23cd7f81f,False,,scf_5f42d067d5a23cd7f81f
par_2473e89b5cd00bc96c56,,,True,acy_91186942cb8d697017bc,acy_91186942cb8d697017bc
par_248988df2a4d3a510b50,,,True,acy_17cb0ac22396bea92cef,acy_17cb0ac22396bea92cef
par_248c7726ddd13f1a4c45,c1ccc(N=Nc2cnn(-c3ccccc3)c2)cc1.c1ccc(N=Nc2cnn(-c3ccccc3)c2)cc1.c1ccc2c(c1)CC[C@H]1CCCCC21,scf_835193794b9e0c6d78a1,False,,scf_835193794b9e0c6d78a1
par_248df05228bfff2e0959,,,True,acy_b3a4a05253eed62cb243,acy_b3a4a05253eed62cb243
par_24949b3e5cc90a386c3e,O=c1ccc(=O)[nH][nH]1,scf_24949b3e5cc90a386c3e,False,,scf_24949b3e5cc90a386c3e
par_249ba00933f04d4ce096,,,True,acy_03f8c8197ac4a798cf97,acy_03f8c8197ac4a798cf97
par_249d47de217cf6fbef6b,C1CCCC1.C1CCCC1,scf_04fab83d8cbf8ad6d51a,False,,scf_04fab83d8cbf8ad6d51a
par_249e43f020375ce20a39,,,True,acy_601b8966a32d15072861,acy_601b8966a32d15072861
par_24a7ab3ce74078d3baa7,c1ccccc1,scf_13cad05ca8f49c509e5b,False,,scf_13cad05ca8f49c509e5b
par_24a84bf414eaa51a4798,c1ccccc1,scf_13cad05ca8f49c509e5b,False,,scf_13cad05ca8f49c509e5b
par_24abb60d13c651e728ed,c1ccncc1,scf_75c7a4b0b41e43900bfb,False,,scf_75c7a4b0b41e43900bfb
par_24ad85299a89d908c689,c1ccc(-c2ccccc2)cc1,scf_27dacb226b18e24b40e3,False,,scf_27dacb226b18e24b40e3
par_24b3382e15596aaa525a,c1ccccc1,scf_13cad05ca8f49c509e5b,False,,scf_13cad05ca8f49c509e5b
par_24c78e44143af1a2a32e,c1ccccc1,scf_13cad05ca8f49c509e5b,False,,scf_13cad05ca8f49c509e5b
par_24cd66ee460743de01a9,c1ccccc1,scf_13cad05ca8f49c509e5b,False,,scf_13cad05ca8f49c509e5b
par_24d0a875374ac77f22f2,c1c2c(cc3c1CCOC3)CCC2,scf_d095ef62774ee60066b4,False,,scf_d095ef62774ee60066b4
par_24d1f805c12fcd34a116,c1ccc2[nH]ccc2c1,scf_e65f5bb7d6337f0d157e,False,,scf_e65f5bb7d6337f0d157e
par_24d2fa73e74d14166b56,,,True,acy_41b240397ce8bfd62dff,acy_41b240397ce8bfd62dff
par_24e0e8deb961d899f7ca,c1ccccc1,scf_13cad05ca8f49c509e5b,False,,scf_13cad05ca8f49c509e5b
par_2506096efd411f685144,O=C1c2ccccc2C(=O)c2ccccc21,scf_f0c6b09cfc7aa95a3893,False,,scf_f0c6b09cfc7aa95a3893
par_2522d105683a48c9f7d7,C1CCCCC1,scf_a21c4f64dcc59dd2ede8,False,,scf_a21c4f64dcc59dd2ede8
par_2526b1b0f6e550959f43,,,True,acy_3554dea978341c0b2312,acy_3554dea978341c0b2312
par_253449cfa447155fdbf7,,,True,acy_0050088796526a585f3e,acy_0050088796526a585f3e
par_254cd0b34a092f839d32,,,True,acy_709663b1b23b3c2f7519,acy_709663b1b23b3c2f7519
par_255233379f61b10640f4,,,True,acy_146212957d02e511a629,acy_146212957d02e511a629
par_255d2a14dd831fe2ead4,c1ccc(CC2CCCC2Cn2cncn2)cc1,scf_079e5408dd2b24934205,False,,scf_079e5408dd2b24934205
par_25653efaa0a99b8fd562,c1ccc2ccccc2c1,scf_a896d495b04a450b732a,False,,scf_a896d495b04a450b732a
par_2566612834e3392f04ba,c1ccccc1,scf_13cad05ca8f49c509e5b,False,,scf_13cad05ca8f49c509e5b
par_25706503054083785340,c1ccccc1,scf_13cad05ca8f49c509e5b,False,,scf_13cad05ca8f49c509e5b
par_2578a59347547e958b28,c1ccccc1,scf_13cad05ca8f49c509e5b,False,,scf_13cad05ca8f49c509e5b
par_257d799e834d1e2ec0c6,,,True,acy_44b6079f42452c6b8756,acy_44b6079f42452c6b8756
par_259cfaddc711e271152b,c1ccccc1,scf_13cad05ca8f49c509e5b,False,,scf_13cad05ca8f49c509e5b
par_25abe4c2de8c370bbe19,c1ccccc1,scf_13cad05ca8f49c509e5b,False,,scf_13cad05ca8f49c509e5b
par_25ade5f742e0f5b073e4,O=c1sc(=Nc2ccccc2)n2n1CCCC2,scf_0b8c8fb0654f2cabcf94,False,,scf_0b8c8fb0654f2cabcf94
par_25afcdfb5b3e163e1ff2,c1ccccc1,scf_13cad05ca8f49c509e5b,False,,scf_13cad05ca8f49c509e5b
par_25b20bb3067ec4570e24,O=C1C=Cc2ccccc2/C1=N\Nc1ccccc1,scf_5db4f6e46e49716b6b17,False,,scf_5db4f6e46e49716b6b17
par_25bb19d1ad671ba582cc,,,True,acy_ace102bbb34fb76d2227,acy_ace102bbb34fb76d2227
par_25d1404805af63447ce2,c1ccc(Nc2ccccc2)cc1.c1ccc2ccccc2c1.c1ccccc1.c1ccccc1,scf_830ba9456a28ac365196,False,,scf_830ba9456a28ac365196
par_25d492253ed5aa9f6aa0,c1ccc2c(C[C@@H]3CC4CCN3CC4)ccnc2c1.c1ccc2c(C[C@@H]3CC4CCN3CC4)ccnc2c1,scf_27c3e71cc345486296e2,False,,scf_27c3e71cc345486296e2
par_25f8cd05ad250a060219,c1ccccc1,scf_13cad05ca8f49c509e5b,False,,scf_13cad05ca8f49c509e5b
par_261868c7cf135c90269f,O=C(OC1CCCCC1)c1ccccc1,scf_776f200b1d8576e229a0,False,,scf_776f200b1d8576e229a0
par_26200b14a6136f9e399a,c1ccc(-c2ccccc2)cc1,scf_27dacb226b18e24b40e3,False,,scf_27dacb226b18e24b40e3
par_26215cc26786712880fc,c1ccc([C@@H]2CCNC[C@H]2COc2ccc3c(c2)OCO3)cc1,scf_8f7481d69bda66931002,False,,scf_8f7481d69bda66931002
par_262519d9893f8aac36dd,,,True,acy_c7084f0a3d2c130a2d52,acy_c7084f0a3d2c130a2d52
par_2629d322a21b87d06796,,,True,acy_dbb7cb3538d8495668e9,acy_dbb7cb3538d8495668e9
par_262a950c95a739ba0f10,,,True,acy_9992bd628f9572ed21ca,acy_9992bd628f9572ed21ca
par_262b4942ce5fc791e099,c1ccc2[nH+]c3ccccc3cc2c1,scf_c7f2b74c241d1e9dea68,False,,scf_c7f2b74c241d1e9dea68
par_263ed2f6c15e9810a5b9,O=C1N=c2ccc(NNC3C(=O)NC(=O)NC3=O)cc2=N1,scf_267a74219b1ffc667dbf,False,,scf_267a74219b1ffc667dbf
par_2643958d2c17d7afdd11,,,True,acy_cee6036ef8e7f98487a8,acy_cee6036ef8e7f98487a8
par_2647fbe3ac033f1ce015,c1ccc([SiH](Cn2cncn2)c2ccccc2)cc1,scf_1c7659323b5ef384cca6,False,,scf_1c7659323b5ef384cca6
par_26485cf529b1e87b2c79,c1ccccc1,scf_13cad05ca8f49c509e5b,False,,scf_13cad05ca8f49c509e5b
par_26533710c147958cb1a8,c1ccccc1,scf_13cad05ca8f49c509e5b,False,,scf_13cad05ca8f49c509e5b
par_26537a709327c0fde9b0,,,True,acy_4249bdd1ee69597e7068,acy_4249bdd1ee69597e7068
par_265dd3cef03b4fbcf9ff,c1ccccc1,scf_13cad05ca8f49c509e5b,False,,scf_13cad05ca8f49c509e5b
par_26612d05a26fc4f2694e,c1ccc2c(c1)OCO2,scf_7e48ba60e2279ba9461b,False,,scf_7e48ba60e2279ba9461b
par_266bf72b0715d8485452,C1CC(COCC2CO2)CCC1COCC1CO1,scf_266bf72b0715d8485452,False,,scf_266bf72b0715d8485452
par_266f79f0092b8a0bed6a,c1ccccc1,scf_13cad05ca8f49c509e5b,False,,scf_13cad05ca8f49c509e5b
par_267181c30cf3bbf6cf17,,,True,acy_4bb081560e1a3598b9e6,acy_4bb081560e1a3598b9e6
par_267725ab23ad770b26af,O=C1OC(=O)C2C3C=CC(C3)C12,scf_93cfaaad90f599aae604,False,,scf_93cfaaad90f599aae604
par_26808972115b69d08426,c1ccccc1,scf_13cad05ca8f49c509e5b,False,,scf_13cad05ca8f49c509e5b
par_26864113d8df0754cf42,O=C(c1ccccc1)c1ccccc1,scf_113660f6820aa1505046,False,,scf_113660f6820aa1505046
par_268c869b48bea5357c79,c1ncncn1,scf_89055dbbabf38236f98e,False,,scf_89055dbbabf38236f98e
par_26a6e388d1a5674730d9,,,True,acy_8b2b668959e05e1efe75,acy_8b2b668959e05e1efe75
par_26b9e483afdf942ccd30,,,True,acy_22f69281e8c92613ff77,acy_22f69281e8c92613ff77
par_26ba456a35b1c1be73a2,c1ccccc1,scf_13cad05ca8f49c509e5b,False,,scf_13cad05ca8f49c509e5b
par_26c52a96cfe834d940e4,c1ccccc1,scf_13cad05ca8f49c509e5b,False,,scf_13cad05ca8f49c509e5b
par_26c934b5063a6bfee097,,,True,acy_b7faaee278d2987db9e9,acy_b7faaee278d2987db9e9
par_26c9e2dcf352ce244908,c1ccccc1,scf_13cad05ca8f49c509e5b,False,,scf_13cad05ca8f49c509e5b
par_26cfcda97913e5dd3658,,,True,acy_c2116dab33077f535aaa,acy_c2116dab33077f535aaa
par_26d13530d02d2de2c68f,c1ccccc1,scf_13cad05ca8f49c509e5b,False,,scf_13cad05ca8f49c509e5b
par_26dae7a895225d179189,c1ccccc1,scf_13cad05ca8f49c509e5b,False,,scf_13cad05ca8f49c509e5b
par_26eacfd0cacadb83b7f3,,,True,acy_b5f0674cf3b4170b5427,acy_b5f0674cf3b4170b5427
par_2702e0820b66952e4014,,,True,acy_6ad2bb5f8740e83ba9e9,acy_6ad2bb5f8740e83ba9e9
par_2705458f525a404357f5,C(=Nc1ccccc1)Nc1ccccc1,scf_8fa43b4485d2c62e1397,False,,scf_8fa43b4485d2c62e1397
par_27071c8ea5d16a52fc95,c1ccc(-c2ccno2)cc1,scf_4461e1c90ae3d1c27086,False,,scf_4461e1c90ae3d1c27086
par_27088ee5952f8a12073b,c1ccccc1,scf_13cad05ca8f49c509e5b,False,,scf_13cad05ca8f49c509e5b
par_2711232e34c7f78dc33c,,,True,acy_9a1e0bad8fe28a04c6da,acy_9a1e0bad8fe28a04c6da
par_271850a0df5aca4dd4c4,N=C1C[C@@H]2CC[C@H]1C2,scf_d8515aa0373ea7767df9,False,,scf_d8515aa0373ea7767df9
par_272524ba7936eea2ce38,,,True,acy_5ea1d6e86b36398b6d58,acy_5ea1d6e86b36398b6d58
par_2733ec78adfc658676d1,,,True,acy_61f0ee96e4e377325447,acy_61f0ee96e4e377325447
par_2739e60c792be18e0ed4,,,True,acy_3e7ef9d0da65a03ef106,acy_3e7ef9d0da65a03ef106
par_27423c3773b306d77d31,,,True,acy_9c5f96a049aeeb25f37a,acy_9c5f96a049aeeb25f37a
par_274711b114d6c63d34bd,O=c1cc[nH]c(=S)[nH]1,scf_ffe383e21f29a4d8319d,False,,scf_ffe383e21f29a4d8319d
par_27a40708509bdf0c3ee0,,,True,acy_a111893b93d8aceb62a2,acy_a111893b93d8aceb62a2
par_27a53576db792b006173,c1ccccc1,scf_13cad05ca8f49c509e5b,False,,scf_13cad05ca8f49c509e5b
par_27a9a4f2ae6fd084c28d,c1ccccc1,scf_13cad05ca8f49c509e5b,False,,scf_13cad05ca8f49c509e5b
par_27b4ab76df9e47a44493,,,True,acy_0dbc4242fc42b2a89477,acy_0dbc4242fc42b2a89477
par_27bfd38fc8a084dc179f,c1ccccc1,scf_13cad05ca8f49c509e5b,False,,scf_13cad05ca8f49c509e5b
par_27c42b6640fc1675e244,,,True,acy_af2584d2a1e039d37179,acy_af2584d2a1e039d37179
par_27c7ead4be922c6a9173,c1ccc2[o+]c3ccccc3nc2c1,scf_30d27c3c9ab7562db14b,False,,scf_30d27c3c9ab7562db14b
par_27c84350c67b80e887ca,O=c1c(C(CCc2ccc(-c3ccccc3)cc2)c2ccccc2)coc2ccccc12,scf_b47f7f6dd4b0a5eb69f1,False,,scf_b47f7f6dd4b0a5eb69f1
par_27cbacdafbd56cb3956c,O=C1CCC(=O)N1,scf_27cbacdafbd56cb3956c,False,,scf_27cbacdafbd56cb3956c
par_27cc8b1f490fa14919ae,O=S1OC[C@@H]2C3C=CC(C3)[C@@H]2CO1,scf_0862cf954700fb21deaa,False,,scf_0862cf954700fb21deaa
par_27d1965eaddcae8a08a9,,,True,acy_ae06ad3bc4910a72fccd,acy_ae06ad3bc4910a72fccd
par_27d1b30f9b90edadfa92,C1COCO1,scf_6329f6891f70fdfd32d7,False,,scf_6329f6891f70fdfd32d7
par_27d24f4843918c11c690,,,True,acy_e2c4e2844445090b4244,acy_e2c4e2844445090b4244
par_27dacb226b18e24b40e3,c1ccc(-c2ccccc2)cc1,scf_27dacb226b18e24b40e3,False,,scf_27dacb226b18e24b40e3
par_27dd9fab00f6d2bd0d31,c1ccccc1,scf_13cad05ca8f49c509e5b,False,,scf_13cad05ca8f49c509e5b
par_27e044d577cc367f5586,O=c1cccnn1-c1ccccc1,scf_d92fd55b020cee7b9b79,False,,scf_d92fd55b020cee7b9b79
par_27e87827149b0d4ddc37,c1ccccc1,scf_13cad05ca8f49c509e5b,False,,scf_13cad05ca8f49c509e5b
par_27eddd17a60d2d9423f8,C1CCCCC1,scf_a21c4f64dcc59dd2ede8,False,,scf_a21c4f64dcc59dd2ede8
par_27fdb79590ae235d73c2,C1=C\CCCCCC/1,scf_27fdb79590ae235d73c2,False,,scf_27fdb79590ae235d73c2
par_280aca1eb98adf39e2e4,c1ccc(-c2ccccc2-c2nn[nH]n2)cc1,scf_93e9c5e76e86b305d15f,False,,scf_93e9c5e76e86b305d15f
par_280adad8834e77f717ff,c1ccccc1,scf_13cad05ca8f49c509e5b,False,,scf_13cad05ca8f49c509e5b
par_280e1ddff7d22e01587a,c1ccncc1,scf_75c7a4b0b41e43900bfb,False,,scf_75c7a4b0b41e43900bfb
par_281b5c726ca2b590541e,,,True,acy_d3ed1353442f2be40c38,acy_d3ed1353442f2be40c38
par_281c3989de3f7a01a562,,,True,acy_f4175b0e291cb5798b9e,acy_f4175b0e291cb5798b9e
par_28214617a3ae5f6bfc36,,,True,acy_080e0dc69a179e63343a,acy_080e0dc69a179e63343a
par_282cd666bd9eb698565b,c1ccccc1,scf_13cad05ca8f49c509e5b,False,,scf_13cad05ca8f49c509e5b
par_282d236909f4a0ddef4b,c1ccc2c(c1)CCO2,scf_303cb872daee0c20fdc5,False,,scf_303cb872daee0c20fdc5
par_28304968a08f19017df1,c1ccccc1,scf_13cad05ca8f49c509e5b,False,,scf_13cad05ca8f49c509e5b
par_283c59a10f052bacc54d,c1ccccc1,scf_13cad05ca8f49c509e5b,False,,scf_13cad05ca8f49c509e5b
par_28403b2e7c44f0261bed,O=C1C=C2CC[C@H]3[C@@H]4CCCC4CC[C@@H]3C2CC1,scf_02f9fbcd400f7be38003,False,,scf_02f9fbcd400f7be38003
par_2846becf5a0654207ade,C=P(c1ccccc1)(c1ccccc1)c1ccccc1,scf_1ee8f677479e6cddc5e7,False,,scf_1ee8f677479e6cddc5e7
par_285cc26be8a9a3051080,,,True,acy_6ad2bb5f8740e83ba9e9,acy_6ad2bb5f8740e83ba9e9
par_285f04f303e92fca7e8b,S=c1[nH]c2ccccc2s1,scf_f34a7af35f20b8c4fc7c,False,,scf_f34a7af35f20b8c4fc7c
par_286374f06942af9d573c,c1ccc(N=Nc2ccccc2)cc1,scf_782452139c6e50ec94b3,False,,scf_782452139c6e50ec94b3
par_286549c7041bf54c0049,c1ccc(Nc2ccccc2)cc1,scf_66594b79d38dcf0e9b76,False,,scf_66594b79d38dcf0e9b76
par_2868380e6ef7c4b495d9,O=C(Nc1ncncn1)NS(=O)(=O)c1ccccc1,scf_16163a52161df90e519d,False,,scf_16163a52161df90e519d
par_286a9fde5ba0cbed0ef5,,,True,acy_d4f5464ae33b04727f88,acy_d4f5464ae33b04727f88
par_286cbf1bbf0e64ad5f49,c1ccccc1,scf_13cad05ca8f49c509e5b,False,,scf_13cad05ca8f49c509e5b
par_287f0871d4d640d9f27a,c1ccccc1,scf_13cad05ca8f49c509e5b,False,,scf_13cad05ca8f49c509e5b
par_288052159bd6e105332a,c1ccccc1,scf_13cad05ca8f49c509e5b,False,,scf_13cad05ca8f49c509e5b
par_288aaa2bcaf97446262d,c1ccccc1,scf_13cad05ca8f49c509e5b,False,,scf_13cad05ca8f49c509e5b
par_2895079cd349fefeffa0,O=C(Nc1ncncn1)NS(=O)(=O)c1ccsc1,scf_10198747b949a2a32a5e,False,,scf_10198747b949a2a32a5e
par_28aad63e25c57b7681ce,c1ccccc1,scf_13cad05ca8f49c509e5b,False,,scf_13cad05ca8f49c509e5b
par_28ac57a0697738b03d8c,O=C1/C(=N/Nc2ccccc2)C=Cc2cccc(Nc3ncnc(Nc4ccccc4)n3)c21,scf_ac3406a4ce5c24950759,False,,scf_ac3406a4ce5c24950759
par_28b6a75af0875bb98391,c1ccccc1,scf_13cad05ca8f49c509e5b,False,,scf_13cad05ca8f49c509e5b
par_28d89abbe830d4dc8337,,,True,acy_e6645c5cbe8c961d6ce7,acy_e6645c5cbe8c961d6ce7
par_28daf0ed70cb462ab426,c1ccccc1,scf_13cad05ca8f49c509e5b,False,,scf_13cad05ca8f49c509e5b
par_28ed7f4abc3f360949be,O=C1CCCCC1,scf_28ed7f4abc3f360949be,False,,scf_28ed7f4abc3f360949be
par_28fa8dfec02223d2fccc,,,True,acy_8172d9c252f37fe4b0f2,acy_8172d9c252f37fe4b0f2
par_28fc66992c93b32d5f8a,c1ccccc1,scf_13cad05ca8f49c509e5b,False,,scf_13cad05ca8f49c509e5b
par_28fe5b1ee316a92d116f,c1ccc(P(c2ccccc2)c2ccccc2)cc1,scf_28fe5b1ee316a92d116f,False,,scf_28fe5b1ee316a92d116f
par_2908012d4d1af71b20b6,c1ccccc1,scf_13cad05ca8f49c509e5b,False,,scf_13cad05ca8f49c509e5b
par_290863a247242cd9b756,,,True,acy_d1e95ee0450b739e8186,acy_d1e95ee0450b739e8186
par_2913c78ba70467303272,,,True,acy_d57c2df2c8ce20222ab5,acy_d57c2df2c8ce20222ab5
par_291d7e39454d0b5b571b,c1ccccc1,scf_13cad05ca8f49c509e5b,False,,scf_13cad05ca8f49c509e5b
par_29254cfc7cf1ce494922,c1ccncc1,scf_75c7a4b0b41e43900bfb,False,,scf_75c7a4b0b41e43900bfb
par_2927311800c4808dbd22,c1ccccc1,scf_13cad05ca8f49c509e5b,False,,scf_13cad05ca8f49c509e5b
par_292e240bfebb23ac2f73,O=C1CCCO1,scf_b2a02ad4ea5295cb11e1,False,,scf_b2a02ad4ea5295cb11e1
par_29332b00fe0e814627ce,,,True,acy_02d3c252cb9b05c81215,acy_02d3c252cb9b05c81215
par_294275e672c92f187d4b,c1ccccc1,scf_13cad05ca8f49c509e5b,False,,scf_13cad05ca8f49c509e5b
par_294c481ac180e7a78077,c1ccccc1,scf_13cad05ca8f49c509e5b,False,,scf_13cad05ca8f49c509e5b
par_2960c78657304885f385,O=C(c1ccccc1)c1ccccc1,scf_113660f6820aa1505046,False,,scf_113660f6820aa1505046
par_29668353bbb6447f80a4,C1CCCCC1,scf_a21c4f64dcc59dd2ede8,False,,scf_a21c4f64dcc59dd2ede8
par_296c33b6117bcb8751ba,,,True,acy_7fd12461645f7876d119,acy_7fd12461645f7876d119
par_297356ebaa22e4b59101,,,True,acy_1910708350c6c83fe895,acy_1910708350c6c83fe895
par_2974ea48a6fe07ff3065,c1ccccc1,scf_13cad05ca8f49c509e5b,False,,scf_13cad05ca8f49c509e5b
par_297fd3a979800bae9ca8,,,True,acy_08b8f925d3010abcc8c0,acy_08b8f925d3010abcc8c0
par_298968d697c2e0f9b52c,O=C1CC(=O)OCO1,scf_c7f82e6e8ffa73920bbb,False,,scf_c7f82e6e8ffa73920bbb
par_298fda67394a85c5c489,,,True,acy_267bd94cb0f1d50b9a0a,acy_267bd94cb0f1d50b9a0a
par_2997c9aca5f890a358c9,,,True,acy_dbdae54709b60499859f,acy_dbdae54709b60499859f
par_29a5cadf3184f0778470,C1=CCCCC1,scf_fe8528cff2dfdfccb743,False,,scf_fe8528cff2dfdfccb743
par_29aff6b12c12c727b0bf,,,True,acy_df22d029f70fd56b11db,acy_df22d029f70fd56b11db
par_29c33106f61be47251f8,,,True,acy_23a1176314021ad41fb4,acy_23a1176314021ad41fb4
par_29cb99e4ca6085743653,O=C(Oc1ccccc1)n1cnc2ccccc21,scf_7812e9c2438faf10907a,False,,scf_7812e9c2438faf10907a
par_29cd32ae0bca5e21509f,c1ccccc1.c1ccccc1,scf_41f17138a91b62ee11b2,False,,scf_41f17138a91b62ee11b2
par_29d9b703e94abd7d7f15,,,True,acy_e834e1218b0816cc7263,acy_e834e1218b0816cc7263
par_29e4983b26f1a1645f57,,,True,acy_516d24375c1eed1dfbe8,acy_516d24375c1eed1dfbe8
par_29f7dad58bd0f7633149,C1CO1,scf_59b1a7b29b6a5f8bc1b8,False,,scf_59b1a7b29b6a5f8bc1b8
par_29fde42d9fb06971ccf1,O=C1CCCCCCCCCCCN1,scf_29fde42d9fb06971ccf1,False,,scf_29fde42d9fb06971ccf1
par_2a121d1a6470a970ebb2,c1ccccc1,scf_13cad05ca8f49c509e5b,False,,scf_13cad05ca8f49c509e5b
par_2a131fc8acc1bf61da0e,,,True,acy_f2097066b862c21a1d5a,acy_f2097066b862c21a1d5a
par_2a139f677bbbaada7f24,c1ccccc1,scf_13cad05ca8f49c509e5b,False,,scf_13cad05ca8f49c509e5b
par_2a29d0cc4f923d6d4971,,,True,acy_8ba1359a905dabcd3f36,acy_8ba1359a905dabcd3f36
par_2a345fba4d65154b7121,O=C1C=C2CC[C@H]3[C@@H]4CCCC4CC[C@@H]3C2CC1,scf_02f9fbcd400f7be38003,False,,scf_02f9fbcd400f7be38003
par_2a3846d2e8b7490e7d7a,c1ccccc1,scf_13cad05ca8f49c509e5b,False,,scf_13cad05ca8f49c509e5b
par_2a3dfb910a00f7f826b8,c1ccccc1,scf_13cad05ca8f49c509e5b,False,,scf_13cad05ca8f49c509e5b
par_2a46af83e6380fe73f63,,,True,acy_74981a815dd98a122ddb,acy_74981a815dd98a122ddb
par_2a5aa5eecea612f08297,c1ccccc1,scf_13cad05ca8f49c509e5b,False,,scf_13cad05ca8f49c509e5b
par_2a5bba88125cf9f09201,c1ccncc1,scf_75c7a4b0b41e43900bfb,False,,scf_75c7a4b0b41e43900bfb
par_2a5ef43ae4f6d2d8bb80,,,True,acy_8ce74cf8386007e25185,acy_8ce74cf8386007e25185
par_2a63890add5cf2b44112,,,True,acy_7cd31d21608297ad1c65,acy_7cd31d21608297ad1c65
par_2a7ceb047f2fede5efa4,,,True,acy_6c6d9078208d1e389881,acy_6c6d9078208d1e389881
par_2a8590d9fcd2a18c80b4,S=c1sccn1Cc1cncnc1,scf_efeedec35457db710e4f,False,,scf_efeedec35457db710e4f
par_2a8bc36cbb493a87a3d1,c1cscn1,scf_8529372f407e1ce0108b,False,,scf_8529372f407e1ce0108b
par_2a92cca03bee4e40b8eb,c1ccccc1,scf_13cad05ca8f49c509e5b,False,,scf_13cad05ca8f49c509e5b
par_2a97683921e0d8bc3973,O=C1/C=C/C=C/[C@H](CO[C@H]2CCCCO2)COC(=O)CCC[C@@H](O[C@H]2CC[C@H](O[C@H]3CCCCO3)CO2)CCC1,scf_238fad150c14b70657a4,False,,scf_238fad150c14b70657a4
par_2a99f3cd97f7b8ece0a5,c1ccccc1,scf_13cad05ca8f49c509e5b,False,,scf_13cad05ca8f49c509e5b
par_2aa21f4457f9cfa69ad8,,,True,acy_02d3c252cb9b05c81215,acy_02d3c252cb9b05c81215
par_2aa634daa64e4f564d3f,c1ccc(Cc2ccccc2)cc1,scf_05784e2ddd36e41751a8,False,,scf_05784e2ddd36e41751a8
par_2aa9cd73de06079749e1,c1ccccc1,scf_13cad05ca8f49c509e5b,False,,scf_13cad05ca8f49c509e5b
par_2ac6611ab58eb69651cb,,,True,acy_57f510a8f4ce43675fa8,acy_57f510a8f4ce43675fa8
par_2ac6d2f35b6641c388d7,c1cc[c]([Sn]([O][Sn]([c]2ccccc2)([c]2ccccc2)[c]2ccccc2)([c]2ccccc2)[c]2ccccc2)cc1,scf_2ac6d2f35b6641c388d7,False,,scf_2ac6d2f35b6641c388d7
par_2ac8a091f6e6a0e09514,c1ccc2ncccc2c1,scf_a8daf8c5800683abd84e,False,,scf_a8daf8c5800683abd84e
par_2accf8c3f7972a7a6f12,[N+]=C1C=Cc2ccccc2C1=O,scf_0a89b19dcdef40aec9f0,False,,scf_0a89b19dcdef40aec9f0
par_2aceca64e07d3b79f7a6,,,True,acy_02d3c252cb9b05c81215,acy_02d3c252cb9b05c81215
par_2ad0ea6fce062aa396cf,,,True,acy_6aa1579ef7fcafd5e882,acy_6aa1579ef7fcafd5e882
par_2ad9bf89bcbe791600c4,,,True,acy_dbdae54709b60499859f,acy_dbdae54709b60499859f
par_2aedf3575ff9d748ca81,,,True,acy_42fad99340318e7863d8,acy_42fad99340318e7863d8
par_2af22d07c5286861c934,O=C(Oc1ccccc1)c1ccccc1,scf_4324e925570ad7d142a2,False,,scf_4324e925570ad7d142a2
par_2b026a509e43938b2830,c1ccccc1,scf_13cad05ca8f49c509e5b,False,,scf_13cad05ca8f49c509e5b
par_2b081a156e73d9d002ca,C(=NC=NCCCCCCN=CN=CNc1ccccc1)Nc1ccccc1,scf_768e78ffc99bf25956b8,False,,scf_768e78ffc99bf25956b8
par_2b0ff69e61027edd6e89,C=C1SCCS1,scf_75c918b96a4e4cdc2393,False,,scf_75c918b96a4e4cdc2393
par_2b11eb1620d78bbd4e63,,,True,acy_3e0ea233cde1b6a6b050,acy_3e0ea233cde1b6a6b050
par_2b214a85e36ba2c7b443,c1ccccc1,scf_13cad05ca8f49c509e5b,False,,scf_13cad05ca8f49c509e5b
par_2b21ec9d6ad731ec1cc1,c1ccccc1,scf_13cad05ca8f49c509e5b,False,,scf_13cad05ca8f49c509e5b
par_2b22337db2dc9aaa60b0,c1ccccc1,scf_13cad05ca8f49c509e5b,False,,scf_13cad05ca8f49c509e5b
par_2b2ef450630376e9b46f,O=c1[nH]c2ccccc2[nH]1,scf_a42cfffcb427fce4de3d,False,,scf_a42cfffcb427fce4de3d
par_2b3f3c230a6068188da8,c1ccc(N=Nc2ccccc2)cc1,scf_782452139c6e50ec94b3,False,,scf_782452139c6e50ec94b3
par_2b447e61fabb51f6f960,C1CCOC1,scf_92623ccd36bc322bf260,False,,scf_92623ccd36bc322bf260
par_2b46ce565982a9be905d,,,True,acy_b58243883ee2b22b4820,acy_b58243883ee2b22b4820
par_2b49019fde7df2729fd9,,,True,acy_4885cfa81b2d59b73710,acy_4885cfa81b2d59b73710
par_2b6951d138026e2faf09,c1cncnc1,scf_a3ad2a5dcc41ff79865e,False,,scf_a3ad2a5dcc41ff79865e
par_2b6befc67832879e2c8a,,,True,acy_5f8ad3f3b8dc3b1531c9,acy_5f8ad3f3b8dc3b1531c9
par_2b7a6f2d1ddff8b8cf1f,,,True,acy_42382026c722467f74df,acy_42382026c722467f74df
par_2b8de709fb329ee03e12,c1ccccc1,scf_13cad05ca8f49c509e5b,False,,scf_13cad05ca8f49c509e5b
par_2b9c796ddf7dae94d182,c1ccccc1,scf_13cad05ca8f49c509e5b,False,,scf_13cad05ca8f49c509e5b
par_2ba0a4db4c3a1d8c5328,,,True,acy_7fdd2664d01ab4b30430,acy_7fdd2664d01ab4b30430
par_2bb154df555f7c785485,c1ccc2c(c1)CC[C@@H]1[C@@H]2CCC2CCC[C@H]21,scf_011186ef72b148f58ac6,False,,scf_011186ef72b148f58ac6
par_2bb47efa1c00d23dc08e,,,True,acy_581bd527d94c9045875b,acy_581bd527d94c9045875b
par_2bbf860c37b5af2d5094,c1ccccc1,scf_13cad05ca8f49c509e5b,False,,scf_13cad05ca8f49c509e5b
par_2bcbe3163c8c2960bebc,c1ccc2ccccc2c1,scf_a896d495b04a450b732a,False,,scf_a896d495b04a450b732a
par_2bd14a5682beb1fdc9c0,,,True,acy_91cf750729b27720ef2d,acy_91cf750729b27720ef2d
par_2bd76cb4ad977788fc39,c1ccccc1,scf_13cad05ca8f49c509e5b,False,,scf_13cad05ca8f49c509e5b
par_2c0c08c87880ba6f50a4,,,True,acy_f2097066b862c21a1d5a,acy_f2097066b862c21a1d5a
par_2c0e6a50ef99d83aa864,c1ccccc1,scf_13cad05ca8f49c509e5b,False,,scf_13cad05ca8f49c509e5b
par_2c0f357c17ada7fe3fbe,,,True,acy_02d3c252cb9b05c81215,acy_02d3c252cb9b05c81215
par_2c1b97036c39d6b86904,,,True,acy_a5d1b1d4caf5d77ab7ef,acy_a5d1b1d4caf5d77ab7ef
par_2c278b974015f5ad91f8,c1ccccc1,scf_13cad05ca8f49c509e5b,False,,scf_13cad05ca8f49c509e5b
par_2c2cc515bef59d9a6109,[N+]=C1C(=O)NC(=O)NC1=O,scf_c4f1ec373e249e94bffc,False,,scf_c4f1ec373e249e94bffc
par_2c48972f436e0c6fa04a,c1ccccc1,scf_13cad05ca8f49c509e5b,False,,scf_13cad05ca8f49c509e5b
par_2c566d2ca3e98c6ba37e,,,True,acy_89c346f119a1b73c2077,acy_89c346f119a1b73c2077
par_2c648dd9b4743e91dc7a,O=C(OCCCCOC(=O)c1ccccc1)c1ccccc1,scf_9467f2797628d58ad867,False,,scf_9467f2797628d58ad867
par_2c64dd25be7afa27d916,c1ccccc1,scf_13cad05ca8f49c509e5b,False,,scf_13cad05ca8f49c509e5b
par_2c681a2bd928529961ee,,,True,acy_92853978760511ea4212,acy_92853978760511ea4212
par_2c6fb97dd8b9d764a18a,c1ccc2ncccc2c1,scf_a8daf8c5800683abd84e,False,,scf_a8daf8c5800683abd84e
par_2c72987234f2ba6eb86d,c1ccccc1,scf_13cad05ca8f49c509e5b,False,,scf_13cad05ca8f49c509e5b
par_2c72ff7c0cd6f6707dc0,c1ccc(SSc2ccccc2)cc1,scf_2c72ff7c0cd6f6707dc0,False,,scf_2c72ff7c0cd6f6707dc0
par_2c733527da4c3cc5681a,c1ncc2[nH]cnc2n1,scf_7bb936febc81b3a75af4,False,,scf_7bb936febc81b3a75af4
par_2c74dafd1a11ee757fe9,O=C1C=CC(=O)c2ccccc21,scf_647942daa51930f7d0fc,False,,scf_647942daa51930f7d0fc
par_2c7668e65aefd9b0d0e8,c1ccccc1,scf_13cad05ca8f49c509e5b,False,,scf_13cad05ca8f49c509e5b
par_2c83c1e85dedea097188,,,True,acy_6dc158e2e65eb0a253a0,acy_6dc158e2e65eb0a253a0
par_2c93d1752c78fe781a9d,,,True,acy_5188f5b52097f897cc21,acy_5188f5b52097f897cc21
par_2c987eb24e2e44b8d385,,,True,acy_cfcc0afd0ba8d56cc2d9,acy_cfcc0afd0ba8d56cc2d9
par_2ca06352f936bf9007ef,c1ccccc1,scf_13cad05ca8f49c509e5b,False,,scf_13cad05ca8f49c509e5b
par_2ca230cd2ebfc89f5bdc,c1ccc(Oc2ccccc2)cc1,scf_9affd80d02f471acfe8b,False,,scf_9affd80d02f471acfe8b
par_2ca367b8083c12c551b6,c1ccccc1,scf_13cad05ca8f49c509e5b,False,,scf_13cad05ca8f49c509e5b
par_2ca54c6953355569a483,C1CCOCC1,scf_e0a38598de1d53573ce8,False,,scf_e0a38598de1d53573ce8
par_2cadebf1261d37245ae9,C1CCCCC1,scf_a21c4f64dcc59dd2ede8,False,,scf_a21c4f64dcc59dd2ede8
par_2cb2cc2d2875dc3fb44c,O=C1C=CC(=O)N1c1cccc(N2C(=O)C=CC2=O)c1,scf_2cb2cc2d2875dc3fb44c,False,,scf_2cb2cc2d2875dc3fb44c
par_2cc00a666d40a3049f88,C1=Cc2ccccc2Nc2ccccc21,scf_2389b5714d5e43397cc1,False,,scf_2389b5714d5e43397cc1
par_2cc4979a7d8367cdf641,c1ccccc1,scf_13cad05ca8f49c509e5b,False,,scf_13cad05ca8f49c509e5b
par_2ccf17773b468246a84f,O=C(NC(=O)c1ccccc1)Nc1ccccc1,scf_93d1c3930dd8f14249c4,False,,scf_93d1c3930dd8f14249c4
par_2cd4218969c584d35d74,,,True,acy_46e375606df34d10de1b,acy_46e375606df34d10de1b
par_2ceb16f8db86d69bf389,c1ccc2ccccc2c1,scf_a896d495b04a450b732a,False,,scf_a896d495b04a450b732a
par_2cf3f5551a907565f3e2,O=c1n(Cc2ccccc2)c(=O)n(Cc2ccccc2)c(=O)n1Cc1ccccc1,scf_7afbb4176242f209b6a8,False,,scf_7afbb4176242f209b6a8
par_2d078034071f56fadef0,O=S1(=O)CCCC1,scf_7cc6ecfc4117e2735a0f,False,,scf_7cc6ecfc4117e2735a0f
par_2d09131b80e0c7032419,c1ccccc1,scf_13cad05ca8f49c509e5b,False,,scf_13cad05ca8f49c509e5b
par_2d0e15eed616c5b720f4,O=C1CCCCC1,scf_28ed7f4abc3f360949be,False,,scf_28ed7f4abc3f360949be
par_2d110dfb367aaae94f53,,,True,acy_eaa400a4a64d49ce96cc,acy_eaa400a4a64d49ce96cc
par_2d13a53ff3147afdbe4b,c1ncncn1,scf_89055dbbabf38236f98e,False,,scf_89055dbbabf38236f98e
par_2d1526facc27ee524e66,c1ccc2ccccc2c1,scf_a896d495b04a450b732a,False,,scf_a896d495b04a450b732a
par_2d1a748579cd87d1ef50,c1ncncn1,scf_89055dbbabf38236f98e,False,,scf_89055dbbabf38236f98e
par_2d1b8a7b0ed9cb5a3a4a,C(=NNc1ccccc1)C1=[NH+]c2ccccc2C1,scf_2d23f0f54b12734cb61f,False,,scf_2d23f0f54b12734cb61f
par_2d1badcd4d0b9b5b344d,,,True,acy_2f44f6d7eed823c8f1cb,acy_2f44f6d7eed823c8f1cb
par_2d1d91025b74e26ce724,,,True,acy_dc679d7b802285c4fc8a,acy_dc679d7b802285c4fc8a
par_2d2cd30639f9e1b0961b,c1ccc(Oc2cnc3ccccc3n2)cc1,scf_1c3ce9d8c7a50f462203,False,,scf_1c3ce9d8c7a50f462203
par_2d327a7306e542bee460,,,True,acy_baebe53ea9b0bc778110,acy_baebe53ea9b0bc778110
par_2d34aa9e039a85fba4d3,c1ccncc1,scf_75c7a4b0b41e43900bfb,False,,scf_75c7a4b0b41e43900bfb
par_2d374a44b70a7b108c59,,,True,acy_980b55e07f8086444e55,acy_980b55e07f8086444e55
par_2d4115dea9f2bc867b8c,,,True,acy_2f44f6d7eed823c8f1cb,acy_2f44f6d7eed823c8f1cb
par_2d4133366ac92aa1ce2f,,,True,acy_f2097066b862c21a1d5a,acy_f2097066b862c21a1d5a
par_2d5219247a41414ccbbd,,,True,acy_299d97b13375f09dcb46,acy_299d97b13375f09dcb46
par_2d54be9cd9cca86d3b56,,,True,acy_c3b48e74633c01cc3f36,acy_c3b48e74633c01cc3f36
par_2d652b056e03442cbcf5,C(=C/c1ccc(Nc2ncnc(Nc3ccccc3)n2)cc1)\c1ccc(Nc2ncnc(Nc3ccccc3)n2)cc1,scf_972d42ee79710c79e0ac,False,,scf_972d42ee79710c79e0ac
par_2d65a7cde17c3f0e35db,C1=C2c3cccc4[nH]cc(c34)C[C@H]2NCC1,scf_3a515dc4fb3fb14efaf9,False,,scf_3a515dc4fb3fb14efaf9
par_2d65d4335a3e54496dda,,,True,acy_46cf757dafa156063e9b,acy_46cf757dafa156063e9b
par_2d663420ace123df7f03,O=S1(=O)OCCO1,scf_2d663420ace123df7f03,False,,scf_2d663420ace123df7f03
par_2d86752a5c2c2254f654,c1ccccc1,scf_13cad05ca8f49c509e5b,False,,scf_13cad05ca8f49c509e5b
par_2d878fefd89829b00ae4,,,True,acy_e14926f8b0c1d91987b0,acy_e14926f8b0c1d91987b0
par_2d8d98a22e6103678441,c1c[nH]cn1,scf_5c2d4306fe1e3da2ea88,False,,scf_5c2d4306fe1e3da2ea88
par_2d9265842d0862263731,,,True,acy_5d1209072f8c7fbe0ea4,acy_5d1209072f8c7fbe0ea4
par_2da89208d327328b3ccc,,,True,acy_92565685e86ad50ff5bd,acy_92565685e86ad50ff5bd
par_2db8df98067d2cff246f,,,True,acy_8ed2f4ef3614b1040f86,acy_8ed2f4ef3614b1040f86
par_2dd69f18db26b26b849f,O=C(OCc1cccc(Oc2ccccc2)c1)C1CC1,scf_dd5d192b016bdf3547cd,False,,scf_dd5d192b016bdf3547cd
par_2dd6f54165f1a559b33e,,,True,acy_f5f5f27ba1202227f244,acy_f5f5f27ba1202227f244
par_2de3ea8d10ca911c9d4c,[c-]1cccc1,scf_021b746aea5d8386a56b,False,,scf_021b746aea5d8386a56b
par_2de6253d289d3140263c,O=c1[nH]cn[nH]1,scf_4f8aa23b21a8678df2fd,False,,scf_4f8aa23b21a8678df2fd
par_2deb43adabdf36e2deda,c1ccccc1,scf_13cad05ca8f49c509e5b,False,,scf_13cad05ca8f49c509e5b
par_2defa62b0afefe371baf,c1cc(OCC2CO2)cc(OCC2CO2)c1,scf_2defa62b0afefe371baf,False,,scf_2defa62b0afefe371baf
par_2df6c58e4dedfdcd4a96,C=C(c1ccccc1)c1ccccc1,scf_c14e6511ba811d533156,False,,scf_c14e6511ba811d533156
par_2dfc8f9018e54406cf7b,,,True,acy_2ce185c71e5a753fa654,acy_2ce185c71e5a753fa654
par_2e001797577938731901,c1ccccc1,scf_13cad05ca8f49c509e5b,False,,scf_13cad05ca8f49c509e5b
par_2e07742cd03d3f02f99d,,,True,acy_b58dae5cd3e47159461c,acy_b58dae5cd3e47159461c
par_2e0a0a7533536dc0c343,,,True,acy_575d22bf2a332da0b19c,acy_575d22bf2a332da0b19c
par_2e19b2f58acfc9f3833b,,,True,acy_6cb6dbd6d8fc109a0c66,acy_6cb6dbd6d8fc109a0c66
par_2e1e1ccba6d333e7fc7a,,,True,acy_71092f21b9ed7695379a,acy_71092f21b9ed7695379a
par_2e425686842bdc817bb8,c1ccccc1,scf_13cad05ca8f49c509e5b,False,,scf_13cad05ca8f49c509e5b
par_2e561ff2355c06484efc,,,True,acy_7d3c8cff049c843a96e9,acy_7d3c8cff049c843a96e9
par_2e61b4ad86623e744971,c1ccc(CCCCN2CCC(C(c3ccccc3)c3ccccc3)CC2)cc1,scf_8db0bea9e59206f1e339,False,,scf_8db0bea9e59206f1e339
par_2e6483193d767090d41d,C1=C[C@H]2CC[C@@H]1O2,scf_bc14c10ce70ec9a82207,False,,scf_bc14c10ce70ec9a82207
par_2e6564e474b6a811ac41,,,True,acy_23a1176314021ad41fb4,acy_23a1176314021ad41fb4
par_2e6624ce9c27337d3434,c1ccc(Oc2ccccc2)cc1,scf_9affd80d02f471acfe8b,False,,scf_9affd80d02f471acfe8b
par_2e683ad43b0acced6088,,,True,acy_53a9d86c439dfa3196f3,acy_53a9d86c439dfa3196f3
par_2e84c1fb9343a814f915,c1ccccc1,scf_13cad05ca8f49c509e5b,False,,scf_13cad05ca8f49c509e5b
par_2e9379e87159a4998928,,,True,acy_93e798f52593a71538d0,acy_93e798f52593a71538d0
par_2e9b5e03f36359758217,c1ccc2ccccc2c1,scf_a896d495b04a450b732a,False,,scf_a896d495b04a450b732a
par_2e9e6fdfd535870b1bd4,O=S(=O)(Nc1ccccc1)c1nc2ccncn2n1,scf_349fd10924514312b0d6,False,,scf_349fd10924514312b0d6
par_2ea335001a19a60e5002,,,True,acy_7ee2e689213bf2d18a89,acy_7ee2e689213bf2d18a89
par_2ea8cf5e58682fd193e3,,,True,acy_6a8d69f5c9b4ea0706d3,acy_6a8d69f5c9b4ea0706d3
par_2eae23091f2b834804a3,C1COOC1,scf_82e3587012df42261af3,False,,scf_82e3587012df42261af3
par_2eb8f970c92a8ee2344e,O=C1C=CC(=O)c2ccccc21,scf_647942daa51930f7d0fc,False,,scf_647942daa51930f7d0fc
par_2eca609b2dd3f9d9b760,c1cc2c3c(c1)ccc1ccc4cccc-2c4c13,scf_2eca609b2dd3f9d9b760,False,,scf_2eca609b2dd3f9d9b760
par_2eca8602a1e9765a6112,c1cnccn1,scf_55d90557e4f305b624cf,False,,scf_55d90557e4f305b624cf
par_2ed349124d2eff3ed2a0,C1CCSC1,scf_2ed349124d2eff3ed2a0,False,,scf_2ed349124d2eff3ed2a0
par_2ed960f209ed8c1808ba,,,True,acy_c422ea14e888b4f55ddd,acy_c422ea14e888b4f55ddd
par_2ee7be3bd03f013d10b9,c1ccccc1,scf_13cad05ca8f49c509e5b,False,,scf_13cad05ca8f49c509e5b
par_2eec3ab47c7ff5f254bd,,,True,acy_279e4c345f9813087652,acy_279e4c345f9813087652
par_2eeed219961c69512cfc,O=c1c2ccccc2[nH]c2cc3c(=O)c4ccccc4[nH]c3cc12,scf_2eeed219961c69512cfc,False,,scf_2eeed219961c69512cfc
par_2ef4c4e022fb4dfe01fc,c1cc2c3c(cccc3c1)CC2,scf_2ef4c4e022fb4dfe01fc,False,,scf_2ef4c4e022fb4dfe01fc
par_2eff05542ffae117a77f,c1c[nH]cn1,scf_5c2d4306fe1e3da2ea88,False,,scf_5c2d4306fe1e3da2ea88
par_2effe39ff5295105d4b8,O=C(Cc1ccccc1)c1ccccc1,scf_afb59c516b9039ad0d46,False,,scf_afb59c516b9039ad0d46
par_2f01fa4b75be56e20b2c,O=C1CCCN1.O=C1CCCN1,scf_c77e292b4e7ab82c9598,False,,scf_c77e292b4e7ab82c9598
par_2f2050bd39381568f2dc,C=C1SCCS1=O,scf_cd95bd6361a4c5b5fcda,False,,scf_cd95bd6361a4c5b5fcda
par_2f29e8323c4f6425c371,,,True,acy_3fe1aa62f1866c27e49a,acy_3fe1aa62f1866c27e49a
par_2f31a328c988e60975bd,c1cncnc1,scf_a3ad2a5dcc41ff79865e,False,,scf_a3ad2a5dcc41ff79865e
par_2f375b7f3ee4b674d2f1,,,True,acy_c422ea14e888b4f55ddd,acy_c422ea14e888b4f55ddd
par_2f39aebbdaac795d3333,,,True,acy_52e3232b825c9951d3ae,acy_52e3232b825c9951d3ae
par_2f59f4e5fb7738a41713,,,True,acy_85a24330874418efd652,acy_85a24330874418efd652
par_2f6931a5f4610c820ad0,O=C1C=CC(=O)C=C1,scf_8cdfcd7b604185b8463f,False,,scf_8cdfcd7b604185b8463f
par_2f6e1ad61776bbdb8514,,,True,acy_3e0ea233cde1b6a6b050,acy_3e0ea233cde1b6a6b050
par_2f6e6ebb64349cd1d246,,,True,acy_c006b41be0e83b9b0e2d,acy_c006b41be0e83b9b0e2d
par_2f78d679db88e96a05e7,O=C1C=COC1,scf_13b27243e160e03eff85,False,,scf_13b27243e160e03eff85
par_2f78e4b2b296a97107dd,,,True,acy_387cdcfda92cad03ef1f,acy_387cdcfda92cad03ef1f
par_2f7d3c4aff7694c57afc,c1ccc(Cc2ccccc2)cc1,scf_05784e2ddd36e41751a8,False,,scf_05784e2ddd36e41751a8
par_2fa089e566e8c4737736,c1ccc([C+](c2ccccc2)c2ccccc2)cc1,scf_f5b1800ae20f7fd460d1,False,,scf_f5b1800ae20f7fd460d1
par_2fa14bece1fb81a66f38,c1ccccc1,scf_13cad05ca8f49c509e5b,False,,scf_13cad05ca8f49c509e5b
par_2fc035e7f0ad1b53e733,,,True,acy_2d735803a4459c15af4c,acy_2d735803a4459c15af4c
par_2fc4b21f0e806e132ef2,,,True,acy_4465e4452d19246000e7,acy_4465e4452d19246000e7
par_2fc7209f4cdc43d2c5fc,c1ccc(Nc2ccccc2)cc1,scf_66594b79d38dcf0e9b76,False,,scf_66594b79d38dcf0e9b76
par_2fc98a3cf8e340fa7880,c1ccccc1,scf_13cad05ca8f49c509e5b,False,,scf_13cad05ca8f49c509e5b
par_2fd519b7ba9089783a13,,,True,acy_23a1176314021ad41fb4,acy_23a1176314021ad41fb4
par_2fe1b5663c28101ecec9,,,True,acy_f268c8d97933ae9f45c4,acy_f268c8d97933ae9f45c4
par_2fe78b786e754c754dc7,,,True,acy_a0d63edb609df474cee5,acy_a0d63edb609df474cee5
par_2fea7c816bda4af35691,,,True,acy_ee16c97f9af9b2722e05,acy_ee16c97f9af9b2722e05
par_2feb111eeb1b48677977,O=C1NC2(CCCCCCCCCCC2)OC12CCNCC2,scf_cd1d06683a68df80599c,False,,scf_cd1d06683a68df80599c
par_2ffa6fb163a36e52bcad,c1ccccc1,scf_13cad05ca8f49c509e5b,False,,scf_13cad05ca8f49c509e5b
par_3003ed9af191c6f455ed,,,True,acy_8ba1359a905dabcd3f36,acy_8ba1359a905dabcd3f36
par_300f72978e119d6191ef,c1ccncc1,scf_75c7a4b0b41e43900bfb,False,,scf_75c7a4b0b41e43900bfb
par_3020babd509bd5382181,,,True,acy_7fdd2664d01ab4b30430,acy_7fdd2664d01ab4b30430
par_3022004308c9aa84eb42,,,True,acy_ad623c0bf22be33a65dd,acy_ad623c0bf22be33a65dd
par_302f22a9e505138b1f57,,,True,acy_2477fe3d23252bd99c23,acy_2477fe3d23252bd99c23
par_30329acf5d1e81e8c552,c1ccccc1,scf_13cad05ca8f49c509e5b,False,,scf_13cad05ca8f49c509e5b
par_3038512ce1e056b73d07,O=C1CNC(=O)N1,scf_887b1309988e7fe77ebb,False,,scf_887b1309988e7fe77ebb
par_303cb872daee0c20fdc5,c1ccc2c(c1)CCO2,scf_303cb872daee0c20fdc5,False,,scf_303cb872daee0c20fdc5
par_3041f80d5bb403f78915,c1ccc(N=Nc2[nH]cc[nH+]2)cc1,scf_274619578b40931512b7,False,,scf_274619578b40931512b7
par_304c43274929e23437bd,O=c1c2ccccc2c(=O)c2c1ccc1c2[nH]c2c3c(=O)c4ccccc4c(=O)c3c3[nH]c4c(ccc5c(=O)c6ccccc6c(=O)c54)c3c12,scf_304c43274929e23437bd,False,,scf_304c43274929e23437bd
par_3055edd9b00221865374,,,True,acy_bcfe04cf1fdd37a590f1,acy_bcfe04cf1fdd37a590f1
par_30567ca43561c542cb97,c1ccccc1,scf_13cad05ca8f49c509e5b,False,,scf_13cad05ca8f49c509e5b
par_3056cf60b8abb9812888,,,True,acy_41782a3bb0ad51ef2d8e,acy_41782a3bb0ad51ef2d8e
par_306d4e479474f7bc8526,,,True,acy_e0a514e6bd16df05ef74,acy_e0a514e6bd16df05ef74
par_3073319e2005750decc4,,,True,acy_5c256b63230a57dc3066,acy_5c256b63230a57dc3066
par_307c2f25f0998b75b980,c1ccccc1,scf_13cad05ca8f49c509e5b,False,,scf_13cad05ca8f49c509e5b
par_307fc18c5c9276289a6a,,,True,acy_c639d5187b1b954d4ecc,acy_c639d5187b1b954d4ecc
par_3091504ad5a3241f93d3,,,True,acy_8bf476b487957fa74645,acy_8bf476b487957fa74645
par_30919039b6aaeaff4370,c1ccc(Nc2ccc3ccccc3c2)cc1,scf_30919039b6aaeaff4370,False,,scf_30919039b6aaeaff4370
par_30a1ece6ade3a1b991d3,c1ccccc1,scf_13cad05ca8f49c509e5b,False,,scf_13cad05ca8f49c509e5b
par_30a5effe60ccb7cf382d,c1ccccc1,scf_13cad05ca8f49c509e5b,False,,scf_13cad05ca8f49c509e5b
par_30ac87e2640e0552752d,O=C1CCCCCC/C=C/CCCCCCC1,scf_30ac87e2640e0552752d,False,,scf_30ac87e2640e0552752d
par_30b502d173798a6c679b,,,True,acy_5ccd6cb836a22fe34d44,acy_5ccd6cb836a22fe34d44
par_30b70af1e793ac20df77,,,True,acy_a5d1b1d4caf5d77ab7ef,acy_a5d1b1d4caf5d77ab7ef
par_30b7a1cc15f9d0fbe15d,,,True,acy_d24d83d81d3b266265cb,acy_d24d83d81d3b266265cb
par_30bed7df5a27e84196ea,c1ccccc1,scf_13cad05ca8f49c509e5b,False,,scf_13cad05ca8f49c509e5b
par_30cb0f7d09ffa636f43f,c1ccccc1,scf_13cad05ca8f49c509e5b,False,,scf_13cad05ca8f49c509e5b
par_30e49523571ec31e20d8,O=c1c(-c2ccccc2)c[nH]cc1-c1ccccc1,scf_6fff41b225a3d7e589b7,False,,scf_6fff41b225a3d7e589b7
par_30ee0050dcf0bdca53f5,,,True,acy_ebca1cf57412ec58f38f,acy_ebca1cf57412ec58f38f
par_30f06103298539cd7141,,,True,acy_297d0519386185de0c84,acy_297d0519386185de0c84
par_30f3149cf592d8ad5ec6,,,True,acy_5254e01616819ff4bd3a,acy_5254e01616819ff4bd3a
par_31001c97d05a0b556470,c1ccc(CCC(Cn2cncn2)c2ccccc2)cc1,scf_d96ad460c296951cc7ef,False,,scf_d96ad460c296951cc7ef
par_310139a3bf064a40cb85,O=c1c(Cc2ccccc2)coc2ccccc12,scf_4678120c792718f51ad6,False,,scf_4678120c792718f51ad6
par_310ba29c3c361c2188aa,C1=CCCCC1,scf_fe8528cff2dfdfccb743,False,,scf_fe8528cff2dfdfccb743
par_31336a33b0862f133a84,,,True,acy_04640cc7a2b377098f31,acy_04640cc7a2b377098f31
par_3148b026c98ef613e4f8,,,True,acy_440bc5388fff59c5fef4,acy_440bc5388fff59c5fef4
par_31585f5fb83a9164e21e,,,True,acy_6a2e9da4c7b1833e0e06,acy_6a2e9da4c7b1833e0e06
par_31688fbf4fd075e43ede,S=c1[nH]c2ccccc2[nH]1,scf_dd13d7c4242dfdf1537b,False,,scf_dd13d7c4242dfdf1537b
par_3174200286d3d95d15d3,,,True,acy_a5d1b1d4caf5d77ab7ef,acy_a5d1b1d4caf5d77ab7ef
par_3174c87bd500fbdf0592,,,True,acy_a884bb32318664801063,acy_a884bb32318664801063
par_31756f1c7d19cc9a384e,c1ccc2ccccc2c1,scf_a896d495b04a450b732a,False,,scf_a896d495b04a450b732a
par_3177d4030c8a1cf8e43f,c1ccncc1,scf_75c7a4b0b41e43900bfb,False,,scf_75c7a4b0b41e43900bfb
par_317c72f7f645b9c8bbaa,,,True,acy_f6cab5ac78345221ba02,acy_f6cab5ac78345221ba02
par_317f5c2f835f7754f79e,,,True,acy_35f7d549e3a664f14749,acy_35f7d549e3a664f14749
par_319781fb932bb0be2a57,C(=Nc1ccccc1)Nc1ccccc1,scf_8fa43b4485d2c62e1397,False,,scf_8fa43b4485d2c62e1397
par_3197f4089fa7e92e2011,,,True,acy_92565685e86ad50ff5bd,acy_92565685e86ad50ff5bd
par_319b0f80d9e810928861,,,True,acy_a57fa38d35be21261188,acy_a57fa38d35be21261188
par_31a63c29e32fce86b2fa,c1ccc2nc3ccccc3cc2c1,scf_f08dbc8e15ee95f3c572,False,,scf_f08dbc8e15ee95f3c572
par_31dc222c83794dd5dd43,C1CN(CN2CCOC2)CO1,scf_dd4a150e291daeaa072c,False,,scf_dd4a150e291daeaa072c
par_31dd5d379be905640110,,,True,acy_280072fa62f020a6d09d,acy_280072fa62f020a6d09d
par_3207f775be6236ecf8b2,c1ccc(CC2CCCC2Cn2cncn2)cc1,scf_079e5408dd2b24934205,False,,scf_079e5408dd2b24934205
par_3213bd9401532b2a80b3,,,True,acy_465d7c426c437bb17370,acy_465d7c426c437bb17370
par_3215e47b139e7f6ba3f8,c1ccccc1,scf_13cad05ca8f49c509e5b,False,,scf_13cad05ca8f49c509e5b
par_321985e6a681b286d98c,,,True,acy_8ba1359a905dabcd3f36,acy_8ba1359a905dabcd3f36
par_321d9734a01b4a93b04c,O=C1OCCN1c1ccc(N2CCOCC2)cc1,scf_92dcf52398f43c32443f,False,,scf_92dcf52398f43c32443f
par_3226e463ab4d49bf3fb6,O=S(=O)(c1ccccc1)c1ccccc1,scf_a08298a168b69ca6ba77,False,,scf_a08298a168b69ca6ba77
par_322ece1a701af3705fc9,,,True,acy_84e24336daf0130a8626,acy_84e24336daf0130a8626
par_323fcc15af3f2ddba379,c1ccccc1,scf_13cad05ca8f49c509e5b,False,,scf_13cad05ca8f49c509e5b
par_3251b8aabe55928f1c25,c1ccccc1,scf_13cad05ca8f49c509e5b,False,,scf_13cad05ca8f49c509e5b
par_325da823dfde656b389f,,,True,acy_e0a514e6bd16df05ef74,acy_e0a514e6bd16df05ef74
par_325ee4a4718c164c3a55,,,True,acy_6b5baacd644cf0cf45ce,acy_6b5baacd644cf0cf45ce
par_326b506a4b0115d1a448,C1=CC(C2C=CC=C2)C=C1,scf_78a9e6c0127b5bf4a804,False,,scf_78a9e6c0127b5bf4a804
par_327930d28da6be274b2c,c1ccccc1,scf_13cad05ca8f49c509e5b,False,,scf_13cad05ca8f49c509e5b
par_328836b9777c631f6e39,,,True,acy_92853978760511ea4212,acy_92853978760511ea4212
par_32987ae800a090b697f5,c1ccccc1,scf_13cad05ca8f49c509e5b,False,,scf_13cad05ca8f49c509e5b
par_329ee202f94339224047,O=C(Nc1ccccc1)N1COC2Cc3ccccc3C2=N1,scf_876232e2cc32e4eecda7,False,,scf_876232e2cc32e4eecda7
par_329f99b59ac184482bf2,C1=CC2CC1C1CCCC21,scf_3a19eeb58747a65caa31,False,,scf_3a19eeb58747a65caa31
par_32b21ddf78eaabb1ec51,,,True,acy_e446385b9e508b025acd,acy_e446385b9e508b025acd
par_32b5df5f064e0726a751,C1C2CC3CC1CC(C2)C3,scf_397fac64c7aa83aba1b9,False,,scf_397fac64c7aa83aba1b9
par_32ba3bd7835496b08e70,C1CC[NH2+]C1,scf_b8ee51265893dfae12eb,False,,scf_b8ee51265893dfae12eb
par_32c636024f7387d1787f,,,True,acy_48dc9c646ed7e9b2a287,acy_48dc9c646ed7e9b2a287
par_32ca2262b0d7bc622317,c1nc[nH]n1,scf_32ca2262b0d7bc622317,False,,scf_32ca2262b0d7bc622317
par_32d1123edfc7198a19bd,c1ccccc1,scf_13cad05ca8f49c509e5b,False,,scf_13cad05ca8f49c509e5b
par_32dcd9406d46ddfe5088,O=C1NC(c2ccccc2)c2ccccc21,scf_5849dd0f4fcce001d033,False,,scf_5849dd0f4fcce001d033
par_32f6a50b7a646a94073d,,,True,acy_f7508345a5f243377e49,acy_f7508345a5f243377e49
par_32f722ac081e2b042b6c,c1ccc(COc2ccccc2)cc1,scf_048c0536cc6b34f786fd,False,,scf_048c0536cc6b34f786fd
par_32faf6e988603ffa5f98,c1ccc(CNc2ccccc2)cc1,scf_f573aa99b3be3128d885,False,,scf_f573aa99b3be3128d885
par_3316caf76a661745a9b7,c1ccccc1,scf_13cad05ca8f49c509e5b,False,,scf_13cad05ca8f49c509e5b
par_3318eadfd46558f4c4ca,C1CC[C@H](O[C@H]2CC[C@H](O[C@H]3CC[C@H](O[C@H]4CC[C@H](O[C@H]5CC[C@H](O[C@H]6CC[C@H](O[C@H]7CC[C@H](O[C@H]8CC[C@H](O[C@H]9CCCOC9)OC8)OC7)OC6)OC5)OC4)OC3)OC2)OC1,scf_8c67d37804bd06a7890d,False,,scf_8c67d37804bd06a7890d
par_331c34ee8d1490b85141,,,True,acy_bd8266c58630ffaced4f,acy_bd8266c58630ffaced4f
par_33235fe1c7b71934d394,C=C1NCCCS1,scf_5059769e558b6a2b9260,False,,scf_5059769e558b6a2b9260
par_332882e223fb0edefefb,c1ccccc1,scf_13cad05ca8f49c509e5b,False,,scf_13cad05ca8f49c509e5b
par_332ba43ba85357f5f1d3,c1cc[nH+]cc1,scf_8eb2bbb7e55a790a4ea4,False,,scf_8eb2bbb7e55a790a4ea4
par_3332f82d95db98c3c634,O=C1C[C@@H]2CCC1C2,scf_4a87e30f17805f26ac61,False,,scf_4a87e30f17805f26ac61
par_333cd06a7f8e6d63e6e7,c1ccccc1,scf_13cad05ca8f49c509e5b,False,,scf_13cad05ca8f49c509e5b
par_3349264ce7d3bc68d42d,O=C(c1ccccc1)c1ccccc1,scf_113660f6820aa1505046,False,,scf_113660f6820aa1505046
par_334ba044b2f750f15717,,,True,acy_259945c7cfe63709d64a,acy_259945c7cfe63709d64a
par_3354fd98fbbb33711469,,,True,acy_c0b9bb450bdee45bb396,acy_c0b9bb450bdee45bb396
par_335aadd732e14bee8237,c1ccccc1,scf_13cad05ca8f49c509e5b,False,,scf_13cad05ca8f49c509e5b
par_335d9c221c7dd33db4ce,O=C(Cc1ccccc1)N[C@@H]1C(=O)N2CCS[C@H]12,scf_26d7014d9e57bf59cabd,False,,scf_26d7014d9e57bf59cabd
par_335fc66ec5c31099c3ee,,,True,acy_b662a6ab0fbb9ea5d79b,acy_b662a6ab0fbb9ea5d79b
par_336c600868144f95af7f,c1ccc2ccccc2c1,scf_a896d495b04a450b732a,False,,scf_a896d495b04a450b732a
par_3378699e668bb169329d,C1CCC2OC2C1,scf_78d4812342a7f8853471,False,,scf_78d4812342a7f8853471
par_33a857c11a83d158aa32,,,True,acy_3fb7b1b0a1d34e7e58bd,acy_3fb7b1b0a1d34e7e58bd
par_33ac6fa61b8b00581e70,,,True,acy_02d3c252cb9b05c81215,acy_02d3c252cb9b05c81215
par_33b2ee7e1ab836c2beb3,c1ccc2ccccc2c1,scf_a896d495b04a450b732a,False,,scf_a896d495b04a450b732a
par_33be7c378fae95194faf,c1ccccc1,scf_13cad05ca8f49c509e5b,False,,scf_13cad05ca8f49c509e5b
par_33c0a5b45a5a147220e7,,,True,acy_b60886f03325e883b200,acy_b60886f03325e883b200
par_33cab427e48b7e096fdf,C1=CC2C[C@@H]3CCC[C@]3(C1)C2,scf_4848ab99ac9c261689bd,False,,scf_4848ab99ac9c261689bd
par_33db7a719ec1e6066279,,,True,acy_333346d03c1cffd71ff2,acy_333346d03c1cffd71ff2
par_33e07ff4dcc72f683259,O=C1[N-]C(=O)c2ccccc21,scf_33e07ff4dcc72f683259,False,,scf_33e07ff4dcc72f683259
par_33e7eda63f471ad97feb,,,True,acy_1d3d42797ae958634a8d,acy_1d3d42797ae958634a8d
par_33f6e9ba7897196f7b9d,c1ccc2c(c1)oc1ccccc12,scf_33f6e9ba7897196f7b9d,False,,scf_33f6e9ba7897196f7b9d
par_34017b865c0aec2cc419,,,True,acy_105b7cb8ce5fe0fa98dd,acy_105b7cb8ce5fe0fa98dd
par_340a32e9ea936dd3443f,,,True,acy_83b573316ef73f46adaf,acy_83b573316ef73f46adaf
par_3419f34b6e41dbda2100,O=C1NC(=O)N(c2ccccc2)C(=O)/C1=C\C=C\c1ccccc1,scf_d7dd1b696956cfc7ec9e,False,,scf_d7dd1b696956cfc7ec9e
par_3425ae93ef47f8259f5e,c1ccccc1,scf_13cad05ca8f49c509e5b,False,,scf_13cad05ca8f49c509e5b
par_3432a36211fe29df554c,,,True,acy_6dc158e2e65eb0a253a0,acy_6dc158e2e65eb0a253a0
par_344bf420102ef576edf1,c1cncnc1,scf_a3ad2a5dcc41ff79865e,False,,scf_a3ad2a5dcc41ff79865e
par_344de3e2c0e391cbdce4,,,True,acy_8ce74cf8386007e25185,acy_8ce74cf8386007e25185
par_344fe52aad108b1d2a97,c1ccccc1,scf_13cad05ca8f49c509e5b,False,,scf_13cad05ca8f49c509e5b
par_3469afe942d64b0ff06e,,,True,acy_67f3f7e206dd5b5a7007,acy_67f3f7e206dd5b5a7007
par_3469ba5f205ee4c975b1,,,True,acy_9491f8073cf65e7f4ee3,acy_9491f8073cf65e7f4ee3
par_3493787b99785831c7bf,c1ccccc1,scf_13cad05ca8f49c509e5b,False,,scf_13cad05ca8f49c509e5b
par_3499418cc84878bedaa1,c1ccccc1,scf_13cad05ca8f49c509e5b,False,,scf_13cad05ca8f49c509e5b
par_34996578c60a7fecf2cf,c1ccccc1,scf_13cad05ca8f49c509e5b,False,,scf_13cad05ca8f49c509e5b
par_34b1e78fcd87f18ae050,C1CCCCC1,scf_a21c4f64dcc59dd2ede8,False,,scf_a21c4f64dcc59dd2ede8
par_34c506cb199813c062ae,,,True,acy_29ac0d0c461afd89b0fc,acy_29ac0d0c461afd89b0fc
par_34c58a8ba8b88e5bc92c,c1ccccc1,scf_13cad05ca8f49c509e5b,False,,scf_13cad05ca8f49c509e5b
par_34cab2c18efe63ab441c,c1ccccc1,scf_13cad05ca8f49c509e5b,False,,scf_13cad05ca8f49c509e5b
par_34e2bd83f9aea871f077,,,True,acy_592df590b5747e017f85,acy_592df590b5747e017f85
par_34eb75ce68f2fcb5835d,O=C(Nc1ncccn1)NS(=O)(=O)c1ccccc1,scf_2ecd78b700d5afe2adcd,False,,scf_2ecd78b700d5afe2adcd
par_34f0eed7383b6deab3ed,,,True,acy_770187ee129bd1395438,acy_770187ee129bd1395438
par_34f83716011a251044cf,,,True,acy_49cb17f40ff0828b3083,acy_49cb17f40ff0828b3083
par_350b6b2a909a68074eb8,O=C1C=CC(=NNc2ccccc2)C=C1,scf_350b6b2a909a68074eb8,False,,scf_350b6b2a909a68074eb8
par_35130721b9706f3a17dd,c1ccccc1,scf_13cad05ca8f49c509e5b,False,,scf_13cad05ca8f49c509e5b
par_352be92276f69bf453b9,,,True,acy_a66c2597018f222574cb,acy_a66c2597018f222574cb
par_354bb116e465a3213959,c1ccc(Cc2ccccc2)cc1,scf_05784e2ddd36e41751a8,False,,scf_05784e2ddd36e41751a8
par_355e5625daac65a32b40,,,True,acy_465d7c426c437bb17370,acy_465d7c426c437bb17370
par_3568fe8cbf25eda0c71c,c1ccc([C+](c2ccccc2)c2ccccc2)cc1,scf_f5b1800ae20f7fd460d1,False,,scf_f5b1800ae20f7fd460d1
par_359db12950fbcf4b4cf8,,,True,acy_756f802c929d2237a626,acy_756f802c929d2237a626
par_35a10153ecfa2be9242b,O=C1OC2(c3ccccc3Oc3ccccc32)c2ccccc21,scf_c14809c4399a897b6e91,False,,scf_c14809c4399a897b6e91
par_35b620bee8d97664fb5d,C=C1CCC2C3CC[C@H]4CCCCC4[C@@H]3CC[C@@H]12,scf_982d0323b8536ad4c39d,False,,scf_982d0323b8536ad4c39d
par_35b6b2be8269d05e99d5,c1ccccc1,scf_13cad05ca8f49c509e5b,False,,scf_13cad05ca8f49c509e5b
par_35bddfaaaf52af66845c,c1ccncc1,scf_75c7a4b0b41e43900bfb,False,,scf_75c7a4b0b41e43900bfb
par_35be47f042d874ec92f5,c1ccoc1,scf_39d2b6272e06abeff644,False,,scf_39d2b6272e06abeff644
par_35c6df576daad615c29c,C(=Cn1cncn1)c1ccccc1,scf_cb2953478132b4ae5b45,False,,scf_cb2953478132b4ae5b45
par_35dc40998d8ed5fc45bd,c1ccccc1,scf_13cad05ca8f49c509e5b,False,,scf_13cad05ca8f49c509e5b
par_35e4de3146e71397b4ab,,,True,acy_dbdae54709b60499859f,acy_dbdae54709b60499859f
par_36099413cb535a9a90e1,,,True,acy_b70fc48e79d5ccd6da91,acy_b70fc48e79d5ccd6da91
par_3612e8cd9e45d1cd9ff0,C1=CCCCC1,scf_fe8528cff2dfdfccb743,False,,scf_fe8528cff2dfdfccb743
par_3626e8f507f7fd0a557c,,,True,acy_89b5124cf05ccdaeec8a,acy_89b5124cf05ccdaeec8a
par_3629899e49926052ee7a,c1ccccc1,scf_13cad05ca8f49c509e5b,False,,scf_13cad05ca8f49c509e5b
par_362a2451624a2403d4b3,,,True,acy_d5e9ed9d5cddc5657b17,acy_d5e9ed9d5cddc5657b17
par_362e9ba22963ccb8c5bd,c1ccccc1,scf_13cad05ca8f49c509e5b,False,,scf_13cad05ca8f49c509e5b
par_3634243250e1e93de87b,c1ccccc1,scf_13cad05ca8f49c509e5b,False,,scf_13cad05ca8f49c509e5b
par_36368d65f5577144ca3e,C1CC2CCC1O2,scf_3a34370c387882c06e6a,False,,scf_3a34370c387882c06e6a
par_3645ba77584c78e6335b,C(=NNc1ccccc1)c1cc[nH+]cc1,scf_eb513c775aa97c728baf,False,,scf_eb513c775aa97c728baf
par_3649a7cfa591ec5ff72a,c1ccccc1,scf_13cad05ca8f49c509e5b,False,,scf_13cad05ca8f49c509e5b
par_36562f9bdb4e8b288fdd,O=c1n(C[C@@H]2CO2)c(=O)n(C[C@@H]2CO2)c(=O)n1C[C@@H]1CO1,scf_36562f9bdb4e8b288fdd,False,,scf_36562f9bdb4e8b288fdd
par_36571c4a5b81a5ccb8c5,C1CCCCC1,scf_a21c4f64dcc59dd2ede8,False,,scf_a21c4f64dcc59dd2ede8
par_365d760aab8e2099f46a,c1ccccc1,scf_13cad05ca8f49c509e5b,False,,scf_13cad05ca8f49c509e5b
par_3672516615b8670e3977,,,True,acy_42abfea0da5af301f0f3,acy_42abfea0da5af301f0f3
par_36804d9ced02e2ac9680,C1CC2C3CCC(C3)C2C1,scf_9a420f6df288969a3ffc,False,,scf_9a420f6df288969a3ffc
par_36aac3a856be5682dd32,O=C1C[C@H]2CCC1C2,scf_71436c69c562b3d9bbb7,False,,scf_71436c69c562b3d9bbb7
par_36b23ce7da6dbfaa2e4b,,,True,acy_ecb1f7b4776d0287c431,acy_ecb1f7b4776d0287c431
par_36b7ff69604ddd3b1012,c1ccc(-n2cccn2)cc1,scf_7ae701ae224629046c6e,False,,scf_7ae701ae224629046c6e
par_36cccd61268c83cc0b99,c1ccc2c(N=Nc3cccc4ccccc34)cccc2c1.c1ccc2c(N=Nc3cccc4ccccc34)cccc2c1,scf_409802e13d9d8e6a154d,False,,scf_409802e13d9d8e6a154d
par_36d1faa083ecb76b8bbe,c1ccccc1,scf_13cad05ca8f49c509e5b,False,,scf_13cad05ca8f49c509e5b
par_36d57bf9c512d2349711,O=c1c2ccccc2c2ccc3sc4ccccc4c4ccc1c2c34,scf_36d57bf9c512d2349711,False,,scf_36d57bf9c512d2349711
par_36ef412adc09b8f489d7,c1c[nH]cn1,scf_5c2d4306fe1e3da2ea88,False,,scf_5c2d4306fe1e3da2ea88
par_36fa2eafae00eae0fb68,c1ccc(Oc2ccccc2)cc1,scf_9affd80d02f471acfe8b,False,,scf_9affd80d02f471acfe8b
par_3702964c1b2d2d27fc1c,,,True,acy_a5d1b1d4caf5d77ab7ef,acy_a5d1b1d4caf5d77ab7ef
par_370bb013d70b44a5151c,,,True,acy_dbdae54709b60499859f,acy_dbdae54709b60499859f
par_37161215e6ecadefcb70,O=C1C=C2C=C[C@H]3[C@@H]4CCCC4CC[C@@H]3C2[C@H]2C[C@@H]12,scf_9aaecc83f039a5ab5fe9,False,,scf_9aaecc83f039a5ab5fe9
par_371ad6532024cd0dfcf7,,,True,acy_d747b2b713fbb3c2dc93,acy_d747b2b713fbb3c2dc93
par_373d2eb530702a4bf774,,,True,acy_6e48944b6e14217de74f,acy_6e48944b6e14217de74f
par_37541f173b2a9f69d3f2,,,True,acy_e76ebaa558e67e6bd07a,acy_e76ebaa558e67e6bd07a
par_3755b931aad3cd1f78f2,c1ccc2c(c1)ccc1sc3ccccc3c12,scf_3755b931aad3cd1f78f2,False,,scf_3755b931aad3cd1f78f2
par_377beeed88b71bcb958a,c1cncnc1,scf_a3ad2a5dcc41ff79865e,False,,scf_a3ad2a5dcc41ff79865e
par_3799c056e719c2c6d24d,,,True,acy_c639d5187b1b954d4ecc,acy_c639d5187b1b954d4ecc
par_37a89cee84bafa4ba4e4,c1ccncc1,scf_75c7a4b0b41e43900bfb,False,,scf_75c7a4b0b41e43900bfb
par_37b347b7b457f206c521,,,True,acy_a548ac4c71479c339c6e,acy_a548ac4c71479c339c6e
par_37b7cda61aba16ab2ca0,c1ccccc1,scf_13cad05ca8f49c509e5b,False,,scf_13cad05ca8f49c509e5b
par_37cefbc8c934b8395b4e,c1ccccc1,scf_13cad05ca8f49c509e5b,False,,scf_13cad05ca8f49c509e5b
par_37d5324573caee8da13d,,,True,acy_d731d91393648b1529a1,acy_d731d91393648b1529a1
par_37e593b796c3089072ff,c1ccccc1,scf_13cad05ca8f49c509e5b,False,,scf_13cad05ca8f49c509e5b
par_37e984123e02900d16a7,O=C1CCCCOC(=O)C[C@@H](O[C@H]2CCCCO2)C[C@@H](O[C@H]2CCCCO2)CCC1,scf_01125a10317ba620d38c,False,,scf_01125a10317ba620d38c
par_37f163045c668330658c,c1ccccc1,scf_13cad05ca8f49c509e5b,False,,scf_13cad05ca8f49c509e5b
par_37f370eba854bb4ac2a3,c1ccc(-c2ccccc2)cc1,scf_27dacb226b18e24b40e3,False,,scf_27dacb226b18e24b40e3
par_37fbc290c94695ab206a,,,True,acy_d1e95ee0450b739e8186,acy_d1e95ee0450b739e8186
par_3808e5e22b8bcc013d87,c1ccc(Nc2ccccc2)cc1,scf_66594b79d38dcf0e9b76,False,,scf_66594b79d38dcf0e9b76
par_38136283e770f10a2b3a,,,True,acy_3e982822dfd359b8adc2,acy_3e982822dfd359b8adc2
par_38143d8d383562e32cfd,S=P(Oc1ccccc1)(Oc1ccccc1)Oc1ccccc1,scf_38143d8d383562e32cfd,False,,scf_38143d8d383562e32cfd
par_381c676572b4becdd96d,c1ccccc1,scf_13cad05ca8f49c509e5b,False,,scf_13cad05ca8f49c509e5b
par_38393e56ed623630b48f,c1ccccc1,scf_13cad05ca8f49c509e5b,False,,scf_13cad05ca8f49c509e5b
par_38487ce20f2b006fb4e8,O=C1C[C@@H]2OCC=C3CN4CC[C@]56c7ccccc7N1[C@H]5[C@H]2[C@H]3C[C@H]46,scf_38487ce20f2b006fb4e8,False,,scf_38487ce20f2b006fb4e8
par_385f6f305598bca0d9b6,O=C1NC(=O)c2ccccc21,scf_755cd7d31d8401b962e7,False,,scf_755cd7d31d8401b962e7
par_38609413228229517d8c,,,True,acy_7a58c9d53b8e252d64a8,acy_7a58c9d53b8e252d64a8
par_386ab46fd1cc65317c84,,,True,acy_0aba73d52a4e2e6c3524,acy_0aba73d52a4e2e6c3524
par_38704908c0253f9ddfcf,O=c1ocnn1-c1ccccc1,scf_480c062bee99023b6bd7,False,,scf_480c062bee99023b6bd7
par_387d68d6a844e28b1756,,,True,acy_dc3c5eb921aa26eb7e07,acy_dc3c5eb921aa26eb7e07
par_388618c9a135ffb7aa6e,c1ccc2c(c1)CCCO2,scf_8a78b1bc84578bad5663,False,,scf_8a78b1bc84578bad5663
par_3891ea05a5a7b6e2dbda,,,True,acy_9c8631ade0057d2a73be,acy_9c8631ade0057d2a73be
par_389739d2e511bb71b06e,,,True,acy_60a637dd22dc54920b79,acy_60a637dd22dc54920b79
par_38a033fb2b7e6ab2b0c1,,,True,acy_46527a3db33660a138fe,acy_46527a3db33660a138fe
par_38abc985abe1f1571a07,,,True,acy_ed0fd9c7e56a269c25e4,acy_ed0fd9c7e56a269c25e4
par_38b53e04571b485e19f7,,,True,acy_90ac0b0a5e7d41f0aa1d,acy_90ac0b0a5e7d41f0aa1d
par_38bea71130af391417ee,,,True,acy_37f834ae33f6c99cd099,acy_37f834ae33f6c99cd099
par_38ca3ac3eb12e3b756fe,c1ccccc1,scf_13cad05ca8f49c509e5b,False,,scf_13cad05ca8f49c509e5b
par_38d778960371cdc67ad1,O=[p+]1oc2ccccc2c2ccccc21,scf_38d778960371cdc67ad1,False,,scf_38d778960371cdc67ad1
par_38f2f6a79f833c1a74e5,c1ccccc1.c1ccccc1,scf_41f17138a91b62ee11b2,False,,scf_41f17138a91b62ee11b2
par_38fbfd927a7e1cc0549a,,,True,acy_dc668f05815e080b7ee5,acy_dc668f05815e080b7ee5
par_39021918e4524bf5da98,,,True,acy_a36522b71ee8bd6d684e,acy_a36522b71ee8bd6d684e
par_390892f998749699c10b,,,True,acy_fc6dc5bb00fe66686512,acy_fc6dc5bb00fe66686512
par_391014322c39d6d47c18,,,True,acy_c2af09ea2096477656ac,acy_c2af09ea2096477656ac
par_3911df672754359bd75e,C1CC2CCC1C[NH+]=[NH+]2,scf_61f29c1b541e2678686b,False,,scf_61f29c1b541e2678686b
par_3914bf067e988d2cca19,,,True,acy_1f09a96edef2e7d2a06b,acy_1f09a96edef2e7d2a06b
par_391f2c01473e7a2ae15a,,,True,acy_ff328526752a6b808f69,acy_ff328526752a6b808f69
par_39418174d0084ea7294a,,,True,acy_e834e1218b0816cc7263,acy_e834e1218b0816cc7263
par_395844cd93a9c8d5317f,,,True,acy_f2097066b862c21a1d5a,acy_f2097066b862c21a1d5a
par_396c0216cfac263d3470,c1ccccc1,scf_13cad05ca8f49c509e5b,False,,scf_13cad05ca8f49c509e5b
par_396deb302831c3b82418,,,True,acy_09942ee9306043e24b4e,acy_09942ee9306043e24b4e
par_39720ca0b9dcb9d23aaf,,,True,acy_bcfe04cf1fdd37a590f1,acy_bcfe04cf1fdd37a590f1
par_3973948775798be2e023,c1ccccc1,scf_13cad05ca8f49c509e5b,False,,scf_13cad05ca8f49c509e5b
par_397926a1de57eeb3b1f5,C1=CC2=CCC3CCCCC3C2CC1,scf_8a75af9cfd2a51710998,False,,scf_8a75af9cfd2a51710998
par_397fac64c7aa83aba1b9,C1C2CC3CC1CC(C2)C3,scf_397fac64c7aa83aba1b9,False,,scf_397fac64c7aa83aba1b9
par_398192c6ade6a67d579a,,,True,acy_c14c182f487c7e3c7932,acy_c14c182f487c7e3c7932
par_3982491446ba7927f9e8,c1ccccc1,scf_13cad05ca8f49c509e5b,False,,scf_13cad05ca8f49c509e5b
par_39898d162b1a1eca71e4,,,True,acy_275813775dec9963e593,acy_275813775dec9963e593
par_3993cd4ad4b4203a494c,O=C(Nc1ccccc1)C1=Cc2ccccc2/C(=N\Nc2ccccc2)C1=O,scf_218da0967fa7c1013f45,False,,scf_218da0967fa7c1013f45
par_39a58149b05d8093d3e4,O=c1c(C2CC(c3ccc(-c4ccccc4)cc3)Cc3ccccc32)coc2ccccc12,scf_760556e2d91e968a71e0,False,,scf_760556e2d91e968a71e0
par_39a605f9be7951c9d142,c1ccccc1,scf_13cad05ca8f49c509e5b,False,,scf_13cad05ca8f49c509e5b
par_39a824d5cdc9d645a3b1,,,True,acy_b37ecc9683db04478a1c,acy_b37ecc9683db04478a1c
par_39ab914cc0a285562d6a,O=c1cc[nH]c(=O)n1-c1ccccc1,scf_10400a720f3d881fcb13,False,,scf_10400a720f3d881fcb13
par_39abbb486ceabce6ea56,O=C(Nc1ccccc1)c1ccccc1,scf_46dbe06a66c3ecbfaeeb,False,,scf_46dbe06a66c3ecbfaeeb
par_39c317967fbc04de9716,C1CN2CCC1CC2,scf_5f597725e797594c5b45,False,,scf_5f597725e797594c5b45
par_39d09e64e0ce65af0947,,,True,acy_700ca3bc369f42e4a323,acy_700ca3bc369f42e4a323
par_39d2b6272e06abeff644,c1ccoc1,scf_39d2b6272e06abeff644,False,,scf_39d2b6272e06abeff644
par_39ea946880599dc22317,,,True,acy_b18712efdba993fe68a7,acy_b18712efdba993fe68a7
par_39f0d6c328c57adbda72,O=C1c2ccccc2C(=O)c2c(Nc3ccccc3)cccc21,scf_67e62ad7cc6ca1d7287e,False,,scf_67e62ad7cc6ca1d7287e
par_39f52dac70f2dd7ff8f3,,,True,acy_c956b21bac112fdb2424,acy_c956b21bac112fdb2424
par_39f5a9f6d46165b84851,c1ccccc1,scf_13cad05ca8f49c509e5b,False,,scf_13cad05ca8f49c509e5b
par_3a009a1f66d0e5b234d0,C1CO1.c1ccccc1,scf_f7e20bf5cd63a7bea695,False,,scf_f7e20bf5cd63a7bea695
par_3a00d389ad4e9234fed0,c1ccccc1,scf_13cad05ca8f49c509e5b,False,,scf_13cad05ca8f49c509e5b
par_3a1011b3ed2312b5ab87,,,True,acy_e01b4fdecbcf1d40b163,acy_e01b4fdecbcf1d40b163
par_3a537249e2f0fc760f59,,,True,acy_b9ddd305afd3e6a9d2ca,acy_b9ddd305afd3e6a9d2ca
par_3a5dbd571a6430b0673a,,,True,acy_1de26f55f78fb6d9f41f,acy_1de26f55f78fb6d9f41f
par_3a6267fa421e5b1e99ea,,,True,acy_f39d62d04c089d7ff35d,acy_f39d62d04c089d7ff35d
par_3a64eb28fd09b6b29d1c,c1ccc2ccccc2c1,scf_a896d495b04a450b732a,False,,scf_a896d495b04a450b732a
par_3a800cc19c077657d1eb,c1ccccc1,scf_13cad05ca8f49c509e5b,False,,scf_13cad05ca8f49c509e5b
par_3a9669d6e3469a45c2fb,c1ccc([C+](c2ccccc2)c2ccccc2)cc1,scf_f5b1800ae20f7fd460d1,False,,scf_f5b1800ae20f7fd460d1
par_3a9ba55e420e7f30baf1,,,True,acy_1e62ad385008ecf02ea4,acy_1e62ad385008ecf02ea4
par_3a9dcea3bdfc7e346119,c1ccccc1,scf_13cad05ca8f49c509e5b,False,,scf_13cad05ca8f49c509e5b
par_3aaddc095b724a6d610a,,,True,acy_2a08afeef9b7a5a6dde4,acy_2a08afeef9b7a5a6dde4
par_3abb7fdaeb6e04f1b9a0,O=C(OCc1cccc(Oc2ccccc2)c1)C1CC1.O=C1NC(=O)C(C(=O)Nc2ccccc2)C(=O)N1,scf_b3e41af1927fe7409a56,False,,scf_b3e41af1927fe7409a56
par_3abd9200db358d243d6f,,,True,acy_1825afeea7961a0ea912,acy_1825afeea7961a0ea912
par_3abe1a990aa4b599517a,,,True,acy_349d8500060e675bfb81,acy_349d8500060e675bfb81
par_3ac19d87a83e96c5c8eb,,,True,acy_b3145e4970fb46d1419c,acy_b3145e4970fb46d1419c
par_3ad2380ff3db7b8c37b4,,,True,acy_0fe55a8639e23f811746,acy_0fe55a8639e23f811746
par_3ad78bc6cb29b6b1d434,c1ccc2ccccc2c1,scf_a896d495b04a450b732a,False,,scf_a896d495b04a450b732a
par_3ada493953f0f5a3ca5a,,,True,acy_8ce74cf8386007e25185,acy_8ce74cf8386007e25185
par_3aeed7f9d8a4a04f1a47,,,True,acy_75cc5e32ee4b4ca0f63f,acy_75cc5e32ee4b4ca0f63f
par_3af5d12065e126916bd9,c1ccccc1,scf_13cad05ca8f49c509e5b,False,,scf_13cad05ca8f49c509e5b
par_3b00c283b54f41706479,,,True,acy_cb4a10da198105e1f879,acy_cb4a10da198105e1f879
par_3b0a242ff43ed06d03a2,O=C1C=CC(=O)C=C1,scf_8cdfcd7b604185b8463f,False,,scf_8cdfcd7b604185b8463f
par_3b0fdbe24efb46a6bafc,,,True,acy_ace102bbb34fb76d2227,acy_ace102bbb34fb76d2227
par_3b1b3107514460f8639e,O=C(Nc1ncccn1)NS(=O)(=O)c1cnc2ccccn12,scf_e6f7147ac9d4aaf104f3,False,,scf_e6f7147ac9d4aaf104f3
par_3b1d83beed3704e6155c,O=C(NC(=O)c1ccccc1)Nc1ccccc1,scf_93d1c3930dd8f14249c4,False,,scf_93d1c3930dd8f14249c4
par_3b3c651be82187f3c97d,O=C(Nc1ccno1)c1ccccc1,scf_610f444db634537cf120,False,,scf_610f444db634537cf120
par_3b503cdb54d9d79ddd75,O=C1NC(=O)c2ccccc21,scf_755cd7d31d8401b962e7,False,,scf_755cd7d31d8401b962e7
par_3b5354c4ee7910f7c17c,O=c1ccc2ccccc2[nH]1,scf_3b5354c4ee7910f7c17c,False,,scf_3b5354c4ee7910f7c17c
par_3b5a7446ba2d1dfc0a7c,,,True,acy_6dc158e2e65eb0a253a0,acy_6dc158e2e65eb0a253a0
par_3b7bb5e2eb24275ee9fc,c1ccc2c(c1)OCCO2,scf_3b7bb5e2eb24275ee9fc,False,,scf_3b7bb5e2eb24275ee9fc
par_3b81c6f71df0706bfadb,,,True,acy_3b1902207c71cf352d3e,acy_3b1902207c71cf352d3e
par_3b91f74be897f880285d,,,True,acy_4c598c82ca0ae669e92b,acy_4c598c82ca0ae669e92b
par_3baea8ff23905e273755,c1ccccc1,scf_13cad05ca8f49c509e5b,False,,scf_13cad05ca8f49c509e5b
par_3bba1541924222dd55f7,,,True,acy_f2097066b862c21a1d5a,acy_f2097066b862c21a1d5a
par_3bce17617646f9d48f58,c1ccccc1,scf_13cad05ca8f49c509e5b,False,,scf_13cad05ca8f49c509e5b
par_3bd24120923a69cb77a6,c1ccccc1,scf_13cad05ca8f49c509e5b,False,,scf_13cad05ca8f49c509e5b
par_3be0733c1cf7f00da90b,C1CCOCC1,scf_e0a38598de1d53573ce8,False,,scf_e0a38598de1d53573ce8
par_3bf3f6dacfbc27b887cf,,,True,acy_a04448b0abe2c6cd88b2,acy_a04448b0abe2c6cd88b2
par_3bf8f0b1ffbe3688ff00,c1ccccc1,scf_13cad05ca8f49c509e5b,False,,scf_13cad05ca8f49c509e5b
par_3c0a7bac5fd2bf3577f3,,,True,acy_02d3c252cb9b05c81215,acy_02d3c252cb9b05c81215
par_3c0ce9eb489b01da5663,,,True,acy_0fcadd562272a341c99e,acy_0fcadd562272a341c99e
par_3c112d2c545725334082,c1ncncn1,scf_89055dbbabf38236f98e,False,,scf_89055dbbabf38236f98e
par_3c1187c2efeeb1cebca9,c1ccccc1,scf_13cad05ca8f49c509e5b,False,,scf_13cad05ca8f49c509e5b
par_3c1de4a5d02e95f2e1f6,,,True,acy_307a7b005795b5b807fb,acy_307a7b005795b5b807fb
par_3c25f75e3b78625020c2,c1ccccc1,scf_13cad05ca8f49c509e5b,False,,scf_13cad05ca8f49c509e5b
par_3c32050d7e5ad41c7bc6,,,True,acy_f4dd6c4a985782223106,acy_f4dd6c4a985782223106
par_3c331ef09d29cf7cbb88,c1ccc(-n2nc3ccccc3n2)cc1,scf_b889f6cb826d30b728ad,False,,scf_b889f6cb826d30b728ad
par_3c379bfa536994b78c29,,,True,acy_6d7425e85ca066de8b10,acy_6d7425e85ca066de8b10
par_3c451d9aa5d1e5a867fb,C1=C(/C=C/C=C/C[P+](c2ccccc2)(c2ccccc2)c2ccccc2)CCCC1,scf_6577a4018de106d68f45,False,,scf_6577a4018de106d68f45
par_3c55cf5b66001c8254d3,,,True,acy_a327f8f240f5f1d92530,acy_a327f8f240f5f1d92530
par_3c56e86638be8ba22213,C1=CCCC=C1,scf_3b1dd4020ec1fa70a57a,False,,scf_3b1dd4020ec1fa70a57a
par_3c5eabff817b6e0fcbd5,C1CCCCC1,scf_a21c4f64dcc59dd2ede8,False,,scf_a21c4f64dcc59dd2ede8
par_3c78a504aceedee49de2,O=c1c(C2CC(c3ccc(-c4ccccc4)cc3)Cc3ccccc32)csc2ccccc12,scf_145c7252e7f8aea5d87b,False,,scf_145c7252e7f8aea5d87b
par_3c893b2794b6ab1633d9,c1ccccc1,scf_13cad05ca8f49c509e5b,False,,scf_13cad05ca8f49c509e5b
par_3c8fd668e0078a02f0ac,c1ccccc1,scf_13cad05ca8f49c509e5b,False,,scf_13cad05ca8f49c509e5b
par_3c94590640e27875129c,C1CC[C@H]2CC[C@H]3[C@@H]4CCCC4CC[C@@H]3C2C1,scf_c3b5f7cc61192204f9de,False,,scf_c3b5f7cc61192204f9de
par_3ca5c11c987c8e2a1c49,,,True,acy_8e6b0975e1a80d2dfa56,acy_8e6b0975e1a80d2dfa56
par_3ca76d4f99a10bdf457b,,,True,acy_58cbfab102efa1646fe4,acy_58cbfab102efa1646fe4
par_3ca9a1a9e2703f8041d7,c1ccccc1,scf_13cad05ca8f49c509e5b,False,,scf_13cad05ca8f49c509e5b
par_3cbabee25f31af0513b2,,,True,acy_38ee9c8063369dcbb2da,acy_38ee9c8063369dcbb2da
par_3cdc27cfdd7417b8d81f,,,True,acy_f0cd9c12120ad3a3128a,acy_f0cd9c12120ad3a3128a
par_3cdfafe4b752b3d171ed,C1CCNCC1,scf_daa04a326d407f1003f7,False,,scf_daa04a326d407f1003f7
par_3ce6173f5159aa3d2d8e,,,True,acy_94c5c046da93d938268e,acy_94c5c046da93d938268e
par_3ce9392f8582e9f86c08,O=C1c2ccccc2C(=O)c2ccccc21,scf_f0c6b09cfc7aa95a3893,False,,scf_f0c6b09cfc7aa95a3893
par_3ce99d5b7a8113a8c827,O=C1c2ccccc2C(=O)c2c(Nc3nc(Nc4cccc5c4C(=O)c4ccccc4C5=O)nc(-c4ccccc4)n3)cccc21,scf_f1f5db51d2ca0c08db8e,False,,scf_f1f5db51d2ca0c08db8e
par_3d04cffa47115442e4cb,C1CC2CC(C1)C2,scf_ed4f329b1902a6fcd134,False,,scf_ed4f329b1902a6fcd134
par_3d05f7d6acc7412139be,,,True,acy_e93a7d27b6af4030dd51,acy_e93a7d27b6af4030dd51
par_3d1b54966ce9724c23b6,c1ccccc1,scf_13cad05ca8f49c509e5b,False,,scf_13cad05ca8f49c509e5b
par_3d332ddbbb0305612164,c1ccccc1,scf_13cad05ca8f49c509e5b,False,,scf_13cad05ca8f49c509e5b
par_3d39da4f6224f6d1544b,,,True,acy_a0d63edb609df474cee5,acy_a0d63edb609df474cee5
par_3d4f46162cc5aa020fc8,,,True,acy_56ecf40745393b002e94,acy_56ecf40745393b002e94
par_3d5232120da40e5ba6a0,c1ccc(C2CO2)cc1,scf_0026890506bc5d256437,False,,scf_0026890506bc5d256437
par_3d6e36b1fe7705fccc49,O=c1ncncn1[C@H]1CCCO1,scf_5a5e5213d2618e13492d,False,,scf_5a5e5213d2618e13492d
par_3d71582715af49328403,C1COCO1,scf_6329f6891f70fdfd32d7,False,,scf_6329f6891f70fdfd32d7
par_3d7aaec1a07e2ccac994,c1ccccc1,scf_13cad05ca8f49c509e5b,False,,scf_13cad05ca8f49c509e5b
par_3d806361bbc555e315ca,,,True,acy_8e4e78322be4b4524ef0,acy_8e4e78322be4b4524ef0
par_3d81b1df2c472141070e,c1ccccc1,scf_13cad05ca8f49c509e5b,False,,scf_13cad05ca8f49c509e5b
par_3d88d30c6fd8a61cdd7d,,,True,acy_8572fc79a88bd614743c,acy_8572fc79a88bd614743c
par_3d898020fb2312146d25,O=C1c2ccccc2C(=O)c2c(Nc3ccccc3)cccc21,scf_67e62ad7cc6ca1d7287e,False,,scf_67e62ad7cc6ca1d7287e
par_3d8ced170acb6f7614f9,,,True,acy_d731d91393648b1529a1,acy_d731d91393648b1529a1
par_3d8ffda18fb0cf34c334,c1ccccc1,scf_13cad05ca8f49c509e5b,False,,scf_13cad05ca8f49c509e5b
par_3d9f91441e8e681e9a60,C1=CC2CC1C1CCCC21,scf_3a19eeb58747a65caa31,False,,scf_3a19eeb58747a65caa31
par_3db27bd007905bcfd5ac,,,True,acy_d3f4e6e3b9c19eadf5a6,acy_d3f4e6e3b9c19eadf5a6
par_3dbe6b713e033a6dd9a7,,,True,acy_c2af09ea2096477656ac,acy_c2af09ea2096477656ac
par_3dc0bd796d1451a8384f,S=C1SSC2=NCCN12,scf_3dc0bd796d1451a8384f,False,,scf_3dc0bd796d1451a8384f
par_3dc63c925972e17d2a61,O=C1CCC(=O)C1C/C=C1/CCCc2ccccc21,scf_e28337fa496b5d3c3fda,False,,scf_e28337fa496b5d3c3fda
par_3dca3066a8de10c9b94e,,,True,acy_d7c1c4e8cddafc5d8ee7,acy_d7c1c4e8cddafc5d8ee7
par_3dcaf9f64188c763b0ce,,,True,acy_69a8f81d986ffb8ff8fd,acy_69a8f81d986ffb8ff8fd
par_3de067a6499a054a25d4,,,True,acy_25926c2aee0bcd971c4b,acy_25926c2aee0bcd971c4b
par_3de8786aaf7534ca28be,,,True,acy_4a6ccc141b1704869fdc,acy_4a6ccc141b1704869fdc
par_3debad16d2c7b13142c1,C1=NCCN1,scf_e95e80bbbd770e38d2ab,False,,scf_e95e80bbbd770e38d2ab
par_3df65271956093a34fa3,c1ccccc1,scf_13cad05ca8f49c509e5b,False,,scf_13cad05ca8f49c509e5b
par_3df81c084f20e2354a1e,c1ccc2c(c1)N=c1ccccc1=C(N1CCNCC1)N2,scf_a9adbcc3fec66063b563,False,,scf_a9adbcc3fec66063b563
par_3df8c1b1383a13644608,C1CCOCC1,scf_e0a38598de1d53573ce8,False,,scf_e0a38598de1d53573ce8
par_3e037b9175c0b1225875,O=C1C=Cc2ccccc2/C1=N/Nc1ccc2ccccc2c1,scf_626c04b93ebb7f6a62de,False,,scf_626c04b93ebb7f6a62de
par_3e0be4881f4f8be1049d,,,True,acy_b9ddb85d2e39e2f416df,acy_b9ddb85d2e39e2f416df
par_3e15c5a5e3354bb84d15,,,True,acy_cebfd74de0a98450b302,acy_cebfd74de0a98450b302
par_3e37fdd7428f156c1f87,c1ccccc1,scf_13cad05ca8f49c509e5b,False,,scf_13cad05ca8f49c509e5b
par_3e3ac2589296aa9fa859,O=C1C2C3C4CC5C3C1C5C42,scf_813a79c68e63cdaa77d2,False,,scf_813a79c68e63cdaa77d2
par_3e3f9cda640d2df99aa1,,,True,acy_261eeacbfed6503f57f6,acy_261eeacbfed6503f57f6
par_3e52073792e15dfca9fe,,,True,acy_849e4b8eb85971ea0231,acy_849e4b8eb85971ea0231
par_3e59fda90b283165449b,C1CCCCC1,scf_a21c4f64dcc59dd2ede8,False,,scf_a21c4f64dcc59dd2ede8
par_3e602b99cef3e28428ff,c1c[nH]cn1,scf_5c2d4306fe1e3da2ea88,False,,scf_5c2d4306fe1e3da2ea88
par_3e6630465f3219255086,c1ccccc1,scf_13cad05ca8f49c509e5b,False,,scf_13cad05ca8f49c509e5b
par_3e6b65b625b1d358713e,,,True,acy_f2097066b862c21a1d5a,acy_f2097066b862c21a1d5a
par_3e82315abfa11772ba63,O=c1cccc2c(c1)CCCc1ccccc1-2,scf_f54608e553ea05cac5f0,False,,scf_f54608e553ea05cac5f0
par_3e84d4c94175e1127750,c1ccccc1,scf_13cad05ca8f49c509e5b,False,,scf_13cad05ca8f49c509e5b
par_3e8d1bfe56d8cfd4a12c,c1ccccc1,scf_13cad05ca8f49c509e5b,False,,scf_13cad05ca8f49c509e5b
par_3e8da50da7c274205293,C1=CCCCC1,scf_fe8528cff2dfdfccb743,False,,scf_fe8528cff2dfdfccb743
par_3e8e6b63666150a66b96,O=C1OCCN1Nc1ccccc1,scf_716f8384ef53b5c5a343,False,,scf_716f8384ef53b5c5a343
par_3ea3de0daa1ae95ddab9,c1ccccc1,scf_13cad05ca8f49c509e5b,False,,scf_13cad05ca8f49c509e5b
par_3ead540664ebc404ddff,c1ccccc1.c1ccccc1,scf_41f17138a91b62ee11b2,False,,scf_41f17138a91b62ee11b2
par_3eb097c8f31c4d423695,,,True,acy_01ef74aca8d2fb1e0de0,acy_01ef74aca8d2fb1e0de0
par_3ebd60c96451700a2b96,O1[SiH2]O[SiH2]O[SiH2]1,scf_b80149c7618aa7639c99,False,,scf_b80149c7618aa7639c99
par_3ebe8ca426decd0bd5de,C1=CCCCC1,scf_fe8528cff2dfdfccb743,False,,scf_fe8528cff2dfdfccb743
par_3ec46d9ec2fff7f72622,,,True,acy_299d97b13375f09dcb46,acy_299d97b13375f09dcb46
par_3ed8c64f28bc36d6a77c,c1ccccc1,scf_13cad05ca8f49c509e5b,False,,scf_13cad05ca8f49c509e5b
par_3ee8e371814d72b953ed,c1ccccc1,scf_13cad05ca8f49c509e5b,False,,scf_13cad05ca8f49c509e5b
par_3eeafa62e64c277e9a46,O=c1nc[nH]c2ccccc12,scf_3eeafa62e64c277e9a46,False,,scf_3eeafa62e64c277e9a46
par_3ef0f72fbe0d78057089,C1CN2CCN1CC2,scf_3ef0f72fbe0d78057089,False,,scf_3ef0f72fbe0d78057089
par_3efa6a3ce68e95d2d039,O=c1ccc2c(-c3ccccc3)c3ccccc3oc-2c1,scf_c4f3d20e66d27733617c,False,,scf_c4f3d20e66d27733617c
par_3efe32db3074b5167ff0,O=C(Oc1ccccc1)c1ccccc1C(=O)Oc1ccccc1,scf_3efe32db3074b5167ff0,False,,scf_3efe32db3074b5167ff0
par_3f028e281aa5367e737c,O=P(Oc1ccccc1)(Oc1ccccc1)Oc1ccccc1,scf_b6533a219393f1129d26,False,,scf_b6533a219393f1129d26
par_3f071c205f5b7d7344c9,c1ccccc1,scf_13cad05ca8f49c509e5b,False,,scf_13cad05ca8f49c509e5b
par_3f07d61f88d43eb72a01,,,True,acy_07055137f501e7ffd6eb,acy_07055137f501e7ffd6eb
par_3f2059467f0fd0a66923,c1ccccc1,scf_13cad05ca8f49c509e5b,False,,scf_13cad05ca8f49c509e5b
par_3f30878e4213484d728f,c1ccccc1,scf_13cad05ca8f49c509e5b,False,,scf_13cad05ca8f49c509e5b
par_3f43d6302072fadb1d8a,O=C1C=Cc2ccccc2/C1=N/Nc1ccc2ccccc2c1,scf_626c04b93ebb7f6a62de,False,,scf_626c04b93ebb7f6a62de
par_3f4bbe9514cbf5a21cda,O=C1/C(=N\Nc2ccccc2)C=Cc2cccc(Nc3ncnc(Nc4ccc(Nc5ncnc(Nc6cccc7c6C(=O)/C(=N\Nc6ccccc6)C=C7)n5)cc4)n3)c21,scf_94d5e23a1e76cc6ac88f,False,,scf_94d5e23a1e76cc6ac88f
par_3f53fcefd251a4122f4c,O=C1C=CC(=O)O1,scf_3f53fcefd251a4122f4c,False,,scf_3f53fcefd251a4122f4c
par_3f5bb2fea4f2892c3609,O=C1C=CCCC1,scf_9e258000d96cef27d5aa,False,,scf_9e258000d96cef27d5aa
par_3f5d5a797945beb3a414,c1ccccc1,scf_13cad05ca8f49c509e5b,False,,scf_13cad05ca8f49c509e5b
par_3f6259f229fbe6a8cc7e,,,True,acy_f2097066b862c21a1d5a,acy_f2097066b862c21a1d5a
par_3f65c19c6dfa436929c2,O=C1c2ccccc2-c2ccccc21,scf_3f65c19c6dfa436929c2,False,,scf_3f65c19c6dfa436929c2
par_3f674ecb2ac92b6bab22,C1CCCCC2OC2CCC1,scf_3f674ecb2ac92b6bab22,False,,scf_3f674ecb2ac92b6bab22
par_3f6ab03db72c368c7d39,O=C1C=CCC1,scf_0d656c5afdf7bb933f72,False,,scf_0d656c5afdf7bb933f72
par_3f7c6bee4637c37774fe,c1ccc(-c2ccccc2)cc1,scf_27dacb226b18e24b40e3,False,,scf_27dacb226b18e24b40e3
par_3f7f2c20a02532061a89,,,True,acy_860bde7491b3c6e1cd1d,acy_860bde7491b3c6e1cd1d
par_3f9ad254558b62bdd4e0,,,True,acy_f2097066b862c21a1d5a,acy_f2097066b862c21a1d5a
par_3fa61a4191c91326c542,c1ccccc1,scf_13cad05ca8f49c509e5b,False,,scf_13cad05ca8f49c509e5b
par_3fa7d43dbcac2967c3e4,,,True,acy_6dc158e2e65eb0a253a0,acy_6dc158e2e65eb0a253a0
par_3fb732184eefaf8bf956,,,True,acy_6dc158e2e65eb0a253a0,acy_6dc158e2e65eb0a253a0
par_3fb78c52f316b0621de6,,,True,acy_ccdf4e735e6f14934eaf,acy_ccdf4e735e6f14934eaf
par_3fbad77d17224d6c0cbf,O=C1CCC(=O)N1CCNCCNCCNCCN1C(=O)CCC1=O,scf_4719ef5153a84ad73b7b,False,,scf_4719ef5153a84ad73b7b
par_3fbbf81af8e3519af902,c1ccccc1,scf_13cad05ca8f49c509e5b,False,,scf_13cad05ca8f49c509e5b
par_3fbd0865936e7c5d9015,O=C(NC(=O)c1ccccc1)Nc1ccccc1,scf_93d1c3930dd8f14249c4,False,,scf_93d1c3930dd8f14249c4
par_3fdef7abc3e02cd2e0a7,,,True,acy_61acd705a473fb170b18,acy_61acd705a473fb170b18
par_3fe031fef70c4ed00c6c,O=C1COC(=O)CNC(=O)[C@@H](Cc2ccccc2)OC(=O)CNC(=O)COC(=O)CNC(=O)[C@@H](Cc2ccccc2)OC(=O)CN1,scf_51d3c50a92daf4b91417,False,,scf_51d3c50a92daf4b91417
par_3fe23951f5435ae406fc,,,True,acy_88c17d89a31df2327c2d,acy_88c17d89a31df2327c2d
par_3fe4f7d6709bf3a394fa,c1ccccc1,scf_13cad05ca8f49c509e5b,False,,scf_13cad05ca8f49c509e5b
par_3fecdaeb3a7ad336d1e6,,,True,acy_e2e8cd3c64f913f69a87,acy_e2e8cd3c64f913f69a87
par_3ffc038883e7623cf48c,,,True,acy_7efd97131a3cc667eac3,acy_7efd97131a3cc667eac3
par_3fff61848bfd4741c53b,O=C1c2ccccc2C(=O)c2ccccc21,scf_f0c6b09cfc7aa95a3893,False,,scf_f0c6b09cfc7aa95a3893
par_3fffc089e24cfda23acc,O=C1C(N=Nc2ccccc2)C=NN1c1ccccc1,scf_959c2a804d0b336c3fc0,False,,scf_959c2a804d0b336c3fc0
par_4004f32bf2dd5d7f5dc5,c1ccc2ccccc2c1,scf_a896d495b04a450b732a,False,,scf_a896d495b04a450b732a
par_400b7fb90567c85324a1,O=c1[nH]c(=O)[nH]c(=O)[nH]1,scf_8da1e65c62277f6ef1e7,False,,scf_8da1e65c62277f6ef1e7
par_400fea131c07e7a01823,,,True,acy_a14a74dbf7d2689051d8,acy_a14a74dbf7d2689051d8
par_401721c9d73260fefcc4,c1cc(CCc2ccncc2)ccn1,scf_401721c9d73260fefcc4,False,,scf_401721c9d73260fefcc4
par_401dc941fb6654c57a59,c1ccc(CCOCc2cccc(Oc3ccccc3)c2)cc1,scf_d990c8a27a0f93be361e,False,,scf_d990c8a27a0f93be361e
par_404521c67084337c6a67,C1CNCCN1,scf_dcbee0ce71a0a74f5873,False,,scf_dcbee0ce71a0a74f5873
par_40512e9231ba744723cb,,,True,acy_a704a5690f06ac5028ca,acy_a704a5690f06ac5028ca
par_4053f6654e9ca9c104dc,,,True,acy_e0289d6108c06f1718e2,acy_e0289d6108c06f1718e2
par_4059028515c61ef73b8a,C1CCCCC1,scf_a21c4f64dcc59dd2ede8,False,,scf_a21c4f64dcc59dd2ede8
par_405f2fdec5c7d028b234,,,True,acy_80bf00673198a974ee8e,acy_80bf00673198a974ee8e
par_406bed2e733c0dc57f8f,c1ccccc1,scf_13cad05ca8f49c509e5b,False,,scf_13cad05ca8f49c509e5b
par_406ef4b450f137a22fe2,O=C(Cc1ccccc1)c1ccccc1,scf_afb59c516b9039ad0d46,False,,scf_afb59c516b9039ad0d46
par_4076c87753712e0b4d44,,,True,acy_02d3c252cb9b05c81215,acy_02d3c252cb9b05c81215
par_4085f3db707396d410cb,c1ccsc1,scf_5ee447ccf47cda955de9,False,,scf_5ee447ccf47cda955de9
par_408a56431d6ed9007b7d,c1nc[nH]n1,scf_32ca2262b0d7bc622317,False,,scf_32ca2262b0d7bc622317
par_40934ffa45eba73bee1e,,,True,acy_1715aeafa9edbb618c0e,acy_1715aeafa9edbb618c0e
par_40941979aaadf2021439,,,True,acy_889f88ef0306a5e6c390,acy_889f88ef0306a5e6c390
par_409756f449b7dd4bc20b,O=C1C=CC(=O)N1C1CCCCC1,scf_409756f449b7dd4bc20b,False,,scf_409756f449b7dd4bc20b
par_409764c9574c674f95c2,,,True,acy_6b2aeaff75bf6553a67b,acy_6b2aeaff75bf6553a67b
par_40981edfa7d91d23fd87,c1ccccc1,scf_13cad05ca8f49c509e5b,False,,scf_13cad05ca8f49c509e5b
par_40a5042641a16e855605,,,True,acy_9a25ac9d66fe0a02d618,acy_9a25ac9d66fe0a02d618
par_40b885f3b42d4d7b7b8b,c1ccc(Cc2ccccc2)cc1,scf_05784e2ddd36e41751a8,False,,scf_05784e2ddd36e41751a8
par_40c5c23007b7008241d2,,,True,acy_6c45b67a75d4f877167e,acy_6c45b67a75d4f877167e
par_40f7dd8990bbbf79145a,O=C1OC(=O)c2ccccc21,scf_e678825414f631a2478a,False,,scf_e678825414f631a2478a
par_40f8879d75722d3ba6e7,C1=CC2CCC1C2,scf_4803c0f3b9aad24aab1b,False,,scf_4803c0f3b9aad24aab1b
par_40fc96cf4863aecc5421,C(OCC1CO1)C(COCC1CO1)OCC1CO1,scf_40fc96cf4863aecc5421,False,,scf_40fc96cf4863aecc5421
par_40fd215c8abe511d8f61,c1ccccc1,scf_13cad05ca8f49c509e5b,False,,scf_13cad05ca8f49c509e5b
par_410463f70f85de7dfe0d,,,True,acy_99471c1af5262ff5a556,acy_99471c1af5262ff5a556
par_41078587057126d3cbd7,O=C(c1ccccc1)c1ccccc1,scf_113660f6820aa1505046,False,,scf_113660f6820aa1505046
par_41081d81cab4ae2ed8a7,c1ccncc1,scf_75c7a4b0b41e43900bfb,False,,scf_75c7a4b0b41e43900bfb
par_4130d28545d1c24587c0,,,True,acy_f2097066b862c21a1d5a,acy_f2097066b862c21a1d5a
par_4133cb324e3e7d7a1bfb,C1=CC2CCCC(Cc3ccccc3)[C@@H]2CC1,scf_8e0ac43b62cfbedded8c,False,,scf_8e0ac43b62cfbedded8c
par_413ecaad2015b8c96cb8,,,True,acy_31648f9b45423f841282,acy_31648f9b45423f841282
par_416099b4b133e41ec087,,,True,acy_a7f908f354f4b6e1f89f,acy_a7f908f354f4b6e1f89f
par_41767346ce3791abf284,c1ccccc1,scf_13cad05ca8f49c509e5b,False,,scf_13cad05ca8f49c509e5b
par_41777fefbb779994b41e,c1ccccc1.c1ccccc1,scf_41f17138a91b62ee11b2,False,,scf_41f17138a91b62ee11b2
par_417e8f5f9c8e3bb95196,,,True,acy_d1e95ee0450b739e8186,acy_d1e95ee0450b739e8186
par_4180b5943a016caaea0a,C1CCCCC1,scf_a21c4f64dcc59dd2ede8,False,,scf_a21c4f64dcc59dd2ede8
par_418ae17c508a1b0881a0,C1CC2CCC1C2,scf_8decb4ecd7f11859f828,False,,scf_8decb4ecd7f11859f828
par_418fc2e6de64cac1ca65,c1ccc(Nc2ccc(Nc3ccccc3)cc2)cc1,scf_418fc2e6de64cac1ca65,False,,scf_418fc2e6de64cac1ca65
par_419c5817be769fa09002,O=C(n1ccnc1)n1ccnc1,scf_419c5817be769fa09002,False,,scf_419c5817be769fa09002
par_41bcecb147bf2c2fa428,,,True,acy_af48a80bc8ab5444c701,acy_af48a80bc8ab5444c701
par_41c70ae4399dcadc7d0f,c1ccccc1,scf_13cad05ca8f49c509e5b,False,,scf_13cad05ca8f49c509e5b
par_41cb338692ca70ce8d5f,C1CCOCC1,scf_e0a38598de1d53573ce8,False,,scf_e0a38598de1d53573ce8
par_41cf93705215b50f58d6,c1ccc(Cc2ccccc2)cc1,scf_05784e2ddd36e41751a8,False,,scf_05784e2ddd36e41751a8
par_41d01d851253b574f378,,,True,acy_6d5cb7b45d3592c37bc0,acy_6d5cb7b45d3592c37bc0
par_41d107c2f73d4ad344d7,,,True,acy_a3b7b98004ba8c7853ef,acy_a3b7b98004ba8c7853ef
par_41dcdb3f9a98c5a1d3e1,c1ccc2cccc-2cc1,scf_41dcdb3f9a98c5a1d3e1,False,,scf_41dcdb3f9a98c5a1d3e1
par_41dfc4fac22a564381d6,,,True,acy_a884bb32318664801063,acy_a884bb32318664801063
par_41e106fdfc108a685e7e,,,True,acy_f3e35b6510489197e52a,acy_f3e35b6510489197e52a
par_41fd6fc7952b4453d11c,c1ccccc1,scf_13cad05ca8f49c509e5b,False,,scf_13cad05ca8f49c509e5b
par_4204d9d4dbfcada8134c,O=C1CCSSCCNC(=O)CNC(=O)CNC(=O)C(Cc2ccccc2)NC(=O)CNC(=O)CNC(=O)C(Cc2c[nH]c3ccccc23)NC(=O)C(Cc2ccccc2)NC(=O)C(Cc2ccccc2)NC(=O)CNC(=O)CN1,scf_ad8be4d04108232796ee,False,,scf_ad8be4d04108232796ee
par_4219c0f58b07eb382de5,c1ccccc1,scf_13cad05ca8f49c509e5b,False,,scf_13cad05ca8f49c509e5b
par_422a17ccf9b6e79fd5b7,O=C1CN=C(c2ccccn2)N1,scf_a5c85e2510f93e9d1644,False,,scf_a5c85e2510f93e9d1644
par_422b371b3d197765d1bc,c1ccccc1,scf_13cad05ca8f49c509e5b,False,,scf_13cad05ca8f49c509e5b
par_4233c398f2c8f55d5db7,,,True,acy_6334feca94bf0f2bd205,acy_6334feca94bf0f2bd205
par_4237d5e722b090357b74,c1ccncc1,scf_75c7a4b0b41e43900bfb,False,,scf_75c7a4b0b41e43900bfb
par_423f782a40710c6fa07d,c1ccc(-c2ccccc2)cc1,scf_27dacb226b18e24b40e3,False,,scf_27dacb226b18e24b40e3
par_423fdea5159f0fe3f006,O=C(C=Cc1ccccc1)OCCC[NH2+]CCOC(=O)/C=C/c1ccccc1,scf_a4a7b6f715d2c3ed17c8,False,,scf_a4a7b6f715d2c3ed17c8
par_42411347cb6673523df2,,,True,acy_9a25ac9d66fe0a02d618,acy_9a25ac9d66fe0a02d618
par_42466ca92b43814235d9,O=C1Cc2ccccc2N1,scf_e91299b7c2286d48cbac,False,,scf_e91299b7c2286d48cbac
par_424e3e08d2103c484841,C(=C/c1ccc(Nc2ncnc(Nc3ccccc3)n2)cc1)\c1ccc(Nc2ncnc(Nc3ccccc3)n2)cc1,scf_972d42ee79710c79e0ac,False,,scf_972d42ee79710c79e0ac
par_424ec3dfed069438e748,c1ccc(Nc2ccccc2)cc1,scf_66594b79d38dcf0e9b76,False,,scf_66594b79d38dcf0e9b76
par_42564b2817067aa4444e,c1ccccc1,scf_13cad05ca8f49c509e5b,False,,scf_13cad05ca8f49c509e5b
par_4257e209e51473c30fce,,,True,acy_14c7e0998d9589fd20a7,acy_14c7e0998d9589fd20a7
par_425fe1e76ac39c1c8494,c1ccccc1,scf_13cad05ca8f49c509e5b,False,,scf_13cad05ca8f49c509e5b
par_4262a2e02f37d7e9e4b9,c1ccccc1,scf_13cad05ca8f49c509e5b,False,,scf_13cad05ca8f49c509e5b
par_42656383f52f5f618a67,c1ccccc1,scf_13cad05ca8f49c509e5b,False,,scf_13cad05ca8f49c509e5b
par_42684ee5169540cecfb7,O=S(=O)(c1ccccc1)c1ccccc1,scf_a08298a168b69ca6ba77,False,,scf_a08298a168b69ca6ba77
par_426f9e64b13d245a1144,c1ccc2sc(SN(C3CCCCC3)C3CCCCC3)nc2c1,scf_426f9e64b13d245a1144,False,,scf_426f9e64b13d245a1144
par_42745fb2fa4ceab39fce,C1CSCCS1,scf_42745fb2fa4ceab39fce,False,,scf_42745fb2fa4ceab39fce
par_427924b861dba2cee975,,,True,acy_1b199fbbcd694f148b86,acy_1b199fbbcd694f148b86
par_427c53582f0f99c91640,O=C(Nc1ccccc1)c1ccc2ccccc2c1,scf_0aa8beecae37d3094ea7,False,,scf_0aa8beecae37d3094ea7
par_4285f95a012d180f6937,O=S(=O)(c1ccccc1)c1ccccc1,scf_a08298a168b69ca6ba77,False,,scf_a08298a168b69ca6ba77
par_428b5983d0f6750dd77e,,,True,acy_75a3dd8300ec9d7f6d0a,acy_75a3dd8300ec9d7f6d0a
par_42a44c0244fecdffd71d,O=C1c2ccccc2C(=O)c2c(Nc3ccccc3)cccc21,scf_67e62ad7cc6ca1d7287e,False,,scf_67e62ad7cc6ca1d7287e
par_42aa8fc4f6089a2708cf,,,True,acy_b662a6ab0fbb9ea5d79b,acy_b662a6ab0fbb9ea5d79b
par_42afa455bb292a3f2995,,,True,acy_2ced2b9fb1c60e130efa,acy_2ced2b9fb1c60e130efa
par_42b534f7e35964313bf8,O=C1NC(=O)c2ccccc21,scf_755cd7d31d8401b962e7,False,,scf_755cd7d31d8401b962e7
par_42bb8fa70db1019053f2,C=C1C(=O)C[C@@H]2C[C@@H]3Cc4ccccc4C=C3C(=O)C2C1=O,scf_cf99ca29728714ba5236,False,,scf_cf99ca29728714ba5236
par_42be06b2cf5e94060240,,,True,acy_2ad02d99d944239eca56,acy_2ad02d99d944239eca56
par_42d1e8eaf090c8ac08ba,c1ccccc1,scf_13cad05ca8f49c509e5b,False,,scf_13cad05ca8f49c509e5b
par_42d367e35c34418b4449,O=C1CNC(=O)N1,scf_887b1309988e7fe77ebb,False,,scf_887b1309988e7fe77ebb
par_42d675b06e0f78182af5,c1ncncn1,scf_89055dbbabf38236f98e,False,,scf_89055dbbabf38236f98e
par_42e3a54f919a93a621c2,c1ccccc1,scf_13cad05ca8f49c509e5b,False,,scf_13cad05ca8f49c509e5b
par_42fcf813a34903cb9266,c1ccncc1,scf_75c7a4b0b41e43900bfb,False,,scf_75c7a4b0b41e43900bfb
par_4300bc91f6339e238e2f,O=S(=O)(Nc1nncs1)c1ccccc1,scf_22e70108bda866822ef4,False,,scf_22e70108bda866822ef4
par_4301a2560dbab6a274b6,O=C1CNC=N1,scf_3451fbf8787ddb0c7899,False,,scf_3451fbf8787ddb0c7899
par_4324e925570ad7d142a2,O=C(Oc1ccccc1)c1ccccc1,scf_4324e925570ad7d142a2,False,,scf_4324e925570ad7d142a2
par_43260e3e133f7d2daae4,,,True,acy_31207afc69213e7bcd47,acy_31207afc69213e7bcd47
par_4332d335bb16e3d6a77d,,,True,acy_7b1b91336e759115eeb7,acy_7b1b91336e759115eeb7
par_4332f3bd637634fedbd3,,,True,acy_14d89e585d337f5c950e,acy_14d89e585d337f5c950e
par_433aa9a2876720fcf303,c1ccccc1,scf_13cad05ca8f49c509e5b,False,,scf_13cad05ca8f49c509e5b
par_433cc8eedb3adf671185,O=C1C[S][Sn][O]1,scf_6b55d78c96ad59a5e980,False,,scf_6b55d78c96ad59a5e980
par_433cfff197f0fed6f226,c1ccc2c(c1)oc1ccccc12,scf_33f6e9ba7897196f7b9d,False,,scf_33f6e9ba7897196f7b9d
par_4340449b42004e091000,,,True,acy_b60886f03325e883b200,acy_b60886f03325e883b200
par_434f7a9268c52bf9324b,,,True,acy_06f80c29e5e411b59fbf,acy_06f80c29e5e411b59fbf
par_435567eab8d2f3dfd0ec,,,True,acy_7a47f088fa900221186d,acy_7a47f088fa900221186d
par_436457e672d9c372bb80,O=C(c1ccccc1)c1ccccc1,scf_113660f6820aa1505046,False,,scf_113660f6820aa1505046
par_437eba049060578ac702,C=C1C=CC=CC1=O,scf_74bb2656a585782634a7,False,,scf_74bb2656a585782634a7
par_43816e095334065e8dc4,,,True,acy_a04448b0abe2c6cd88b2,acy_a04448b0abe2c6cd88b2
par_4386a35d0c4c0259af36,c1ccccc1,scf_13cad05ca8f49c509e5b,False,,scf_13cad05ca8f49c509e5b
par_43972b95160330f0febc,,,True,acy_156d1699163ca2412392,acy_156d1699163ca2412392
par_43a172eb86e1bedd1e53,C1=CCC=CC1,scf_02151653769bd15a4737,False,,scf_02151653769bd15a4737
par_43b08bbfac5747fea0e8,O=C(OCN1C(=O)C2=C(CCCC2)C1=O)C1CC1,scf_16229cb6d73f3d85e78e,False,,scf_16229cb6d73f3d85e78e
par_43b5eb6d32c2d785d20f,,,True,acy_f2097066b862c21a1d5a,acy_f2097066b862c21a1d5a
par_43c322b92659be8fea0c,,,True,acy_5237380d907e81fc9baf,acy_5237380d907e81fc9baf
par_43cc0e74b2c9a44206b0,c1ccccc1,scf_13cad05ca8f49c509e5b,False,,scf_13cad05ca8f49c509e5b
par_43d049217c864062858c,,,True,acy_79806f0ec20f60a1af21,acy_79806f0ec20f60a1af21
par_43d3a9abd9631c9a998c,,,True,acy_3d6d0704633098fabcd4,acy_3d6d0704633098fabcd4
par_43d47f355799144a034a,c1ccccc1,scf_13cad05ca8f49c509e5b,False,,scf_13cad05ca8f49c509e5b
par_43dcf11ccd67b0fb6346,C1CCNCC1,scf_daa04a326d407f1003f7,False,,scf_daa04a326d407f1003f7
par_43e7179b802513b3a6f8,,,True,acy_156d1699163ca2412392,acy_156d1699163ca2412392
par_43e86d5237a15d190817,c1ccccc1,scf_13cad05ca8f49c509e5b,False,,scf_13cad05ca8f49c509e5b
par_43e941c1a960afc4ca34,c1ccc(Nc2nccc(C3CC3)n2)cc1,scf_a230df98057c226f367b,False,,scf_a230df98057c226f367b
par_43e974b8d0c43e6db62f,c1ccccc1,scf_13cad05ca8f49c509e5b,False,,scf_13cad05ca8f49c509e5b
par_43fe0e80bb5f11721aa6,,,True,acy_f3e35b6510489197e52a,acy_f3e35b6510489197e52a
par_440259ba0d402f01d2b0,O=C(CN(c1ccccc1)S(=O)(=O)c1ccccc1)Nc1ccccc1,scf_ca006b9ad6e118c1bb51,False,,scf_ca006b9ad6e118c1bb51
par_443e214c8ec3fdf5c173,O=C1CCCCO1,scf_96c652d8ab2e5765fb8d,False,,scf_96c652d8ab2e5765fb8d
par_445237eb8fe3fda913e7,,,True,acy_415f164d3ec5a10e7341,acy_415f164d3ec5a10e7341
par_4454b5e7491347b2aee3,O=C(CCc1ccccc1)OCCSCCOC(=O)CCc1ccccc1,scf_703fde82affb67789ae1,False,,scf_703fde82affb67789ae1
par_4457aabf9a1f3ef46bef,,,True,acy_a2bade0f4f3973d63321,acy_a2bade0f4f3973d63321
par_4459af535161c38444b9,C1CCNCC1,scf_daa04a326d407f1003f7,False,,scf_daa04a326d407f1003f7
par_445e2381eafe63fdf2a1,c1ccccc1,scf_13cad05ca8f49c509e5b,False,,scf_13cad05ca8f49c509e5b
par_445e4da686ebd7722871,,,True,acy_07055137f501e7ffd6eb,acy_07055137f501e7ffd6eb
par_446c2cfadd11a346d403,C1CC[NH2+]CC1,scf_88571ae303d9581fb051,False,,scf_88571ae303d9581fb051
par_447d42b7d97ef45c6400,O=C(OCN1C(=O)CNC1=O)C1CC1,scf_2c181ac57ddf4429bc01,False,,scf_2c181ac57ddf4429bc01
par_44a28d359c25560bc287,c1ccccc1,scf_13cad05ca8f49c509e5b,False,,scf_13cad05ca8f49c509e5b
par_44a5e4e872c1b907bb12,,,True,acy_19c878e7ed2877ebbe05,acy_19c878e7ed2877ebbe05
par_44b1c10f24862d941ff4,,,True,acy_435d19fa15be9d089a30,acy_435d19fa15be9d089a30
par_44b6e0aa4693c3ab1924,c1ccccc1,scf_13cad05ca8f49c509e5b,False,,scf_13cad05ca8f49c509e5b
par_44c40e296526df3f1d65,O=C1C=CC(=O)C=C1,scf_8cdfcd7b604185b8463f,False,,scf_8cdfcd7b604185b8463f
par_44cfdfd40cd53ecef033,c1ccccc1,scf_13cad05ca8f49c509e5b,False,,scf_13cad05ca8f49c509e5b
par_44d67c292655205428c9,,,True,acy_6d73e1ef88e554cb5441,acy_6d73e1ef88e554cb5441
par_44db3a5f4a18b797720c,,,True,acy_9a200147d6a5eb5123a3,acy_9a200147d6a5eb5123a3
par_44e40385a98b45773073,,,True,acy_b116d5cfb5ba2b62c6ab,acy_b116d5cfb5ba2b62c6ab
par_44fb490f182eac6dd02c,O=C(c1ccccc1)c1cnoc1C1CC1,scf_27e261bf2ca8db48653f,False,,scf_27e261bf2ca8db48653f
par_44ff8de455b6a937bb1b,,,True,acy_e5d0e42ed6f805cecc83,acy_e5d0e42ed6f805cecc83
par_4502710bb9722f14ec41,c1ccccc1,scf_13cad05ca8f49c509e5b,False,,scf_13cad05ca8f49c509e5b
par_450c81ccb455571d6c7b,N=C1C(=O)NC(=O)NC1=O,scf_89881eb9de1e80cf5c04,False,,scf_89881eb9de1e80cf5c04
par_4517782c8aa3a3adc49c,c1ccccc1,scf_13cad05ca8f49c509e5b,False,,scf_13cad05ca8f49c509e5b
par_4522579d8485e81561d5,c1ccc2sc(SSc3nc4ccccc4s3)nc2c1,scf_4522579d8485e81561d5,False,,scf_4522579d8485e81561d5
par_452549cb41fd880a3c60,,,True,acy_b9ddd305afd3e6a9d2ca,acy_b9ddd305afd3e6a9d2ca
par_4528e929bb860ad8b74c,C1=CCCCC1,scf_fe8528cff2dfdfccb743,False,,scf_fe8528cff2dfdfccb743
par_452a87567401a7b1405c,,,True,acy_3e0ea233cde1b6a6b050,acy_3e0ea233cde1b6a6b050
par_453a3311fa1185ba3c3e,,,True,acy_b45bea67758d45cc099a,acy_b45bea67758d45cc099a
par_453f97fe0a981f1e43f1,,,True,acy_ba61ba2f8b515cbe53b6,acy_ba61ba2f8b515cbe53b6
par_456437d0947bec317a88,,,True,acy_d248295b95427a1efdac,acy_d248295b95427a1efdac
par_456bd8770ec284e930f3,c1ccc2occc2c1,scf_456bd8770ec284e930f3,False,,scf_456bd8770ec284e930f3
par_4577791b550dccb5ccd7,,,True,acy_733cdbfcc7bad2f2b68d,acy_733cdbfcc7bad2f2b68d
par_45815cefedcd716828fb,,,True,acy_2a5b2e75b4d5a842651f,acy_2a5b2e75b4d5a842651f
par_4584b0e8a2aba058aff8,c1ccccc1,scf_13cad05ca8f49c509e5b,False,,scf_13cad05ca8f49c509e5b
par_459a094203c4e4816257,c1ccccc1,scf_13cad05ca8f49c509e5b,False,,scf_13cad05ca8f49c509e5b
par_45a524c6b7883abbf847,c1ccc2ccccc2c1,scf_a896d495b04a450b732a,False,,scf_a896d495b04a450b732a
par_45aebed1017d81f74ba8,c1ccccc1,scf_13cad05ca8f49c509e5b,False,,scf_13cad05ca8f49c509e5b
par_45b3716c4e7990576575,,,True,acy_c422ea14e888b4f55ddd,acy_c422ea14e888b4f55ddd
par_45b4bf14191c6d24b6bd,c1ccccc1,scf_13cad05ca8f49c509e5b,False,,scf_13cad05ca8f49c509e5b
par_45c16698f57e0febe4df,,,True,acy_fcc00233d96cf7fd606a,acy_fcc00233d96cf7fd606a
par_45c597abad2c019edbfa,,,True,acy_360e66b1534a9f486c4f,acy_360e66b1534a9f486c4f
par_45ce1cda149ca624cba2,,,True,acy_2d75f614a4769b510b0d,acy_2d75f614a4769b510b0d
par_45d4f8502f13422937da,c1ccccc1,scf_13cad05ca8f49c509e5b,False,,scf_13cad05ca8f49c509e5b
par_45e5fbf4a470231feb3e,,,True,acy_bc1bb3189b7722d2658c,acy_bc1bb3189b7722d2658c
par_45f0592230296cb85a02,c1ccccc1,scf_13cad05ca8f49c509e5b,False,,scf_13cad05ca8f49c509e5b
par_460835a2605c0316e2ab,O=C(c1ccccc1)c1cccnc1,scf_7e5fca137bfe2502a4c6,False,,scf_7e5fca137bfe2502a4c6
par_460d42fa850890fe65c6,,,True,acy_2c75e37a83799fff62a7,acy_2c75e37a83799fff62a7
par_46163c3960f489859186,C1=C[CH]([Fe][CH]2C=CC=C2CCC2=CC=C[CH]2[Fe][CH]2C=CC=C2)C=C1,scf_47241f53f22a685dd35e,False,,scf_47241f53f22a685dd35e
par_46256330be528666d111,O=c1ccc2c(-c3ccccc3)c3ccccc3oc-2c1,scf_c4f3d20e66d27733617c,False,,scf_c4f3d20e66d27733617c
par_462b618a7419d00dd59f,,,True,acy_e13ccf675cd8a10c325b,acy_e13ccf675cd8a10c325b
par_4642fc5d4616f3aed6fa,O=C(Oc1ccccc1)c1ccccc1,scf_4324e925570ad7d142a2,False,,scf_4324e925570ad7d142a2
par_4645b460b0190030d0c3,,,True,acy_7b11ada82885fda39146,acy_7b11ada82885fda39146
par_464dddacd50bdc29a02f,,,True,acy_3cba6c39cc1510da2e48,acy_3cba6c39cc1510da2e48
par_46517e62aee0b803b8ae,O=C(OCc1cccc(Oc2ccccc2)c1)C1CC1,scf_dd5d192b016bdf3547cd,False,,scf_dd5d192b016bdf3547cd
par_465af22e479f4549da3a,c1ccc2ncccc2c1,scf_a8daf8c5800683abd84e,False,,scf_a8daf8c5800683abd84e
par_4683152e3e559c0a23bf,,,True,acy_8ce74cf8386007e25185,acy_8ce74cf8386007e25185
par_4684c00e6996c6539f6a,,,True,acy_1825afeea7961a0ea912,acy_1825afeea7961a0ea912
par_468b868f7c9b26b68c74,O=C(Nc1ccccc1)c1ccccc1,scf_46dbe06a66c3ecbfaeeb,False,,scf_46dbe06a66c3ecbfaeeb
par_4697d5e8733ce5d5aaf9,,,True,acy_86cbf91d278401a10f08,acy_86cbf91d278401a10f08
par_46dd9cd64c12d9b5b590,c1ccccc1,scf_13cad05ca8f49c509e5b,False,,scf_13cad05ca8f49c509e5b
par_46edc81280b6513eaf5e,O=C1C=C2CC[C@@H]3[C@H](CCC4[C@H]3CC[C@@]43CCC(=O)O3)C2CC1,scf_8bfbb47fb723a05ca94d,False,,scf_8bfbb47fb723a05ca94d
par_46f5ae08af7f215aaf22,,,True,acy_4a859606e0321ed0c65f,acy_4a859606e0321ed0c65f
par_4702a4f21e6363dcc3b6,,,True,acy_2693762a9abfd38fa94b,acy_2693762a9abfd38fa94b
par_4724ac6c5b8450755bf5,,,True,acy_175820fef69415a8203a,acy_175820fef69415a8203a
par_473124fd624b4552df43,c1ccccc1.c1ncncn1.c1ncncn1,scf_d2fdd6a50db82a95f558,False,,scf_d2fdd6a50db82a95f558
par_474405248012a0ce9aa1,c1ccc(Cc2cncnc2)cc1,scf_544062c57432389a62d0,False,,scf_544062c57432389a62d0
par_4757379298e1595c3942,,,True,acy_437a272dda46a87ca231,acy_437a272dda46a87ca231
par_4770f6e9e0f2e052dfe7,,,True,acy_6d94f1a7bf864154ab07,acy_6d94f1a7bf864154ab07
par_477295b5e8203a3bd7aa,c1ccc(Cc2ccccc2)cc1,scf_05784e2ddd36e41751a8,False,,scf_05784e2ddd36e41751a8
par_4773bd292980f6ced9ae,,,True,acy_cfcc0afd0ba8d56cc2d9,acy_cfcc0afd0ba8d56cc2d9
par_47781889d6a8742caece,,,True,acy_2a5b2e75b4d5a842651f,acy_2a5b2e75b4d5a842651f
par_477a991370ddfc4b0ab0,,,True,acy_4dda0495913e01148535,acy_4dda0495913e01148535
par_477be6fd2b8507127b1f,,,True,acy_02d3c252cb9b05c81215,acy_02d3c252cb9b05c81215
par_4786528059416392dc45,O=C(Nc1ncccn1)NS(=O)(=O)c1ccccn1,scf_45c8de348487f71d78be,False,,scf_45c8de348487f71d78be
par_478b369bf7b12877abba,c1nncs1,scf_145a421a86da5c3518e8,False,,scf_145a421a86da5c3518e8
par_478d91cccc66af5ecd4f,C1CCNCC1,scf_daa04a326d407f1003f7,False,,scf_daa04a326d407f1003f7
par_478ff1ac18229974fb29,,,True,acy_9004166fd9ac9f7e4cb5,acy_9004166fd9ac9f7e4cb5
par_47a3e84d3a9c6ac30f84,,,True,acy_18bd3d4a3b33ea4a08ac,acy_18bd3d4a3b33ea4a08ac
par_47bd93e50e8c0a21d4be,,,True,acy_465d7c426c437bb17370,acy_465d7c426c437bb17370
par_47d8aada96ab658f72a2,c1ccccc1,scf_13cad05ca8f49c509e5b,False,,scf_13cad05ca8f49c509e5b
par_47de0fb8df0786066a41,,,True,acy_f2097066b862c21a1d5a,acy_f2097066b862c21a1d5a
par_47f55845951d68f98197,,,True,acy_8d9d4c2abe615dca3648,acy_8d9d4c2abe615dca3648
par_47f58413a15221a52788,c1ccc(Oc2ccccc2)cc1,scf_9affd80d02f471acfe8b,False,,scf_9affd80d02f471acfe8b
par_47fbdab1876ab7b59201,c1ccccc1,scf_13cad05ca8f49c509e5b,False,,scf_13cad05ca8f49c509e5b
par_48017807e0fb4f0d3a3e,,,True,acy_50259dcf51b42ff6096c,acy_50259dcf51b42ff6096c
par_48022b29c1cd04f7721c,,,True,acy_1a76bba637034a973ece,acy_1a76bba637034a973ece
par_4803c0f3b9aad24aab1b,C1=CC2CCC1C2,scf_4803c0f3b9aad24aab1b,False,,scf_4803c0f3b9aad24aab1b
par_4810a881052c148872aa,O=C1C=C/C(=N/Nc2cccc(Nc3ncnc(Nc4cccc(Nc5ncncn5)c4)n3)c2)C(=O)N1,scf_aae1d0bfd51cc68cf41e,False,,scf_aae1d0bfd51cc68cf41e
par_4813cdd10388fb45081b,c1ccc(CNc2ccc([C+](c3ccccc3)c3ccc(NCc4ccccc4)cc3)cc2)cc1,scf_27bf039ffc3dce58b4ea,False,,scf_27bf039ffc3dce58b4ea
par_481461e8d26b3cdf3cf3,,,True,acy_7fdd2664d01ab4b30430,acy_7fdd2664d01ab4b30430
par_481a29c96baceb2de366,,,True,acy_ce58f61f64f1c9d0770a,acy_ce58f61f64f1c9d0770a
par_481b889eedc6d7ec8ba9,O=S(=O)(Nc1ccccn1)c1ccccc1,scf_26d22da0b2d513dcdb69,False,,scf_26d22da0b2d513dcdb69
par_48220ac360214204c950,c1ccccc1,scf_13cad05ca8f49c509e5b,False,,scf_13cad05ca8f49c509e5b
par_4826d359d3e001307138,,,True,acy_23be2577bb54f9b2a734,acy_23be2577bb54f9b2a734
par_482aab758a4323cd7d30,C1OO1,scf_0903c0bb26f4358e3b9a,False,,scf_0903c0bb26f4358e3b9a
par_483062bba77e9535a4e2,C1COCCN1,scf_f2e394232156ef1f934e,False,,scf_f2e394232156ef1f934e
par_483e1517a6a1697926ff,c1ccccc1,scf_13cad05ca8f49c509e5b,False,,scf_13cad05ca8f49c509e5b
par_484e7b22ff6ae069b957,c1ccc(Oc2ccccc2)cc1,scf_9affd80d02f471acfe8b,False,,scf_9affd80d02f471acfe8b
par_485b2e12cf32724f89f5,,,True,acy_9fcbb3fb5c990e1b939d,acy_9fcbb3fb5c990e1b939d
par_4866f47fe52defd4d7f0,,,True,acy_4e30e6a07d8df353fdf9,acy_4e30e6a07d8df353fdf9
par_487239e285c806a8f603,,,True,acy_d731d91393648b1529a1,acy_d731d91393648b1529a1
par_48762ae38224af77c9e4,c1ccncc1,scf_75c7a4b0b41e43900bfb,False,,scf_75c7a4b0b41e43900bfb
par_48782521fdc724329997,c1ccccc1,scf_13cad05ca8f49c509e5b,False,,scf_13cad05ca8f49c509e5b
par_48795d0088dff40078b2,,,True,acy_6fdf8e0ceb2eb0f9ddbd,acy_6fdf8e0ceb2eb0f9ddbd
par_487ed2dcbfa239f0ffcc,C1CCNC1,scf_487ed2dcbfa239f0ffcc,False,,scf_487ed2dcbfa239f0ffcc
par_4899b944ed0ba034666f,c1c[nH+]c[nH]1,scf_597f278cbf8ad8b80b93,False,,scf_597f278cbf8ad8b80b93
par_48a953988d0b688382d0,O=C1CCC[C@@H](CC[C@H]2CC=CC3=CCCC[C@@H]32)O1,scf_a668ec0ddf62fc2ff50d,False,,scf_a668ec0ddf62fc2ff50d
par_48ab42af003bae4b4588,O=C(OCCCOC(=O)c1ccccc1)c1ccccc1,scf_adc057f184bf3cc76ff4,False,,scf_adc057f184bf3cc76ff4
par_48ab9bc6ba77a600b88f,,,True,acy_e3087f3c25b84668d412,acy_e3087f3c25b84668d412
par_48b04627347d0ef2e4c3,,,True,acy_af2e03293ec3e88f34fd,acy_af2e03293ec3e88f34fd
par_48b28439e9cbbe8a77bb,c1ccccc1,scf_13cad05ca8f49c509e5b,False,,scf_13cad05ca8f49c509e5b
par_48c5868800ea4caa2bb1,C(=N/N=C/c1ccccc1)N/N=C/c1ccccc1,scf_296677c149cceca4cb08,False,,scf_296677c149cceca4cb08
par_48d865b5a18a0a808a05,O=C1c2ccccc2C(=O)c2ccccc21,scf_f0c6b09cfc7aa95a3893,False,,scf_f0c6b09cfc7aa95a3893
par_48df320b2511fec4edfc,,,True,acy_b6a07d5f51c8ba5ba6e9,acy_b6a07d5f51c8ba5ba6e9
par_48e175e1e3f35207495e,c1ccccc1,scf_13cad05ca8f49c509e5b,False,,scf_13cad05ca8f49c509e5b
par_48e3c6eb4473ec3dae5f,O=C(OCc1ccccc1)c1ccccc1,scf_10ed63108da7fff9cfff,False,,scf_10ed63108da7fff9cfff
par_48fe1b4c9baa08ba3832,O=[PH](Oc1ccccc1)c1ccccc1,scf_3e8c577f483275729d56,False,,scf_3e8c577f483275729d56
par_4905267d87fb19bd5ae9,,,True,acy_e73fbcfae0e9aa37a139,acy_e73fbcfae0e9aa37a139
par_4910a6d9c54422629f50,c1ccccc1,scf_13cad05ca8f49c509e5b,False,,scf_13cad05ca8f49c509e5b
par_4917266a200dbe97e240,,,True,acy_ac5cd3a2079812687922,acy_ac5cd3a2079812687922
par_4917920d5afe2dc0803b,c1ccoc1,scf_39d2b6272e06abeff644,False,,scf_39d2b6272e06abeff644
par_4919b6cd5b692137dfd9,N=C(c1ccccc1)c1ccccc1,scf_10363538cc7368297f8c,False,,scf_10363538cc7368297f8c
par_49326b1836851cc54922,c1ccccc1,scf_13cad05ca8f49c509e5b,False,,scf_13cad05ca8f49c509e5b
par_49399923858886598bd3,,,True,acy_57f510a8f4ce43675fa8,acy_57f510a8f4ce43675fa8
par_4940da8ffc00bca46685,C(=C/c1ccccc1)\c1ccccc1,scf_76fcb4d76b7334a113f3,False,,scf_76fcb4d76b7334a113f3
par_494b711fad01a95b6832,c1coc(CNc2ncnc3nc[nH]c23)c1,scf_494b711fad01a95b6832,False,,scf_494b711fad01a95b6832
par_495248331fb308b0f19c,C1CCC(CCCC2CCCCC2)CC1,scf_608838e3332d48445e0b,False,,scf_608838e3332d48445e0b
par_4953cf47711f0d653b03,,,True,acy_526790d2649ff7c74644,acy_526790d2649ff7c74644
par_495e02b48112fd921a8d,O=C1c2ccccc2C(=O)c2ccccc21,scf_f0c6b09cfc7aa95a3893,False,,scf_f0c6b09cfc7aa95a3893
par_495f7f849134b153074e,c1ccccc1,scf_13cad05ca8f49c509e5b,False,,scf_13cad05ca8f49c509e5b
par_495fad66f5d4eea2df76,,,True,acy_b7122896e0b6f3b381f5,acy_b7122896e0b6f3b381f5
par_496444f007eb76155f49,,,True,acy_1f5bb014e913f3f268f5,acy_1f5bb014e913f3f268f5
par_49704eede6dd5033e50a,,,True,acy_d1e95ee0450b739e8186,acy_d1e95ee0450b739e8186
par_4976275c1ba8e4ac07b8,,,True,acy_1261f03da8fc89890c4f,acy_1261f03da8fc89890c4f
par_497a795fb7facdd14a9c,O=C(NCc1ccc(Oc2ccccc2)cc1)c1ccn[nH]1,scf_e80a658e936a5dacbbac,False,,scf_e80a658e936a5dacbbac
par_49815a0f992a277c4fa0,c1ccccc1,scf_13cad05ca8f49c509e5b,False,,scf_13cad05ca8f49c509e5b
par_4987b7b12f25e233e39c,,,True,acy_b84891e289fc3b69dd46,acy_b84891e289fc3b69dd46
par_499c133053a1d9b7c163,,,True,acy_dbdae54709b60499859f,acy_dbdae54709b60499859f
par_499ef2fb7a3597bd6ba0,c1ccc(Oc2ccnc3ccccc23)cc1,scf_3250009f40c630e11d28,False,,scf_3250009f40c630e11d28
par_49a2b8d07d355d5ceefa,C1CO1.c1ccc(Cc2ccccc2)cc1,scf_4a42e658959923501a5f,False,,scf_4a42e658959923501a5f
par_49adbad608b41dce6cbf,,,True,acy_0d167ddda31ef4a958aa,acy_0d167ddda31ef4a958aa
par_49b98aa4a92c9f99571f,,,True,acy_6e5523b6dc5e42cc9678,acy_6e5523b6dc5e42cc9678
par_49e493e3664cb4414d0a,C(=C\c1ccc(N=Nc2ccccc2)cc1)\c1ccc(N=Nc2ccccc2)cc1,scf_4e2495aa60adcc10b932,False,,scf_4e2495aa60adcc10b932
par_49e9e5ab9032974c01a8,,,True,acy_2eaaad135c4f9a610670,acy_2eaaad135c4f9a610670
par_49ea47dde517f105e71b,c1ccccc1,scf_13cad05ca8f49c509e5b,False,,scf_13cad05ca8f49c509e5b
par_49f447a71df60ad25bd3,,,True,acy_d3ed1353442f2be40c38,acy_d3ed1353442f2be40c38
par_49f4991950e5b06958d1,c1ccccc1,scf_13cad05ca8f49c509e5b,False,,scf_13cad05ca8f49c509e5b
par_49fd924b6c4d2c81b4c3,,,True,acy_f3e35b6510489197e52a,acy_f3e35b6510489197e52a
par_4a07b67874adbb7e2e1a,O=C1CN=C(c2ccccc2)c2ccccc2N1,scf_82a902031424450a63f4,False,,scf_82a902031424450a63f4
par_4a080a2a20baa1b8e12f,,,True,acy_f5f60c5f56eda51fe878,acy_f5f60c5f56eda51fe878
par_4a0843a73860f9b9a39b,c1ccc(-c2c3ccccc3[o+]c3ccccc23)cc1,scf_8726174983f905ad4336,False,,scf_8726174983f905ad4336
par_4a0bc8c6171c4f6c65d1,c1ccccc1,scf_13cad05ca8f49c509e5b,False,,scf_13cad05ca8f49c509e5b
par_4a103b7262d61e5334a1,c1ccccc1,scf_13cad05ca8f49c509e5b,False,,scf_13cad05ca8f49c509e5b
par_4a15cf6ecf7aadf56e87,c1ccc(Nc2cc(Nc3ccccc3)c3ccccc3c2)cc1,scf_b7f7b88c3c04682e74bc,False,,scf_b7f7b88c3c04682e74bc
par_4a1aa59565fbaf82aaa6,O=C1C=CC2C(=C1)CC[C@H]1[C@@H]3CCCC3CC[C@H]21,scf_e98f273348e4afe20749,False,,scf_e98f273348e4afe20749
par_4a1b4824ef2487560cbd,c1ccccc1,scf_13cad05ca8f49c509e5b,False,,scf_13cad05ca8f49c509e5b
par_4a21d74d08df9dce1635,,,True,acy_1c719291d94255bbb211,acy_1c719291d94255bbb211
par_4a2d48a72b089388f4d7,C1=CC2CCC1C2,scf_4803c0f3b9aad24aab1b,False,,scf_4803c0f3b9aad24aab1b
par_4a3511749b63fe750364,,,True,acy_036784ce9cb2fba0f379,acy_036784ce9cb2fba0f379
par_4a47cdb379969ae9c05b,O=c1ccs[nH]1,scf_e9594c1d6bf486c43ac1,False,,scf_e9594c1d6bf486c43ac1
par_4a565857a14ec1813fd9,,,True,acy_f38ed1399507bb4135a4,acy_f38ed1399507bb4135a4
par_4a5b4eb27d2e840289b0,c1ccoc1,scf_39d2b6272e06abeff644,False,,scf_39d2b6272e06abeff644
par_4a77cd6b6ca7d8d1b63a,c1ccccc1,scf_13cad05ca8f49c509e5b,False,,scf_13cad05ca8f49c509e5b
par_4a7c49cc181db93d2a19,,,True,acy_dbdae54709b60499859f,acy_dbdae54709b60499859f
par_4a89c192080f64c85854,O=C1C=CC(=Nc2ccccc2)C=C1,scf_f06b161ea85d7067a02c,False,,scf_f06b161ea85d7067a02c
par_4a93dfd8c328d7318b87,,,True,acy_561eb8ca0dc4f0b5297b,acy_561eb8ca0dc4f0b5297b
par_4a98e8e386d1680f67d9,c1ccccc1,scf_13cad05ca8f49c509e5b,False,,scf_13cad05ca8f49c509e5b
par_4a9d5caebf5736357569,C1=CC2C3CCC(C3)C2C1,scf_8de56061df0ce7a1728b,False,,scf_8de56061df0ce7a1728b
par_4a9e17f2c06ce7c52efc,O=C1C(N=Nc2cccc(S(=O)(=O)Nc3ccccc3)c2)C=NN1c1ccccc1,scf_d6360a734a110c185551,False,,scf_d6360a734a110c185551
par_4ab9ba55e9a0cb8b2141,,,True,acy_448979f6bf624b1099e6,acy_448979f6bf624b1099e6
par_4abbd42a7d395ceb1f28,,,True,acy_a5d1b1d4caf5d77ab7ef,acy_a5d1b1d4caf5d77ab7ef
par_4ac2ff8f66392b135363,c1ccc2nc3ccccc3cc2c1,scf_f08dbc8e15ee95f3c572,False,,scf_f08dbc8e15ee95f3c572
par_4adb92953676133e0c70,,,True,acy_5109a91ff2a948229f4e,acy_5109a91ff2a948229f4e
par_4aeaf391cc53785b8731,O=C1C(N=Nc2ccccc2)C=NN1c1ccccc1.O=C1C(N=Nc2ccccc2)C=NN1c1ccccc1.O=C1C(N=Nc2ccccc2)C=NN1c1ccccc1,scf_f9cdb4b50cd409898e3e,False,,scf_f9cdb4b50cd409898e3e
par_4aec01a88345dbfb7ed8,c1cc[nH+]cc1,scf_8eb2bbb7e55a790a4ea4,False,,scf_8eb2bbb7e55a790a4ea4
par_4b04f44aafaf18c3cd21,O=C1C[C@H](c2ccccc2)Sc2ccccc2N1,scf_4239c15ebec24f3e5f79,False,,scf_4239c15ebec24f3e5f79
par_4b0e944ecbd5b46707b3,C=C1CC[C@H]2C[C@@H]1C2,scf_550ab4744b4b45de219a,False,,scf_550ab4744b4b45de219a
par_4b0feffac72acdfd8e4f,,,True,acy_efef0ed3984da25a2ea8,acy_efef0ed3984da25a2ea8
par_4b10081b04a7d6abe17b,O=c1c(C2CC(c3ccc(OCc4ccccc4)cc3)Cc3ccccc32)coc2ccccc12,scf_2747ce18a35a11e383e7,False,,scf_2747ce18a35a11e383e7
par_4b3b7293be6611de7b47,O=C(CCc1ccccc1)c1ccccc1,scf_e78520db45820967a9cb,False,,scf_e78520db45820967a9cb
par_4b3b7c2e217fa5ba422e,,,True,acy_0c2bf6a84b3a33f3ad9d,acy_0c2bf6a84b3a33f3ad9d
par_4b3e27132bf461b244fa,,,True,acy_85d6d611a191f7005193,acy_85d6d611a191f7005193
par_4b64caffe64779515eb2,,,True,acy_287ed8261dfb502adc51,acy_287ed8261dfb502adc51
par_4b6b1236f1c31d28d9f9,c1ccccc1,scf_13cad05ca8f49c509e5b,False,,scf_13cad05ca8f49c509e5b
par_4b733bb4d42eba50e77f,O=C1C=C2CC[C@@H]3C(CCC4CCC[C@H]43)C2CC1,scf_fa6e20d064271a95ef38,False,,scf_fa6e20d064271a95ef38
par_4b74363dbcab777d94db,,,True,acy_f0ed4dc93a823eed4e75,acy_f0ed4dc93a823eed4e75
par_4b7458ae55a549f2cade,O=P(Oc1ccccc1)(Oc1ccccc1)Oc1ccccc1,scf_b6533a219393f1129d26,False,,scf_b6533a219393f1129d26
par_4baa7e2b5943672e213e,,,True,acy_c66fd80fbe01d9de0884,acy_c66fd80fbe01d9de0884
par_4bab05f8204e1294c462,O=C(c1ccccc1)P(=O)(c1ccccc1)c1ccccc1,scf_41ed1edbcd0adeb56858,False,,scf_41ed1edbcd0adeb56858
par_4bb589697304fd897c75,,,True,acy_3795ceef2649d199e00d,acy_3795ceef2649d199e00d
par_4bb90ff12eaaa3766269,,,True,acy_8f7ae74ab695c003fcbf,acy_8f7ae74ab695c003fcbf
par_4bc1c721a0000f5d7342,C1CCCCC1,scf_a21c4f64dcc59dd2ede8,False,,scf_a21c4f64dcc59dd2ede8
par_4bcadf8f614820d0b6eb,N=C1C=Cc2ccccc2C1=[O]->[Cu][O]c1cccc(-c2ccc3N/N=C4/C=Cc5ccccc5C4=[O]->[Cu][O]c3c2)c1,scf_5ec15d6ef0af08255a65,False,,scf_5ec15d6ef0af08255a65
par_4bccfd43c669db136a32,,,True,acy_3c25ad7146223ade1147,acy_3c25ad7146223ade1147
par_4bd042ffd37ea1dbfcc8,,,True,acy_a8fe903388192a8a4407,acy_a8fe903388192a8a4407
par_4bd512fa999bc6ee17db,c1ccccc1,scf_13cad05ca8f49c509e5b,False,,scf_13cad05ca8f49c509e5b
par_4be7cb5df73e397f1e8f,c1ccc(Oc2ccc(C3(Cn4cncn4)OCCO3)cc2)cc1,scf_c1c6e0049fe488ed7922,False,,scf_c1c6e0049fe488ed7922
par_4bf124ee34eb98e2d02f,,,True,acy_4976b54c027be906dc08,acy_4976b54c027be906dc08
par_4bfd121c2146f445f3ae,,,True,acy_c289fc9d388a3dc97b56,acy_c289fc9d388a3dc97b56
par_4bfd5a473316dd4d7783,O=C1C=CC(=O)c2ccccc21,scf_647942daa51930f7d0fc,False,,scf_647942daa51930f7d0fc
par_4c08a9c41b307de48b09,O=C1CCCCC1,scf_28ed7f4abc3f360949be,False,,scf_28ed7f4abc3f360949be
par_4c125e35daf12660bdb6,,,True,acy_858b68263023f76dc0e8,acy_858b68263023f76dc0e8
par_4c4e1df1fe70ee2fa75e,c1ccccc1,scf_13cad05ca8f49c509e5b,False,,scf_13cad05ca8f49c509e5b
par_4c4eb6ac001e7906811c,c1ccccc1,scf_13cad05ca8f49c509e5b,False,,scf_13cad05ca8f49c509e5b
par_4c66f4df27a6991151a7,O=S(=O)(Nc1ccccc1)c1nc2ncccn2n1,scf_54e3c1f574978466ddbf,False,,scf_54e3c1f574978466ddbf
par_4c6f165f211db9b3dad8,c1ccccc1,scf_13cad05ca8f49c509e5b,False,,scf_13cad05ca8f49c509e5b
par_4c852b8b66b7bd3e4e75,,,True,acy_d1e95ee0450b739e8186,acy_d1e95ee0450b739e8186
par_4c873588fad59471323f,c1ccccc1,scf_13cad05ca8f49c509e5b,False,,scf_13cad05ca8f49c509e5b
par_4ca141969cea2212f67a,C(=C/c1ccc(Nc2nc(Nc3ccccc3)nc(Nc3ccccc3)n2)cc1)\c1ccc(Nc2nc(Nc3ccccc3)nc(Nc3ccccc3)n2)cc1,scf_6a686bf49523a6ecc23d,False,,scf_6a686bf49523a6ecc23d
par_4ca30cdc35eb80df7fd3,c1ccccc1,scf_13cad05ca8f49c509e5b,False,,scf_13cad05ca8f49c509e5b
par_4cdc9c41d1ac231b81c8,c1ccc(-n2nc3ccccc3n2)cc1,scf_b889f6cb826d30b728ad,False,,scf_b889f6cb826d30b728ad
par_4cdf2894f9e8fe670717,c1ccc(Nc2ccccc2)cc1,scf_66594b79d38dcf0e9b76,False,,scf_66594b79d38dcf0e9b76
par_4ce048c0e85bdcbd2227,O=C(NC(=O)c1ccccc1)Nc1ccccc1,scf_93d1c3930dd8f14249c4,False,,scf_93d1c3930dd8f14249c4
par_4cea03a76d1e35fa7384,O=C1C=CC=C/C1=C1\NC(=O)c2ccccc2N1,scf_31a0a6eabbd1c6abb472,False,,scf_31a0a6eabbd1c6abb472
par_4ced79828b5dd7505198,,,True,acy_c640b520c84056ddbdc1,acy_c640b520c84056ddbdc1
par_4d003214c054eb1b25f9,,,True,acy_9e54abfddf58dfa14455,acy_9e54abfddf58dfa14455
par_4d0695d779355a81423d,,,True,acy_b836c78c286fe890ddd8,acy_b836c78c286fe890ddd8
par_4d1313a339b5fe82574c,C1CCNCC1,scf_daa04a326d407f1003f7,False,,scf_daa04a326d407f1003f7
par_4d13500a4a27edbb5c15,O=c1cc(-c2ccccc2)oc2ccc3ccccc3c12,scf_4d13500a4a27edbb5c15,False,,scf_4d13500a4a27edbb5c15
par_4d263332a4fdd66ea1ad,,,True,acy_1b19e4a43259d122eb1b,acy_1b19e4a43259d122eb1b
par_4d34a067d2089c19fae6,c1ccc2scnc2c1,scf_5a0630b242bf5e7865cb,False,,scf_5a0630b242bf5e7865cb
par_4d47821aef904c916827,C1CCCCC1,scf_a21c4f64dcc59dd2ede8,False,,scf_a21c4f64dcc59dd2ede8
par_4d584857157f80c2870a,,,True,acy_f6494dc714865c7d37b9,acy_f6494dc714865c7d37b9
par_4d67413f6e7d2f6766c2,O=C(CC1CCCCN1)Cn1cnc2ccccc2c1=O,scf_2d06350291c3a9c5906f,False,,scf_2d06350291c3a9c5906f
par_4d76dcd9d118718abe07,c1ccc2n[n-]nc2c1,scf_c96ce349972119aa006a,False,,scf_c96ce349972119aa006a
par_4d7d2341314ffcce49f8,,,True,acy_859ba3bd839af1d5e80c,acy_859ba3bd839af1d5e80c
par_4d818106f25641830c23,,,True,acy_e3e6fa3e33660a5e6c41,acy_e3e6fa3e33660a5e6c41
par_4d8b1bfed80ed83fbc38,,,True,acy_755c3c63f67ea53348e4,acy_755c3c63f67ea53348e4
par_4d92e2f70f22155db526,c1ccc2cc(N=Nc3ccc4cccc(Nc5ncncn5)c4c3)ccc2c1,scf_1a5eef23334f49d0f342,False,,scf_1a5eef23334f49d0f342
par_4daf6bcdef26bc02372a,O=C(CCc1ccccc1)c1ccc(N2CCOCC2)cc1,scf_76fbb11f328908b26f3d,False,,scf_76fbb11f328908b26f3d
par_4db16172990759732d46,,,True,acy_8d72129a7ac68fff2863,acy_8d72129a7ac68fff2863
par_4dc27a8fe792acdfd208,c1ccccc1.c1ccccc1,scf_41f17138a91b62ee11b2,False,,scf_41f17138a91b62ee11b2
par_4dc74a450466dd038c0d,c1ccc(Cc2ccccc2)cc1,scf_05784e2ddd36e41751a8,False,,scf_05784e2ddd36e41751a8
par_4dcf812caa5e57d1b0fa,,,True,acy_8c4c3659052797ead5cb,acy_8c4c3659052797ead5cb
par_4dd2e08787288463df81,O=S(=O)(Nc1ccccc1)c1ccc(Nc2ccc(Nc3ccccc3)cc2)cc1,scf_6386b9fb01862b9b65ed,False,,scf_6386b9fb01862b9b65ed
par_4dee58b423cf549cb3e9,c1ccccc1,scf_13cad05ca8f49c509e5b,False,,scf_13cad05ca8f49c509e5b
par_4dff552d7470812f72b8,,,True,acy_13087c12da1e47e61dbf,acy_13087c12da1e47e61dbf
par_4e12c2773ddda5ad6f6e,c1ccncc1,scf_75c7a4b0b41e43900bfb,False,,scf_75c7a4b0b41e43900bfb
par_4e1479020882ce00cdd1,,,True,acy_33612dfd571caa8b2f35,acy_33612dfd571caa8b2f35
par_4e2a5ac8cf3940998444,,,True,acy_cf05029c5707b4559603,acy_cf05029c5707b4559603
par_4e2ac7ec6b476b74b39e,,,True,acy_07f903afeb5ab478666b,acy_07f903afeb5ab478666b
par_4e31781bd742afaac008,c1ccccc1,scf_13cad05ca8f49c509e5b,False,,scf_13cad05ca8f49c509e5b
par_4e37c188206277d1979e,,,True,acy_f68817ffdf0c0dd9ebb3,acy_f68817ffdf0c0dd9ebb3
par_4e384016191e4dce0392,N=C1SCCN1Cc1cccnc1,scf_93c6c1d897f831dd6f4a,False,,scf_93c6c1d897f831dd6f4a
par_4e388629c518cdad8a9a,,,True,acy_41bb5be56e8472b2bcff,acy_41bb5be56e8472b2bcff
par_4e389151510fe0b1ff17,O=c1[nH]c2ncccc2o1,scf_a61142be5f8223339376,False,,scf_a61142be5f8223339376
par_4e3d53f28fdc40765139,c1ccccc1,scf_13cad05ca8f49c509e5b,False,,scf_13cad05ca8f49c509e5b
par_4e4639f0100a87bdf8b3,,,True,acy_90589f7f34ad7cc7a28f,acy_90589f7f34ad7cc7a28f
par_4e4e8f26219e9a91580f,,,True,acy_6dc158e2e65eb0a253a0,acy_6dc158e2e65eb0a253a0
par_4e5223167ea853e2bfe2,O=C1c2ccccc2C(=O)c2c(Nc3cccc(S(=O)(=O)NC4CCCCC4)c3)ccc(Nc3cccc(S(=O)(=O)NC4CCCCC4)c3)c21,scf_69d141aed1a3a63d0ed0,False,,scf_69d141aed1a3a63d0ed0
par_4e668a15dbfb99cef4e5,,,True,acy_6a23975c93e6e9a928c8,acy_6a23975c93e6e9a928c8
par_4e67e73c3b9407ab3e27,c1ccccc1,scf_13cad05ca8f49c509e5b,False,,scf_13cad05ca8f49c509e5b
par_4e707c3b698dfa019186,,,True,acy_b089fe4142b7d158c6d9,acy_b089fe4142b7d158c6d9
par_4e8b8304e6ef7f137082,O=C1CCC(=O)C1,scf_39cdb27120e29ea724e9,False,,scf_39cdb27120e29ea724e9
par_4e90830f7ac05bfc68c0,C1=CC(c2ccc(C3CC=CCC3)cc2)CCC1,scf_4e90830f7ac05bfc68c0,False,,scf_4e90830f7ac05bfc68c0
par_4e98cbefd317d24cae60,O=C1c2ccccc2C(=O)C1c1ccc2ccccc2n1,scf_f6a64d51a6172ca6fdb8,False,,scf_f6a64d51a6172ca6fdb8
par_4e9d1187d23b73408e02,,,True,acy_502610a15d3ffef7f2cd,acy_502610a15d3ffef7f2cd
par_4eae2fc0b4b79149cd48,,,True,acy_02d3c252cb9b05c81215,acy_02d3c252cb9b05c81215
par_4ebdde181c9e7e3047c2,c1ccccc1,scf_13cad05ca8f49c509e5b,False,,scf_13cad05ca8f49c509e5b
par_4ecfc43a63b2bd583a7b,,,True,acy_148a3e833acb74479ad6,acy_148a3e833acb74479ad6
par_4ed4dc7682af678f718b,,,True,acy_d3ed1353442f2be40c38,acy_d3ed1353442f2be40c38
par_4ee7f590b48f0b74d290,O=S(=O)(c1ccccc1)c1ccccc1N=Nc1cccc2ccccc12,scf_300221de64fffc185451,False,,scf_300221de64fffc185451
par_4f06b68dc34ab60c571f,,,True,acy_8600fed94d263dd0c2fb,acy_8600fed94d263dd0c2fb
par_4f079c122b8755f7a611,,,True,acy_924cd020feb4eabc643d,acy_924cd020feb4eabc643d
par_4f0d4dc396d89e2ac3af,c1cncnc1,scf_a3ad2a5dcc41ff79865e,False,,scf_a3ad2a5dcc41ff79865e
par_4f144ea774cf4d6113e6,c1ccccc1,scf_13cad05ca8f49c509e5b,False,,scf_13cad05ca8f49c509e5b
par_4f1a9d14b92b19b0111f,c1ccccc1,scf_13cad05ca8f49c509e5b,False,,scf_13cad05ca8f49c509e5b
par_4f25161e5eb79220b76d,,,True,acy_3b0d6550526c41501541,acy_3b0d6550526c41501541
par_4f25fc6d47a54c50abc6,c1ccc(Oc2ccccc2)cc1,scf_9affd80d02f471acfe8b,False,,scf_9affd80d02f471acfe8b
par_4f2f4092bcaf058d25df,,,True,acy_65329b091571a5db6f57,acy_65329b091571a5db6f57
par_4f524a0e639be47a0e38,O=c1cc[nH]cn1,scf_e2361e4f37692f093c83,False,,scf_e2361e4f37692f093c83
par_4f5de104cbabf11f3405,c1ccc2ccccc2c1,scf_a896d495b04a450b732a,False,,scf_a896d495b04a450b732a
par_4f5e63c3214bdc5220f3,O=C1CCCC1,scf_25ef9bca067efdf83125,False,,scf_25ef9bca067efdf83125
par_4f6b36449f41b9b5a807,O=C(CN=Nc1ccccc1)Nc1ccc2[nH]c(=O)[nH]c2c1,scf_5973106962135bef4de2,False,,scf_5973106962135bef4de2
par_4f7f67f4a23e6856c677,,,True,acy_2b3dc2ab3dc9ae6fdcd3,acy_2b3dc2ab3dc9ae6fdcd3
par_4f847d9e3cd947e89007,c1ccccc1,scf_13cad05ca8f49c509e5b,False,,scf_13cad05ca8f49c509e5b
par_4f8f6660f0c35f27ed05,,,True,acy_d50ea744641a34330ee1,acy_d50ea744641a34330ee1
par_4f99c4760b6b61b76202,O=C1c2ccccc2C(=O)N1SC1CCCCC1,scf_4f99c4760b6b61b76202,False,,scf_4f99c4760b6b61b76202
par_4f9f9267b2a3870eaa4e,O=C1/C(=N/Nc2cccc(Nc3ncnc(Nc4ccccc4)n3)c2)C=Cc2ccccc21,scf_e112d93c93c89da4c2b8,False,,scf_e112d93c93c89da4c2b8
par_4fa275fa28063f38acfa,c1ccccc1,scf_13cad05ca8f49c509e5b,False,,scf_13cad05ca8f49c509e5b
par_4fa4e87a50b1771a37c8,O=c1[nH]ncn1CCOc1ccccc1,scf_89b9d7b8ea751ad26834,False,,scf_89b9d7b8ea751ad26834
par_4fa5b055bedf05a885ad,O=P(Oc1ccccc1)(Oc1ccccc1)Oc1ccccc1,scf_b6533a219393f1129d26,False,,scf_b6533a219393f1129d26
par_4fb53c5a6b7f31477b69,C1=CCCCC1,scf_fe8528cff2dfdfccb743,False,,scf_fe8528cff2dfdfccb743
par_4fb5a694f537eaa644ee,c1ccc2ncccc2c1,scf_a8daf8c5800683abd84e,False,,scf_a8daf8c5800683abd84e
par_4fbac585252d428a589b,,,True,acy_a8d817b4c9c6591d9563,acy_a8d817b4c9c6591d9563
par_4fc715f89d37ceba380e,,,True,acy_0aba73d52a4e2e6c3524,acy_0aba73d52a4e2e6c3524
par_4fcb71b890dec3dac988,c1ccccc1,scf_13cad05ca8f49c509e5b,False,,scf_13cad05ca8f49c509e5b
par_4fcc564c25c8d56736dd,,,True,acy_fe62ce28b88d109bb842,acy_fe62ce28b88d109bb842
par_4fd704eff77b19ccacf1,c1ccccc1,scf_13cad05ca8f49c509e5b,False,,scf_13cad05ca8f49c509e5b
par_4fe0beb218e76d24b2c4,c1ccccc1,scf_13cad05ca8f49c509e5b,False,,scf_13cad05ca8f49c509e5b
par_4fe17f0a45b0e4f7fc6c,O=C1CCC2=C(CC[C@@H]3[C@@H]2CCC2C(=O)CC[C@H]23)C1,scf_93f98fb7c3c93efa3ac6,False,,scf_93f98fb7c3c93efa3ac6
par_4fe30cb4c7b7a02afef9,c1ccccc1,scf_13cad05ca8f49c509e5b,False,,scf_13cad05ca8f49c509e5b
par_4fe5400b84f5b9711262,[O]=[Ti]1[O]S(=O)(=O)[O]1,scf_4fe5400b84f5b9711262,False,,scf_4fe5400b84f5b9711262
par_4ff27a62dbc24f8264c2,O=C1C(N=Nc2ccccc2)C=NN1c1ccccc1,scf_959c2a804d0b336c3fc0,False,,scf_959c2a804d0b336c3fc0
par_4ffae2ebed8eb810c2e4,,,True,acy_489eed7f490da5cb119c,acy_489eed7f490da5cb119c
par_4ffef1424e5d54ab2c65,,,True,acy_f3e35b6510489197e52a,acy_f3e35b6510489197e52a
par_500744427b5f3d3256bf,c1ccc2c(c1)-c1cccc3cccc-2c13,scf_500744427b5f3d3256bf,False,,scf_500744427b5f3d3256bf
par_500bbd94683ec799f4c8,c1ccccc1,scf_13cad05ca8f49c509e5b,False,,scf_13cad05ca8f49c509e5b
par_5014e879221e3893a881,C1CSCCS1,scf_42745fb2fa4ceab39fce,False,,scf_42745fb2fa4ceab39fce
par_501d77e3bb81479b8325,c1ccncc1,scf_75c7a4b0b41e43900bfb,False,,scf_75c7a4b0b41e43900bfb
par_5020280760299d4a1029,c1ccc(-c2cc[nH]n2)cc1,scf_af391b84992e040d0a9d,False,,scf_af391b84992e040d0a9d
par_5028f0689f4beb241edd,O=C1c2ccccc2C(=O)c2ccccc21,scf_f0c6b09cfc7aa95a3893,False,,scf_f0c6b09cfc7aa95a3893
par_502bd23f3ce8c835b131,O=C1CCCN1,scf_fb7798f75f8e7a9de3c9,False,,scf_fb7798f75f8e7a9de3c9
par_503372df2622b0e7a287,c1ccccc1,scf_13cad05ca8f49c509e5b,False,,scf_13cad05ca8f49c509e5b
par_504b6980b18bc1511b99,c1ccc2c(c1)Nc1ccccc1O2,scf_504b6980b18bc1511b99,False,,scf_504b6980b18bc1511b99
par_504c9bea837379d41790,O=C(CN=Nc1ccccc1)Nc1ccccc1,scf_060a10166db1b6dc55ef,False,,scf_060a10166db1b6dc55ef
par_5066d3f93e7e1928acc7,c1cncc([C@@H]2CCCN2)c1,scf_689eda40edf725ffff83,False,,scf_689eda40edf725ffff83
par_506d5e39e12ab0e730ab,,,True,acy_5ccd6cb836a22fe34d44,acy_5ccd6cb836a22fe34d44
par_508641f26506c3232faa,c1ccccc1,scf_13cad05ca8f49c509e5b,False,,scf_13cad05ca8f49c509e5b
par_508efc98f71067607ab5,c1ccccc1,scf_13cad05ca8f49c509e5b,False,,scf_13cad05ca8f49c509e5b
par_50c46df7dd427a73d3a3,c1ncnc(NC2CC2)n1,scf_7b7d60bbfc49845bb5f5,False,,scf_7b7d60bbfc49845bb5f5
par_50cdd1cf290262501648,,,True,acy_2693762a9abfd38fa94b,acy_2693762a9abfd38fa94b
par_50d2c89aa143ded1cd32,c1ccc2c(c1)Sc1ccccc1N2CCC1CCCCN1,scf_577c9abff832bb54b4cf,False,,scf_577c9abff832bb54b4cf
par_50e096e6b61704d99b90,c1ccccc1,scf_13cad05ca8f49c509e5b,False,,scf_13cad05ca8f49c509e5b
par_50ea4fa508fd27b1e621,,,True,acy_4a859606e0321ed0c65f,acy_4a859606e0321ed0c65f
par_50fac6caa2b2a7c5ea16,C1=CC(c2ccccc2)C=CN1.c1ccccc1,scf_b97b7118c1184053b363,False,,scf_b97b7118c1184053b363
par_51036435c6db0252ed55,c1ccccc1,scf_13cad05ca8f49c509e5b,False,,scf_13cad05ca8f49c509e5b
par_51065c9da898e458ee9d,,,True,acy_91a052a5bbb87ea71741,acy_91a052a5bbb87ea71741
par_510696aec30885ca4c56,,,True,acy_8ed2f4ef3614b1040f86,acy_8ed2f4ef3614b1040f86
par_5114d7cc079c13363cb9,c1ccccc1.c1ccccc1,scf_41f17138a91b62ee11b2,False,,scf_41f17138a91b62ee11b2
par_5123a3d900b1ac1a83ae,O=C(Nc1ccccc1)C1=COCCS1(=O)=O,scf_1cb46a184cfcee5b532b,False,,scf_1cb46a184cfcee5b532b
par_512a669efe864a8271d2,,,True,acy_398c6239fa1cf1b6419f,acy_398c6239fa1cf1b6419f
par_5135714d79b29c11bcbb,C1=CCCC=C1,scf_3b1dd4020ec1fa70a57a,False,,scf_3b1dd4020ec1fa70a57a
par_513ee91a5093dab14981,,,True,acy_3e0ea233cde1b6a6b050,acy_3e0ea233cde1b6a6b050
par_5149ff1a4c2439f6cce2,O=S(=O)(c1ccccc1)c1ccccc1,scf_a08298a168b69ca6ba77,False,,scf_a08298a168b69ca6ba77
par_5156cc64ad912a74bb8b,,,True,acy_260a76039a1533354287,acy_260a76039a1533354287
par_51578d56c6d1441c2301,C(CCCNC1CCNCC1)CCNC1CCNCC1,scf_1ede9fd868541c116cd6,False,,scf_1ede9fd868541c116cd6
par_5160c5ae7cc96466dc58,c1ccc(CNc2ccc([C+](c3ccccc3)c3ccc(NCc4ccccc4)cc3)cc2)cc1,scf_27bf039ffc3dce58b4ea,False,,scf_27bf039ffc3dce58b4ea
par_5179db6f1f4839cc8a7a,,,True,acy_69e4102116373480130d,acy_69e4102116373480130d
par_517b190780457cdb4b1e,c1ccccc1,scf_13cad05ca8f49c509e5b,False,,scf_13cad05ca8f49c509e5b
par_51a13d1b35ce84294faf,O=c1cc[nH]c2cc(N3CCNCC3)ccc12,scf_72b6dbe132ea8f343f85,False,,scf_72b6dbe132ea8f343f85
par_51a4f137b72f772873e9,,,True,acy_f2097066b862c21a1d5a,acy_f2097066b862c21a1d5a
par_51b9beddc07e4ef69813,O=C1C=C2CC[C@@H]3C(=C2CC1)C=CC1CCC[C@H]13,scf_6af39abff5228e3ef988,False,,scf_6af39abff5228e3ef988
par_51bf5ccf319bff94778a,c1ccccc1,scf_13cad05ca8f49c509e5b,False,,scf_13cad05ca8f49c509e5b
par_51c69eb6e3cd12cd4cc4,,,True,acy_f9c8c9cada0b592d998e,acy_f9c8c9cada0b592d998e
par_51cad4f58d0f13143084,,,True,acy_e9dd7d5dddf5faee75eb,acy_e9dd7d5dddf5faee75eb
par_51cda1462dff8bb38de9,c1ccccc1,scf_13cad05ca8f49c509e5b,False,,scf_13cad05ca8f49c509e5b
par_51d3375201d238fb4982,,,True,acy_69c13bb4aea3eaa7b9fc,acy_69c13bb4aea3eaa7b9fc
par_51dd48ad3fe2271f84d4,,,True,acy_84e24336daf0130a8626,acy_84e24336daf0130a8626
par_51e3153bb8705ac2171d,,,True,acy_327f537d626b04458ca6,acy_327f537d626b04458ca6
par_51e47f0e8a62eb2270ac,,,True,acy_cfcc0afd0ba8d56cc2d9,acy_cfcc0afd0ba8d56cc2d9
par_51f6249f44c20ae88e77,c1ccccc1,scf_13cad05ca8f49c509e5b,False,,scf_13cad05ca8f49c509e5b
par_51f98f609034225c54a2,c1ccccc1,scf_13cad05ca8f49c509e5b,False,,scf_13cad05ca8f49c509e5b
par_51fde334674d16785b84,,,True,acy_2de8e4eac73b682a1e06,acy_2de8e4eac73b682a1e06
par_520d5731755e615e7679,c1ccc(-c2ccccc2)cc1,scf_27dacb226b18e24b40e3,False,,scf_27dacb226b18e24b40e3
par_5219c568bbfa88218054,c1ccccc1,scf_13cad05ca8f49c509e5b,False,,scf_13cad05ca8f49c509e5b
par_522c82d31cb630645b06,,,True,acy_8c4841e1342c12a8c967,acy_8c4841e1342c12a8c967
par_5232cbd92314dce43a1f,,,True,acy_d4d85b671cc5f8591a7f,acy_d4d85b671cc5f8591a7f
par_523374ef92ceccae57d6,,,True,acy_59a997f9fd819bd6db82,acy_59a997f9fd819bd6db82
par_524d12ecf06875ac03b6,,,True,acy_f4512bff978fcbe6a2d9,acy_f4512bff978fcbe6a2d9
par_525216dee56e0b488f98,,,True,acy_92853978760511ea4212,acy_92853978760511ea4212
par_525992e88c4b16049543,c1ccccc1.c1ccccc1,scf_41f17138a91b62ee11b2,False,,scf_41f17138a91b62ee11b2
par_525c3e6cf97ebfc66bdb,c1ccccc1,scf_13cad05ca8f49c509e5b,False,,scf_13cad05ca8f49c509e5b
par_526293f13d0ecce804cd,,,True,acy_d1e95ee0450b739e8186,acy_d1e95ee0450b739e8186
par_52738f4366b3808e328a,c1ccc(N=Nc2cccnc2)cc1,scf_962fa6b09fa76c69bc27,False,,scf_962fa6b09fa76c69bc27
par_528a04f92a7c39d1d7b4,,,True,acy_b15beb8007700458ceb3,acy_b15beb8007700458ceb3
par_529f515cd000ae9fea60,c1ccc(Cc2cc(Cc3ccccc3)cc(-n3nc4ccccc4n3)c2)cc1,scf_d984e03ae84b99d2f231,False,,scf_d984e03ae84b99d2f231
par_52a0c1ad3099bb9b142d,,,True,acy_1261f03da8fc89890c4f,acy_1261f03da8fc89890c4f
par_52a24e2034e1f152e84a,c1ccccc1,scf_13cad05ca8f49c509e5b,False,,scf_13cad05ca8f49c509e5b
par_52a49c20e0f4bcf4d608,C1CO1,scf_59b1a7b29b6a5f8bc1b8,False,,scf_59b1a7b29b6a5f8bc1b8
par_52a5ecee39d93b5bfeb1,,,True,acy_8ba1359a905dabcd3f36,acy_8ba1359a905dabcd3f36
par_52a75ffda842da3696da,c1ncncn1,scf_89055dbbabf38236f98e,False,,scf_89055dbbabf38236f98e
par_52a829f9652ba4925dac,,,True,acy_ebca1cf57412ec58f38f,acy_ebca1cf57412ec58f38f
par_52ced25c04379fe5b856,,,True,acy_dc3c5eb921aa26eb7e07,acy_dc3c5eb921aa26eb7e07
par_52d4251c2c44cae1cc78,,,True,acy_6280e5c10189dcb7a2ca,acy_6280e5c10189dcb7a2ca
par_52dc83f5de3712a23215,,,True,acy_62ed60e44b8004c7f4cd,acy_62ed60e44b8004c7f4cd
par_52ec0d3cdb883ab3a6e1,,,True,acy_2abf59a57193e5bacb72,acy_2abf59a57193e5bacb72
par_52efc7a5fff94e449efe,C1=CC2CC(C1)C2,scf_31b289e8d4b149314e62,False,,scf_31b289e8d4b149314e62
par_52f3a64fe32cc5c4c7c4,O=C1/C(=N/Nc2cccc(Nc3ncncn3)c2)C=Cc2ccc(N=Nc3cccc(Nc4ncncn4)c3)cc21,scf_df583913c1b7c20b2862,False,,scf_df583913c1b7c20b2862
par_5304a98bc8a89706edd2,C1CCCCC1,scf_a21c4f64dcc59dd2ede8,False,,scf_a21c4f64dcc59dd2ede8
par_531df2691bcb9c717e82,,,True,acy_d63147e92fb8bd0ef279,acy_d63147e92fb8bd0ef279
par_5337ee39e60ca3a344aa,,,True,acy_02d3c252cb9b05c81215,acy_02d3c252cb9b05c81215
par_5338689979c00f971820,,,True,acy_b6ae8327d8bb514896f2,acy_b6ae8327d8bb514896f2
par_533ccb6bbf3042b79a6f,,,True,acy_7e5dacdc488e961751cd,acy_7e5dacdc488e961751cd
par_533fd56ec3eadbbe9c54,c1ccc2ncccc2c1,scf_a8daf8c5800683abd84e,False,,scf_a8daf8c5800683abd84e
par_5353ccc8fd2676f1f884,O=S(=O)([N-]c1ncccn1)c1ccccc1,scf_7ee780a88a8b3c7271e5,False,,scf_7ee780a88a8b3c7271e5
par_5353d03c8d9b574d97b0,[N+]=C1C=Cc2ccccc2C1=O,scf_0a89b19dcdef40aec9f0,False,,scf_0a89b19dcdef40aec9f0
par_53706f096850cf94358f,,,True,acy_8bb2135f6c278c2e3c68,acy_8bb2135f6c278c2e3c68
par_537abb586e2e1de429f4,c1ccccc1,scf_13cad05ca8f49c509e5b,False,,scf_13cad05ca8f49c509e5b
par_537da46e3f97094d9539,c1ccccc1,scf_13cad05ca8f49c509e5b,False,,scf_13cad05ca8f49c509e5b
par_53888f3041f1bd00e994,,,True,acy_75cc5e32ee4b4ca0f63f,acy_75cc5e32ee4b4ca0f63f
par_53908ace683f97831c91,c1ccccc1,scf_13cad05ca8f49c509e5b,False,,scf_13cad05ca8f49c509e5b
par_5390974b481a2c7a0a65,O=C1C(c2ccccc2)N=CN1Nc1ccccc1,scf_2f22e500e0dfe8a05f93,False,,scf_2f22e500e0dfe8a05f93
par_5393fb638b16b954d655,C1CCC2CCCCC2C1,scf_716e53b4a2f4edbcf651,False,,scf_716e53b4a2f4edbcf651
par_539b01a854cc8642fe0e,,,True,acy_21c3fe3e56bb11343828,acy_21c3fe3e56bb11343828
par_539cbdc1843c13c27491,,,True,acy_c9405354815317989184,acy_c9405354815317989184
par_53a8199aaee4e126e651,O=C1CCN(c2ccccc2)N1,scf_53a8199aaee4e126e651,False,,scf_53a8199aaee4e126e651
par_53b2af5aa04d893f57d9,c1ccccc1,scf_13cad05ca8f49c509e5b,False,,scf_13cad05ca8f49c509e5b
par_53b33481e3f752068854,,,True,acy_d3dd75b4c185897fd28f,acy_d3dd75b4c185897fd28f
par_53b5b2411b4bfe41e435,C1COCCO1,scf_53b5b2411b4bfe41e435,False,,scf_53b5b2411b4bfe41e435
par_53c3af7e6a3e6e8e1fe7,c1ccc2ccccc2c1,scf_a896d495b04a450b732a,False,,scf_a896d495b04a450b732a
par_53d39850033c6162d07e,,,True,acy_b662a6ab0fbb9ea5d79b,acy_b662a6ab0fbb9ea5d79b
par_53e6530e282b2825ae48,c1ccc2ccccc2c1,scf_a896d495b04a450b732a,False,,scf_a896d495b04a450b732a
par_53e8ff4ef0f47b265def,,,True,acy_4f1b1fc53e903656e03a,acy_4f1b1fc53e903656e03a
par_53edcb02fd1cd5c2fb64,O=c1c2ccc3c(=O)n4c5ccccc5nc4c4ccc(c2c34)c2nc3ccccc3n12,scf_53edcb02fd1cd5c2fb64,False,,scf_53edcb02fd1cd5c2fb64
par_5407030f52d851644e50,,,True,acy_5b7ae9fa75ea23aaff14,acy_5b7ae9fa75ea23aaff14
par_540cc0181e112b383323,,,True,acy_22279ffc4439fdf89f96,acy_22279ffc4439fdf89f96
par_540cd6c9ca9391835931,C1CO1,scf_59b1a7b29b6a5f8bc1b8,False,,scf_59b1a7b29b6a5f8bc1b8
par_542435a83efddb3fcf50,,,True,acy_9b774940c45711c8cc15,acy_9b774940c45711c8cc15
par_5436efd2c32d3c39b2a7,c1ccccc1,scf_13cad05ca8f49c509e5b,False,,scf_13cad05ca8f49c509e5b
par_543888595f9b277a2f71,c1ccccc1,scf_13cad05ca8f49c509e5b,False,,scf_13cad05ca8f49c509e5b
par_543c1283edfe4fc3d995,,,True,acy_d0377bc4ca6c23b15a30,acy_d0377bc4ca6c23b15a30
par_5460dc47d765f619ec4c,c1ccccc1,scf_13cad05ca8f49c509e5b,False,,scf_13cad05ca8f49c509e5b
par_546a0d8b05cdf1e59f79,,,True,acy_e9143b003dee254a3510,acy_e9143b003dee254a3510
par_5474eb5d700e4698de93,c1ccccc1,scf_13cad05ca8f49c509e5b,False,,scf_13cad05ca8f49c509e5b
par_547aced3684dd2fd55e2,O=S(=O)(Nc1ccccc1)c1nc2ccncn2n1,scf_349fd10924514312b0d6,False,,scf_349fd10924514312b0d6
par_548e6218adfebb3f5bb0,c1ccccc1,scf_13cad05ca8f49c509e5b,False,,scf_13cad05ca8f49c509e5b
par_54925a876cc7aa27e10e,c1ccncc1,scf_75c7a4b0b41e43900bfb,False,,scf_75c7a4b0b41e43900bfb
par_54af572f4ab14f31b1c6,,,True,acy_9ee90eee1fb11fbaf71f,acy_9ee90eee1fb11fbaf71f
par_54cea06ed06976e72f74,,,True,acy_6dc158e2e65eb0a253a0,acy_6dc158e2e65eb0a253a0
par_54d9953b43844e0a6263,c1ccccc1,scf_13cad05ca8f49c509e5b,False,,scf_13cad05ca8f49c509e5b
par_54daaaf72fdf038f8a2f,,,True,acy_bdf839ce3641d83c05c2,acy_bdf839ce3641d83c05c2
par_54e05f3513745700df6e,,,True,acy_7fdd2664d01ab4b30430,acy_7fdd2664d01ab4b30430
par_55034b9dfd025da9ba75,O=C1C=C([C@H]2CCC3C2CC[C@@H]2C4CC[C@H](O[C@H]5CC[C@H](O[C@H]6CC[C@H](O[C@H]7CCCCO7)CO6)CO5)C[C@H]4CC[C@@H]32)CO1,scf_1247b1896014338edf5f,False,,scf_1247b1896014338edf5f
par_550d86d0f9df6805a4bf,C1CCOC1,scf_92623ccd36bc322bf260,False,,scf_92623ccd36bc322bf260
par_5513642441af6e074f1e,c1ccc(N=Nc2ccc(N=Nc3ccccc3)c3ccccc23)cc1,scf_a70e4c74ae98849c3855,False,,scf_a70e4c74ae98849c3855
par_5544059adfc2c0744201,O=c1ccocc1,scf_403a29d7f17251eec974,False,,scf_403a29d7f17251eec974
par_5549c0cf909db90386e7,,,True,acy_465d7c426c437bb17370,acy_465d7c426c437bb17370
par_5556f2c81e9d2a41480c,,,True,acy_4f3fe0083afcad0b957e,acy_4f3fe0083afcad0b957e
par_556abb73fc17ca0dab26,c1ccc2ncccc2c1,scf_a8daf8c5800683abd84e,False,,scf_a8daf8c5800683abd84e
par_556d804a9a54ad499a63,C1CC2[C@H]3CC[C@H](C3)[C@H]2C1,scf_d0e75b75164b64571c9b,False,,scf_d0e75b75164b64571c9b
par_556fecf3ad5ba7a43bee,c1ccccc1,scf_13cad05ca8f49c509e5b,False,,scf_13cad05ca8f49c509e5b
par_5577c0ce957a1856b899,C1O[C@H]2COC[C@H]2O1,scf_e885d5fcfb9245c6e918,False,,scf_e885d5fcfb9245c6e918
par_557805be663df5a88e04,O=c1[nH]sc2c1CCC2,scf_dd5e0985d5a625bf453c,False,,scf_dd5e0985d5a625bf453c
par_55809a17d60b96a0c887,O=C(c1ccccc1)c1ccc(C(=O)c2ccccc2)cc1,scf_84e2f77a1ae72d2f9338,False,,scf_84e2f77a1ae72d2f9338
par_55854561d1b9002da2a1,,,True,acy_dbdae54709b60499859f,acy_dbdae54709b60499859f
par_558da0ec1cced9180160,,,True,acy_79405728980a8c1a060c,acy_79405728980a8c1a060c
par_55942e8487a01cf2070f,,,True,acy_72507fc10dde6f623436,acy_72507fc10dde6f623436
par_559acbfffd239220c314,,,True,acy_c606d20e6449ca80bab8,acy_c606d20e6449ca80bab8
par_55a2d6ea5f21bc47e930,c1ccccc1,scf_13cad05ca8f49c509e5b,False,,scf_13cad05ca8f49c509e5b
par_55a4314167090854ed08,c1ccc2[nH+]nc(-n3ccnc3)nc2c1,scf_26165ceac4471d1fabf5,False,,scf_26165ceac4471d1fabf5
par_55a550b608c5667a13c0,O1[SiH2]O[SiH2]O[SiH2]O[SiH2]1,scf_5559912ed1bc2b7e1567,False,,scf_5559912ed1bc2b7e1567
par_55bb41fd6c8eb5740efe,,,True,acy_a5d1b1d4caf5d77ab7ef,acy_a5d1b1d4caf5d77ab7ef
par_55be8531a4c77e10ae25,c1ccc2c(c1)CC[C@@H]1[C@@H]2CCC2CCC[C@H]21,scf_011186ef72b148f58ac6,False,,scf_011186ef72b148f58ac6
par_55f6bacd520ccf183e85,c1ccccc1,scf_13cad05ca8f49c509e5b,False,,scf_13cad05ca8f49c509e5b
par_55fa4f46a8c50d54211e,c1ccccc1,scf_13cad05ca8f49c509e5b,False,,scf_13cad05ca8f49c509e5b
par_55fea472d5725b5f34f8,O=S1(=O)C=CS(=O)(=O)CC1,scf_92776ef1ec2d3bdcef1d,False,,scf_92776ef1ec2d3bdcef1d
par_5614ffeec52d01e794fe,c1ccccc1,scf_13cad05ca8f49c509e5b,False,,scf_13cad05ca8f49c509e5b
par_561ae6b24aa2eebe1c8e,C1CCNCC1,scf_daa04a326d407f1003f7,False,,scf_daa04a326d407f1003f7
par_5620d53fca3262ead871,O=C(Nc1ccccc1)c1ccc2ccccc2c1,scf_0aa8beecae37d3094ea7,False,,scf_0aa8beecae37d3094ea7
par_562e74d674bc8d4d44db,,,True,acy_7efdff33012b0f69da79,acy_7efdff33012b0f69da79
par_563af829736492a1114f,,,True,acy_3280a17a8d48ec6a2c9d,acy_3280a17a8d48ec6a2c9d
par_565714cc435bd1f2a5f4,C1CCCCC1,scf_a21c4f64dcc59dd2ede8,False,,scf_a21c4f64dcc59dd2ede8
par_565876481e3e93963435,c1ccc2scnc2c1,scf_5a0630b242bf5e7865cb,False,,scf_5a0630b242bf5e7865cb
par_565f1716af4cf89e2a91,c1cc[n+](Cc2cncnc2)cc1,scf_3e0b100142f2d272b2a7,False,,scf_3e0b100142f2d272b2a7
par_566d97f680a64b0db9dc,O=C1C[C@H]2SCC=CN12,scf_c371b3501ca25206de44,False,,scf_c371b3501ca25206de44
par_567811b65bb1b5dd8977,c1ccc2[nH]cnc2c1,scf_567811b65bb1b5dd8977,False,,scf_567811b65bb1b5dd8977
par_5680ed306fb9e1fa80d2,,,True,acy_19b614a10df8f493d701,acy_19b614a10df8f493d701
par_568969b7f1244f8e2267,c1ccccc1,scf_13cad05ca8f49c509e5b,False,,scf_13cad05ca8f49c509e5b
par_5689ff2b6e03e949d179,c1ccccc1,scf_13cad05ca8f49c509e5b,False,,scf_13cad05ca8f49c509e5b
par_568ea00fb36a7cdffbc1,c1ccccc1,scf_13cad05ca8f49c509e5b,False,,scf_13cad05ca8f49c509e5b
par_569f88a53a37fd42e09e,,,True,acy_b2b2ef723e3f61e76dc9,acy_b2b2ef723e3f61e76dc9
par_569fd43578ea97437acb,O=C1c2ccccc2C(=O)c2c(Nc3ccccc3)cccc21,scf_67e62ad7cc6ca1d7287e,False,,scf_67e62ad7cc6ca1d7287e
par_56a53c89238aec56996f,,,True,acy_8ba0235a85e1f19a67e1,acy_8ba0235a85e1f19a67e1
par_56ab8603de7661d1ce71,c1ccc2c(c1)CCc1ccccc1-2,scf_56ab8603de7661d1ce71,False,,scf_56ab8603de7661d1ce71
par_56b4de996c3fc499cc7f,O=C(Cc1ccccc1)OCc1cccc(Oc2ccccc2)c1,scf_d5a184cd42d31e589119,False,,scf_d5a184cd42d31e589119
par_56bffd7fd62cd39fafd0,,,True,acy_fec9913fb9cf2745483d,acy_fec9913fb9cf2745483d
par_56d1dbf42607ad7b2013,,,True,acy_b84891e289fc3b69dd46,acy_b84891e289fc3b69dd46
par_56d21da26dd5ec12282f,,,True,acy_42fad99340318e7863d8,acy_42fad99340318e7863d8
par_56d672de3bb2a3140c64,,,True,acy_6babd26681ec51b5a1fa,acy_6babd26681ec51b5a1fa
par_56db7ee1ad267dc79d19,c1ccccc1,scf_13cad05ca8f49c509e5b,False,,scf_13cad05ca8f49c509e5b
par_56de9fefcf1645df78a3,c1ccccc1,scf_13cad05ca8f49c509e5b,False,,scf_13cad05ca8f49c509e5b
par_56df4ca0ab19532672ed,C1CC1,scf_3b139ddd2a925eb70d94,False,,scf_3b139ddd2a925eb70d94
par_56e93df2e7e75a832670,C(=Nc1ccccc1)NC=Nc1ccccc1,scf_5ea457a4978f3647ac4e,False,,scf_5ea457a4978f3647ac4e
par_56f55497748bacaf04af,c1ccc(OC2CCCCC2)cc1,scf_e99f970857c7c0d7f333,False,,scf_e99f970857c7c0d7f333
par_56fa57823b55e5dd3305,c1ccccc1,scf_13cad05ca8f49c509e5b,False,,scf_13cad05ca8f49c509e5b
par_56fb15888b297e288321,,,True,acy_f218034221c95bea5cc1,acy_f218034221c95bea5cc1
par_5703fe959330933a3718,O=C(Nc1ccccc1)c1ccc(OCCCCc2ccccc2)cc1,scf_3589eaf856f1ed551a0a,False,,scf_3589eaf856f1ed551a0a
par_5704945d44184a81a968,,,True,acy_b4b895d2f3a53319c325,acy_b4b895d2f3a53319c325
par_57059bb82696c87cb018,c1ccc(OCn2cncn2)cc1,scf_f6ca3f1bd9f09e2eac18,False,,scf_f6ca3f1bd9f09e2eac18
par_5706f0cf483ce49531ed,,,True,acy_41b240397ce8bfd62dff,acy_41b240397ce8bfd62dff
par_570e8560cd841137270d,,,True,acy_39f776b986f88b5922d0,acy_39f776b986f88b5922d0
par_570eeb1debae8940f285,C1CCNC1,scf_487ed2dcbfa239f0ffcc,False,,scf_487ed2dcbfa239f0ffcc
par_571e48abe4565e2bcd2a,O=C1C=C2CC[C@@H]3C(=C2CC1)C=CC1CCC[C@H]13,scf_6af39abff5228e3ef988,False,,scf_6af39abff5228e3ef988
par_5721a2f7d4fdb1062449,,,True,acy_1c91c3127f76be9811b8,acy_1c91c3127f76be9811b8
par_572a3bb55eb3155740ca,c1ccccc1,scf_13cad05ca8f49c509e5b,False,,scf_13cad05ca8f49c509e5b
par_5734fd96540718950c4a,c1ccccc1,scf_13cad05ca8f49c509e5b,False,,scf_13cad05ca8f49c509e5b
par_573b63e8db1a9913aa28,c1ccc2c(NCCCN3CCOCC3)cccc2c1,scf_573b63e8db1a9913aa28,False,,scf_573b63e8db1a9913aa28
par_573c0298b7c2cb4b42a4,c1ccc(-c2cnc[nH]2)cc1,scf_12c6d2917843d0429f66,False,,scf_12c6d2917843d0429f66
par_574548e4efdd7bc6f1fd,,,True,acy_9ea7090e965b5ad0018c,acy_9ea7090e965b5ad0018c
par_57522d8f667d9dc5f52f,,,True,acy_dbdae54709b60499859f,acy_dbdae54709b60499859f
par_5752822d0a2796bc588c,,,True,acy_f2097066b862c21a1d5a,acy_f2097066b862c21a1d5a
par_5785145fd4c305ac2aed,,,True,acy_72ecd2617be5fe15af82,acy_72ecd2617be5fe15af82
par_578c9619e4f8e38c9a31,,,True,acy_53841b6ea196e4626a2d,acy_53841b6ea196e4626a2d
par_579163e276d4bd7e7a80,O=S(=O)(Nc1ccncn1)c1ccccc1,scf_9080d01ad84fe985bb5e,False,,scf_9080d01ad84fe985bb5e
par_5797fe797370e15b3744,c1ccccc1,scf_13cad05ca8f49c509e5b,False,,scf_13cad05ca8f49c509e5b
par_57a5afe2ec48b89aab51,,,True,acy_855059b8136946d11f0e,acy_855059b8136946d11f0e
par_57ad943ede098f368a78,c1ccccc1,scf_13cad05ca8f49c509e5b,False,,scf_13cad05ca8f49c509e5b
par_57bfb276f214bb8abf41,,,True,acy_e01b4fdecbcf1d40b163,acy_e01b4fdecbcf1d40b163
par_57c7cdda52b98a4cb36e,c1ccc2c(c1)CCCO2,scf_8a78b1bc84578bad5663,False,,scf_8a78b1bc84578bad5663
par_57c8809b8550b514e123,C1=CC2CC2CC1,scf_712ca2cf0ac05b406985,False,,scf_712ca2cf0ac05b406985
par_57d4eca68335e7fe2aec,c1ccccc1,scf_13cad05ca8f49c509e5b,False,,scf_13cad05ca8f49c509e5b
par_57e18ed4d109bb0e4237,,,True,acy_c3e0beddd696dee89a88,acy_c3e0beddd696dee89a88
par_57ee515c74ffc2abec9d,,,True,acy_575f914ee4f7920b4c62,acy_575f914ee4f7920b4c62
par_57f9797e1cefae3dcf48,,,True,acy_baea8e50d0bc1d52afce,acy_baea8e50d0bc1d52afce
par_57fad07db3a6b751cdc1,C1=CC2C(C1)C1CC2C2C3C=CC(C3)C12,scf_57fad07db3a6b751cdc1,False,,scf_57fad07db3a6b751cdc1
par_57fd343d1fbc9fa5134c,,,True,acy_b8ad98c13e86e8bb55d2,acy_b8ad98c13e86e8bb55d2
par_581b7efd3dcd0e0841ee,,,True,acy_4f6f3562a2839f050fbc,acy_4f6f3562a2839f050fbc
par_5828f4862ba54cc2c85f,,,True,acy_59b4b193936c7374e7f6,acy_59b4b193936c7374e7f6
par_582d48514f19e6f3cf56,C1=NCCN1,scf_e95e80bbbd770e38d2ab,False,,scf_e95e80bbbd770e38d2ab
par_583ccfabc2a185ccec7f,O=C1CC(=O)NC(=O)N1,scf_401886e12f85529fe7ec,False,,scf_401886e12f85529fe7ec
par_583def301610dccf1c8d,c1ccccc1,scf_13cad05ca8f49c509e5b,False,,scf_13cad05ca8f49c509e5b
par_584753469470fe796bfd,c1ccccc1,scf_13cad05ca8f49c509e5b,False,,scf_13cad05ca8f49c509e5b
par_5857195cd868a4bc9658,c1ccc(Cc2ccccc2)cc1,scf_05784e2ddd36e41751a8,False,,scf_05784e2ddd36e41751a8
par_585c1feda70ef23cd9a7,,,True,acy_a3b7b98004ba8c7853ef,acy_a3b7b98004ba8c7853ef
par_5862bfbe4584e587a522,,,True,acy_0adf7f3a1f21ffe9b3a8,acy_0adf7f3a1f21ffe9b3a8
par_586390241149babf1df4,,,True,acy_dbdae54709b60499859f,acy_dbdae54709b60499859f
par_5865a85b7e7a5ca1ab01,,,True,acy_297d0519386185de0c84,acy_297d0519386185de0c84
par_58683d0abc29139ce35c,c1ccccc1,scf_13cad05ca8f49c509e5b,False,,scf_13cad05ca8f49c509e5b
par_586e7e80ab0e910ef508,,,True,acy_22cfdb5e50e750e63ee8,acy_22cfdb5e50e750e63ee8
par_587a5273cab5e33be33b,C1CN(SSN2CCOCC2)CCO1,scf_587a5273cab5e33be33b,False,,scf_587a5273cab5e33be33b
par_588c471f53fefb36753d,c1ccccc1,scf_13cad05ca8f49c509e5b,False,,scf_13cad05ca8f49c509e5b
par_5891247965af1de943d6,c1ccc(Oc2ccccc2)cc1,scf_9affd80d02f471acfe8b,False,,scf_9affd80d02f471acfe8b
par_589618543ac17c656778,c1ccncc1,scf_75c7a4b0b41e43900bfb,False,,scf_75c7a4b0b41e43900bfb
par_58a62bd3cd0b84d9749d,c1ccccc1,scf_13cad05ca8f49c509e5b,False,,scf_13cad05ca8f49c509e5b
par_58c69ef1f212e04b369e,,,True,acy_6d94f1a7bf864154ab07,acy_6d94f1a7bf864154ab07
par_58d068a231d060087e39,,,True,acy_4caf3971ed6da4d693de,acy_4caf3971ed6da4d693de
par_58d4ab6c0e0b75634d6f,C(=NC=NCCCCCCN=CN=CNc1ccccc1)Nc1ccccc1,scf_768e78ffc99bf25956b8,False,,scf_768e78ffc99bf25956b8
par_58dc6b07f58f6a184d86,C1CCCC1,scf_8c2e3ed84f9272bb9c74,False,,scf_8c2e3ed84f9272bb9c74
par_58e6a1813561aa1f21b9,,,True,acy_ed4f52bbaeeb185b7384,acy_ed4f52bbaeeb185b7384
par_58eb641955a151b916e9,C1C2C3CC4C2C2C1C3C42,scf_e58a7d7ffdb4a50fda76,False,,scf_e58a7d7ffdb4a50fda76
par_58f8f7085a25b00a9f2a,c1ccccc1,scf_13cad05ca8f49c509e5b,False,,scf_13cad05ca8f49c509e5b
par_58fa7584819eae7174d7,,,True,acy_6d94f1a7bf864154ab07,acy_6d94f1a7bf864154ab07
par_5909dec8e68d59b7f875,c1ccc(C2(Cn3cncn3)OCCO2)cc1,scf_3961043daef8f37f2954,False,,scf_3961043daef8f37f2954
par_5923d0695fec7eb7d46a,,,True,acy_0ab66f781bdf7a11266b,acy_0ab66f781bdf7a11266b
par_59289507ea74dfffd673,,,True,acy_31672896324702df840a,acy_31672896324702df840a
par_592dfa61a19eb3b594be,,,True,acy_755c3c63f67ea53348e4,acy_755c3c63f67ea53348e4
par_593c86629ee8a7512b9b,,,True,acy_643fd64682d1bc5ee925,acy_643fd64682d1bc5ee925
par_5946410ed6911fb62812,,,True,acy_6d2b339fc169e4c38ec3,acy_6d2b339fc169e4c38ec3
par_594ee09488265dd5b712,,,True,acy_085330afeaa8df60f300,acy_085330afeaa8df60f300
par_595f195e9b9bf8d79815,,,True,acy_f8a8f656f29ddc200ace,acy_f8a8f656f29ddc200ace
par_59665130c5d6cb3b96b1,,,True,acy_94595ac8b25817ae2c2f,acy_94595ac8b25817ae2c2f
par_596ce1e11ca524d8c862,,,True,acy_7a08c9432b4f039a8701,acy_7a08c9432b4f039a8701
par_59723d4ed211364f934f,,,True,acy_ccf87b5845c0649b3923,acy_ccf87b5845c0649b3923
par_5977b2ee7dd8c9925a0c,c1ccc(Oc2ccccc2)cc1,scf_9affd80d02f471acfe8b,False,,scf_9affd80d02f471acfe8b
par_598bea8d964b574d88b4,O=C(Oc1ccccc1)c1ccccc1,scf_4324e925570ad7d142a2,False,,scf_4324e925570ad7d142a2
par_598e5cadfa1b10e95cc4,,,True,acy_e0a514e6bd16df05ef74,acy_e0a514e6bd16df05ef74
par_599e32a47918e8c3fd5e,c1ccncc1,scf_75c7a4b0b41e43900bfb,False,,scf_75c7a4b0b41e43900bfb
par_59a94e6cab025a545218,,,True,acy_2693762a9abfd38fa94b,acy_2693762a9abfd38fa94b
par_59b1a7b29b6a5f8bc1b8,C1CO1,scf_59b1a7b29b6a5f8bc1b8,False,,scf_59b1a7b29b6a5f8bc1b8
par_59b563b0d05c1a1e87dd,,,True,acy_5ccd6cb836a22fe34d44,acy_5ccd6cb836a22fe34d44
par_59ba4028e611d6010972,,,True,acy_b5bfb78e3ca7901c5c3c,acy_b5bfb78e3ca7901c5c3c
par_59beeae0a60f3bd58e28,,,True,acy_357b1d6b14c840fc5f77,acy_357b1d6b14c840fc5f77
par_59c6e5b490f74c29b221,,,True,acy_1fe068f1f36480a52fda,acy_1fe068f1f36480a52fda
par_59d616e628b93ab38ac0,c1ccccc1,scf_13cad05ca8f49c509e5b,False,,scf_13cad05ca8f49c509e5b
par_59d6181855ae24acb72a,,,True,acy_7517fd4707f261b2ce2d,acy_7517fd4707f261b2ce2d
par_5a0630b242bf5e7865cb,c1ccc2scnc2c1,scf_5a0630b242bf5e7865cb,False,,scf_5a0630b242bf5e7865cb
par_5a0a989f8e4267fa22c9,c1ccccc1,scf_13cad05ca8f49c509e5b,False,,scf_13cad05ca8f49c509e5b
par_5a20271167aa3cfdf599,,,True,acy_40ac447629c61e4b17e3,acy_40ac447629c61e4b17e3
par_5a356fc471346d400899,O=c1cc[nH]cn1,scf_e2361e4f37692f093c83,False,,scf_e2361e4f37692f093c83
par_5a562c5f693c81987322,c1ccccc1,scf_13cad05ca8f49c509e5b,False,,scf_13cad05ca8f49c509e5b
par_5a5673473cfc27bb2b9e,,,True,acy_a57fa38d35be21261188,acy_a57fa38d35be21261188
par_5a5843c4799dca6b3052,O=c1[nH]c2ccccc2o1,scf_92b349928b9f40fc47bc,False,,scf_92b349928b9f40fc47bc
par_5a58b7921bfacc7a3f58,O=c1ccn2c3c(c(N4CCNCC4)ccc13)OCC2,scf_a4444b4da866623e20da,False,,scf_a4444b4da866623e20da
par_5a5f7be5f7bb686c9a67,C(=Cc1ccccc1)C1=[NH+]c2ccccc2C1,scf_6e95e51986fc9341f3a2,False,,scf_6e95e51986fc9341f3a2
par_5a66bc5908e74d503c30,,,True,acy_fc31ca52c6ca4932549f,acy_fc31ca52c6ca4932549f
par_5a89d5e45d4592919f40,,,True,acy_d02825c904fcb1408e38,acy_d02825c904fcb1408e38
par_5a89f8f77e8991a22f38,C1CCC2OC2C1,scf_78d4812342a7f8853471,False,,scf_78d4812342a7f8853471
par_5a8ca49ca8c039824aca,c1ccc(-c2ccccc2)cc1,scf_27dacb226b18e24b40e3,False,,scf_27dacb226b18e24b40e3
par_5a91725d7b65db0e8869,c1ccccc1,scf_13cad05ca8f49c509e5b,False,,scf_13cad05ca8f49c509e5b
par_5ab30d6ef9f7b304f9e2,,,True,acy_303fa00fb37a151da994,acy_303fa00fb37a151da994
par_5abe3a74e79df2ef2fd6,c1ccccc1,scf_13cad05ca8f49c509e5b,False,,scf_13cad05ca8f49c509e5b
par_5ac804b3e60e44ddb6a4,C1CC2CCC1C2,scf_8decb4ecd7f11859f828,False,,scf_8decb4ecd7f11859f828
par_5acd343d04631fa80b79,,,True,acy_42fad99340318e7863d8,acy_42fad99340318e7863d8
par_5acda16cb277c39c3042,C(=C(c1ccccc1)c1ccccc1)c1ccccc1,scf_c9ba49f8e5c7b1af6b88,False,,scf_c9ba49f8e5c7b1af6b88
par_5ad2a130b63bd32ffed9,c1cc2c(c(-c3cc[nH]c3)c1)OCO2,scf_b042d9295b94eb03fd37,False,,scf_b042d9295b94eb03fd37
par_5ad447c8d94e169ae6db,,,True,acy_8600fed94d263dd0c2fb,acy_8600fed94d263dd0c2fb
par_5adc793e289729e8d135,c1ccccc1.c1ccccc1.c1ccccc1,scf_14fb86557d2bb1dc3089,False,,scf_14fb86557d2bb1dc3089
par_5ae52ef2da3280c70027,O=C1OCc2ccccc21,scf_9a647e10f3fa9a1f1e0d,False,,scf_9a647e10f3fa9a1f1e0d
par_5ae5562cc7190d69fd4c,c1ccc(Nc2ccc([C+](c3ccccc3)c3ccccc3)c3ccccc23)cc1,scf_8983be532fa0a8900c5d,False,,scf_8983be532fa0a8900c5d
par_5ae5ee67d0a738ebf4a0,,,True,acy_3e0ea233cde1b6a6b050,acy_3e0ea233cde1b6a6b050
par_5ae8d7344cdafe10ddf4,C1=CC2C3C1C1C4CCC(C21)C43,scf_dd8245d0219636d51b03,False,,scf_dd8245d0219636d51b03
par_5af89028274a52f86f1b,O=C1[O][Sb]2[O]CC3[O][Sb]([O]CC1[O]2)[O]C3=O,scf_50e14cf27007460f5769,False,,scf_50e14cf27007460f5769
par_5afc4f804f0622c1dc7f,c1ccccc1,scf_13cad05ca8f49c509e5b,False,,scf_13cad05ca8f49c509e5b
par_5b0977b19baebd969e6d,,,True,acy_d1e95ee0450b739e8186,acy_d1e95ee0450b739e8186
par_5b0b56f17ca44e26cc31,C(=C(c1ccccc1)c1ccccc1)c1ccccc1,scf_c9ba49f8e5c7b1af6b88,False,,scf_c9ba49f8e5c7b1af6b88
par_5b179e6229887a8a9d36,c1ccc(-c2[nH+]c3ccccc3s2)cc1,scf_2ce8af9dc41f76aa4e15,False,,scf_2ce8af9dc41f76aa4e15
par_5b196629d8b8b1f0b97e,c1cn[nH]c1,scf_bf3a6e744c00a4f42e2b,False,,scf_bf3a6e744c00a4f42e2b
par_5b1c54a430b13fb4cf67,C1CNCCN1,scf_dcbee0ce71a0a74f5873,False,,scf_dcbee0ce71a0a74f5873
par_5b1d02456f73ba01d99d,c1ccccc1,scf_13cad05ca8f49c509e5b,False,,scf_13cad05ca8f49c509e5b
par_5b3e2001c0782aecb75f,O=C(OCCCc1ccccc1)c1ccccc1,scf_5b3e2001c0782aecb75f,False,,scf_5b3e2001c0782aecb75f
par_5b479bed1179299426b3,,,True,acy_5c710c2ca2f603f45f46,acy_5c710c2ca2f603f45f46
par_5b5fb693aefcabce5d4c,C1=CCCCC1,scf_fe8528cff2dfdfccb743,False,,scf_fe8528cff2dfdfccb743
par_5b5fe591ae8a0ca54e59,,,True,acy_7efa917a1571aacd3733,acy_7efa917a1571aacd3733
par_5b636453f2a6f48eca93,,,True,acy_12d2f282a5119981e8bc,acy_12d2f282a5119981e8bc
par_5b6737b2cff63199f012,O=C(c1ccccc1)c1ccccc1,scf_113660f6820aa1505046,False,,scf_113660f6820aa1505046
par_5b6d923adb6df7996295,c1ccccc1,scf_13cad05ca8f49c509e5b,False,,scf_13cad05ca8f49c509e5b
par_5b6f73db0269fdcc1cc8,c1ccc([PH+](c2ccccc2)c2ccccc2)cc1,scf_43c650e9ac6792074e61,False,,scf_43c650e9ac6792074e61
par_5b77f10a23532a438e51,,,True,acy_774a30c0db653ffc7a72,acy_774a30c0db653ffc7a72
par_5b821c7c155c51c6cb02,C1=CCCCC1,scf_fe8528cff2dfdfccb743,False,,scf_fe8528cff2dfdfccb743
par_5b87895b5c64b4e29915,C1CCCC1,scf_8c2e3ed84f9272bb9c74,False,,scf_8c2e3ed84f9272bb9c74
par_5b8a353f922279ef991f,,,True,acy_76b8a4513be70f444697,acy_76b8a4513be70f444697
par_5b95ed103ea378856b62,c1ccccc1,scf_13cad05ca8f49c509e5b,False,,scf_13cad05ca8f49c509e5b
par_5b9c1dab0df0a35eaf65,,,True,acy_f3e35b6510489197e52a,acy_f3e35b6510489197e52a
par_5b9f7ba77439fe819215,,,True,acy_89f7dab606f8b3022444,acy_89f7dab606f8b3022444
par_5ba1df6040c0fc770669,c1ccccc1,scf_13cad05ca8f49c509e5b,False,,scf_13cad05ca8f49c509e5b
par_5ba7ab0c62ce2e05041c,O=C1COC(=O)N1c1ccccc1,scf_0354870f42372f9b704d,False,,scf_0354870f42372f9b704d
par_5bacd581327bf4eab227,c1ccccc1,scf_13cad05ca8f49c509e5b,False,,scf_13cad05ca8f49c509e5b
par_5bb0ed795abdd4d7df34,,,True,acy_2332af7ce4cf7ce83235,acy_2332af7ce4cf7ce83235
par_5bb578bc672f6b6de270,,,True,acy_02d3c252cb9b05c81215,acy_02d3c252cb9b05c81215
par_5bba340b29240fabf9a0,,,True,acy_c422ea14e888b4f55ddd,acy_c422ea14e888b4f55ddd
par_5bc76544fcbe477197d1,,,True,acy_89b5124cf05ccdaeec8a,acy_89b5124cf05ccdaeec8a
par_5bd10b2689729d6e6113,,,True,acy_eb97a8f8ee6b719bc8ef,acy_eb97a8f8ee6b719bc8ef
par_5bdf773e4226f0515533,c1ccccc1,scf_13cad05ca8f49c509e5b,False,,scf_13cad05ca8f49c509e5b
par_5bee75dfc4530c61e3c4,c1ccccc1,scf_13cad05ca8f49c509e5b,False,,scf_13cad05ca8f49c509e5b
par_5bf5d1eccb8c0f25460f,C1CCOCC1,scf_e0a38598de1d53573ce8,False,,scf_e0a38598de1d53573ce8
par_5c02d47ce965bbdced6b,c1ccc(Cc2ccccc2)cc1,scf_05784e2ddd36e41751a8,False,,scf_05784e2ddd36e41751a8
par_5c0fd7e182ee19d524da,,,True,acy_f7508345a5f243377e49,acy_f7508345a5f243377e49
par_5c21777605747598ef08,c1ccccc1,scf_13cad05ca8f49c509e5b,False,,scf_13cad05ca8f49c509e5b
par_5c24754caaebb2aedcc1,,,True,acy_2c8e102948cc1b06a4b7,acy_2c8e102948cc1b06a4b7
par_5c275659c22f20c09484,c1ccccc1,scf_13cad05ca8f49c509e5b,False,,scf_13cad05ca8f49c509e5b
par_5c29cdc659aeede5e084,O=C1Cc2cc(CCN3CCN(c4nsc5ccccc45)CC3)ccc2N1,scf_785b5dc4746c3aebb95e,False,,scf_785b5dc4746c3aebb95e
par_5c2a402a73013541d5a5,O=C1C=CC(=NNc2ccccc2)C=C1,scf_350b6b2a909a68074eb8,False,,scf_350b6b2a909a68074eb8
par_5c2d06ab1a38c21efa98,O=C1C=C/C(=N\Nc2ccccc2)C(=O)N1,scf_ebb6de27fdedcb34f4fd,False,,scf_ebb6de27fdedcb34f4fd
par_5c2d4306fe1e3da2ea88,c1c[nH]cn1,scf_5c2d4306fe1e3da2ea88,False,,scf_5c2d4306fe1e3da2ea88
par_5c3177faf5d64f5db47d,c1ccc(C(c2ccccc2)(c2ccccc2)n2ccnc2)cc1,scf_6408ee935d09d2cb7da0,False,,scf_6408ee935d09d2cb7da0
par_5c34ad82d6140af744f1,c1ccccc1,scf_13cad05ca8f49c509e5b,False,,scf_13cad05ca8f49c509e5b
par_5c3a879a8349305f3141,C1CCNC1,scf_487ed2dcbfa239f0ffcc,False,,scf_487ed2dcbfa239f0ffcc
par_5c4137a7fae5a66dd72a,,,True,acy_561eb8ca0dc4f0b5297b,acy_561eb8ca0dc4f0b5297b
par_5c4296c9e02fbf6e5df6,c1ccc2ccccc2c1,scf_a896d495b04a450b732a,False,,scf_a896d495b04a450b732a
par_5c688e32c76bf4290b1a,c1ccncc1,scf_75c7a4b0b41e43900bfb,False,,scf_75c7a4b0b41e43900bfb
par_5c6a710f9a51f4ad081a,O=C1C=C2C(CCC3CCCC[C@H]23)C2CCC3CCCCC3C12.O=C1C=C2C(CCC3CCCC[C@H]23)C2CCC3CCCCC3C12.O=C1C=C2C(CCC3CCCC[C@H]23)C2CCC3CCCCC3C12,scf_f88f32b53e0f9c0b1232,False,,scf_f88f32b53e0f9c0b1232
par_5c79ee66f568e97a1837,c1ccccc1,scf_13cad05ca8f49c509e5b,False,,scf_13cad05ca8f49c509e5b
par_5c7acb1ea6dfa4118347,c1ccc(-c2ncc[nH]2)cc1,scf_5c7acb1ea6dfa4118347,False,,scf_5c7acb1ea6dfa4118347
par_5c87013cc051481d9844,,,True,acy_a5d1b1d4caf5d77ab7ef,acy_a5d1b1d4caf5d77ab7ef
par_5c8bfdfa89d79303aa04,c1ccccc1,scf_13cad05ca8f49c509e5b,False,,scf_13cad05ca8f49c509e5b
par_5c8dfd3fd80ed6c25b63,C(=C/c1ccc(Nc2ncnc(Nc3ccccc3)n2)cc1)\c1ccc(Nc2ncnc(Nc3ccccc3)n2)cc1,scf_972d42ee79710c79e0ac,False,,scf_972d42ee79710c79e0ac
par_5c8ea8eea635edd0d11c,O=C(CCN1CC1)OCC(COC(=O)CCN1CC1)COC(=O)CCN1CC1,scf_1c90ec483d965d9fc19e,False,,scf_1c90ec483d965d9fc19e
par_5c9700db9891235fe8c8,C1CO1,scf_59b1a7b29b6a5f8bc1b8,False,,scf_59b1a7b29b6a5f8bc1b8
par_5ca0a5f4708a2d2488c9,O=C(COc1nncs1)Nc1ccccc1,scf_adc60295c08c2171eb17,False,,scf_adc60295c08c2171eb17
par_5cb101fed5d2ae5b11c2,c1cc2c3c(cccc3c1)NCN2,scf_8d1d2947c6d7f573c855,False,,scf_8d1d2947c6d7f573c855
par_5cb1880be0449464c8d5,O=S1(=O)OCCc2c3c(c4c(c21)C1(CC1)C4)CC3,scf_b94c96eae9d659df045c,False,,scf_b94c96eae9d659df045c
par_5cb313f07022ca7e7169,,,True,acy_a8328b1fb57519034460,acy_a8328b1fb57519034460
par_5cb4ffeb88596ba51483,N=C1C=CC2=CC=CC(=O)C2=C1NNc1ccccc1,scf_69a6c9111648419c5157,False,,scf_69a6c9111648419c5157
par_5cc56acdc03c885dfd64,C1CCC(CC2CCCCC2)CC1,scf_7796cb316aa67077baa0,False,,scf_7796cb316aa67077baa0
par_5cd92a352994154fc67e,c1ccc(OP(Oc2ccccc2)Oc2ccccc2)cc1,scf_01034fef4b08fc141dd7,False,,scf_01034fef4b08fc141dd7
par_5cdf21f3dd4bf2ac17c9,c1ccccc1,scf_13cad05ca8f49c509e5b,False,,scf_13cad05ca8f49c509e5b
par_5ce209abb8ec7e7d7610,,,True,acy_bf51acad04e40f7d722f,acy_bf51acad04e40f7d722f
par_5cf0e27b313b790809f5,c1ccc([SiH](O[SiH](c2ccccc2)c2ccccc2)O[SiH](c2ccccc2)c2ccccc2)cc1,scf_6a8162a40bcd9d368556,False,,scf_6a8162a40bcd9d368556
par_5cf7e80d7368c4cba630,c1ccccc1,scf_13cad05ca8f49c509e5b,False,,scf_13cad05ca8f49c509e5b
par_5cfc110a42ecafe156c2,O=c1c(Cc2ccccc2)coc2ccccc12,scf_4678120c792718f51ad6,False,,scf_4678120c792718f51ad6
par_5cfe3278f7c73aaebec6,c1ccccc1,scf_13cad05ca8f49c509e5b,False,,scf_13cad05ca8f49c509e5b
par_5d0a8b35bf9bf48aa882,O=c1nc[nH]cn1,scf_a65d652713be7c669085,False,,scf_a65d652713be7c669085
par_5d241d2eb710b1d901fd,c1ccccc1,scf_13cad05ca8f49c509e5b,False,,scf_13cad05ca8f49c509e5b
par_5d269748a3098d29410d,C1=C2CC[C@H]3CCCCC3[C@H]2CCC1,scf_c0cba74ae70e1737da60,False,,scf_c0cba74ae70e1737da60
par_5d3062235f97ee0931e7,c1ccncc1,scf_75c7a4b0b41e43900bfb,False,,scf_75c7a4b0b41e43900bfb
par_5d31f4030c4ae9c505f5,C(=C/c1ccc2ccccc2n1)\c1ccccc1,scf_adc95301af93b0e9e852,False,,scf_adc95301af93b0e9e852
par_5d34e12d83b081e97ba9,,,True,acy_a327f8f240f5f1d92530,acy_a327f8f240f5f1d92530
par_5d442635b41069af2ad0,c1ccc(OCC2CO2)cc1,scf_5d442635b41069af2ad0,False,,scf_5d442635b41069af2ad0
par_5d461062e9dc7c07f8b7,c1ccncc1,scf_75c7a4b0b41e43900bfb,False,,scf_75c7a4b0b41e43900bfb
par_5d55a31c125a90684b38,c1ccccc1,scf_13cad05ca8f49c509e5b,False,,scf_13cad05ca8f49c509e5b
par_5d5dd4ffeadb9edfc54e,[NH2+]=C(Nc1ccccc1)Nc1ccccc1,scf_5d5dd4ffeadb9edfc54e,False,,scf_5d5dd4ffeadb9edfc54e
par_5d66c8a4e5a179447eed,,,True,acy_b7c18809df99a5459246,acy_b7c18809df99a5459246
par_5d68ab6bb76932112bb4,,,True,acy_7a38c1303228e573f458,acy_7a38c1303228e573f458
par_5d6b5ddeec64953e2c09,,,True,acy_b3a98debb6974efebf07,acy_b3a98debb6974efebf07
par_5d71750266b584c4e353,,,True,acy_d7e7f5e3bf6895acd1aa,acy_d7e7f5e3bf6895acd1aa
par_5d8b2cb75ab359738382,C1COCCN1,scf_f2e394232156ef1f934e,False,,scf_f2e394232156ef1f934e
par_5d9381d2f6dbae8568be,,,True,acy_d731d91393648b1529a1,acy_d731d91393648b1529a1
par_5da1ba726f54707457f9,c1ccccc1,scf_13cad05ca8f49c509e5b,False,,scf_13cad05ca8f49c509e5b
par_5da3c2cd33419a940ff2,N=c1ccc2c(-c3ccccc3)c3ccccc3oc-2c1,scf_073a088e4a307e67c5bf,False,,scf_073a088e4a307e67c5bf
par_5da5f84cdc69d82b15f1,c1ccc(-n2nc3ccccc3n2)cc1,scf_b889f6cb826d30b728ad,False,,scf_b889f6cb826d30b728ad
par_5da7125d2451b1b2129e,C1CNCCN1,scf_dcbee0ce71a0a74f5873,False,,scf_dcbee0ce71a0a74f5873
par_5da894edceace072fe56,,,True,acy_fd0c1b938cd41b540928,acy_fd0c1b938cd41b540928
par_5db18d0bb4c654e01059,,,True,acy_6ddbb12f830e461dcf29,acy_6ddbb12f830e461dcf29
par_5db490ac38a6f4e4bacf,O=S(=O)(c1ccccc1)c1ccccc1,scf_a08298a168b69ca6ba77,False,,scf_a08298a168b69ca6ba77
par_5df9882801478addaea9,C1=CC2CCC1C2,scf_4803c0f3b9aad24aab1b,False,,scf_4803c0f3b9aad24aab1b
par_5e21df8293e67571603b,,,True,acy_c32208549c6f5c329e1a,acy_c32208549c6f5c329e1a
par_5e2f214ca020210f3617,O=C1NC(=O)C2CC=CCC12,scf_b2e4dc9906bd7c7fd310,False,,scf_b2e4dc9906bd7c7fd310
par_5e2f7496b639227fdded,c1ccccc1,scf_13cad05ca8f49c509e5b,False,,scf_13cad05ca8f49c509e5b
par_5e32615b8373228b54b6,,,True,acy_0fbf4ab06e8095d22040,acy_0fbf4ab06e8095d22040
par_5e33c6cb975180d22df0,O=C1c2ccc3c(c2O[C@@H]2COc4ccccc4[C@H]12)CCO3,scf_e7b556619bdcf8c24383,False,,scf_e7b556619bdcf8c24383
par_5e3467670dfed2829093,,,True,acy_02d3c252cb9b05c81215,acy_02d3c252cb9b05c81215
par_5e40da26e6a54230f9a4,c1ccccc1,scf_13cad05ca8f49c509e5b,False,,scf_13cad05ca8f49c509e5b
par_5e4a559b02675e78a22a,c1ccc(Oc2ccccc2)cc1,scf_9affd80d02f471acfe8b,False,,scf_9affd80d02f471acfe8b
par_5e55a6a58675f582c4e5,,,True,acy_cd3f999b4d618e214ab7,acy_cd3f999b4d618e214ab7
par_5e5a48225048d53debcf,,,True,acy_d7b13db85eee73f13617,acy_d7b13db85eee73f13617
par_5e5dc830fca85b7bd43c,,,True,acy_5f4be83dcf747d2bb9ad,acy_5f4be83dcf747d2bb9ad
par_5e608c555f8c3e72b12f,c1ccccc1,scf_13cad05ca8f49c509e5b,False,,scf_13cad05ca8f49c509e5b
par_5e6ff53ee0910fa2aba7,C1CCCC2OC2CC1,scf_5e6ff53ee0910fa2aba7,False,,scf_5e6ff53ee0910fa2aba7
par_5e894c8d01355f382ba4,,,True,acy_57da89853497a30c4167,acy_57da89853497a30c4167
par_5e8f14ef7fc04656da9c,,,True,acy_4961d1e0a3828babd9ff,acy_4961d1e0a3828babd9ff
par_5e9f7fda2a7ee2e22e9a,,,True,acy_d731d91393648b1529a1,acy_d731d91393648b1529a1
par_5e9fdca2e50d6c548fa2,O=c1ccn(-c2ccccc2)nc1,scf_e47884409ef0d76218f3,False,,scf_e47884409ef0d76218f3
par_5eabb712581bf072123d,O=C1CCCCC1,scf_28ed7f4abc3f360949be,False,,scf_28ed7f4abc3f360949be
par_5eac0b78a9ccfdbbfd7e,,,True,acy_bef7ccd53e9693f69137,acy_bef7ccd53e9693f69137
par_5eada6f9b8580fb10250,C1=CCCCC1,scf_fe8528cff2dfdfccb743,False,,scf_fe8528cff2dfdfccb743
par_5eaef7b26b060fef752d,c1ccccc1,scf_13cad05ca8f49c509e5b,False,,scf_13cad05ca8f49c509e5b
par_5eaf1f977d1bafd1a376,c1ccc2c(c1)oc1ccccc12,scf_33f6e9ba7897196f7b9d,False,,scf_33f6e9ba7897196f7b9d
par_5ecdf86fc5256320a3dc,O=C(CN=Nc1ccc(-c2ccc(N=NCC(=O)Nc3ccccc3)cc2)cc1)Nc1ccccc1,scf_aca016b018f77b44e647,False,,scf_aca016b018f77b44e647
par_5ed00844b1e944ba98e9,,,True,acy_6dc158e2e65eb0a253a0,acy_6dc158e2e65eb0a253a0
par_5ed047466044e2265ed7,c1ccc(Oc2ccccc2)cc1,scf_9affd80d02f471acfe8b,False,,scf_9affd80d02f471acfe8b
par_5ee1fe502400d24713d1,O=C1NCCCN1,scf_5ee1fe502400d24713d1,False,,scf_5ee1fe502400d24713d1
par_5ee3b376e5be23710f51,c1ccc(C2([NH+]3CCCCC3)CCCCC2)cc1,scf_5ee3b376e5be23710f51,False,,scf_5ee3b376e5be23710f51
par_5ee447ccf47cda955de9,c1ccsc1,scf_5ee447ccf47cda955de9,False,,scf_5ee447ccf47cda955de9
par_5ef42809680069fbdfc3,,,True,acy_75cc5e32ee4b4ca0f63f,acy_75cc5e32ee4b4ca0f63f
par_5ef5fef234fae98d5d5f,,,True,acy_1e632254deceb12dd24a,acy_1e632254deceb12dd24a
par_5f0942cd8e9384b91a04,c1c[nH]cn1,scf_5c2d4306fe1e3da2ea88,False,,scf_5c2d4306fe1e3da2ea88
par_5f096d907a07744510c3,c1ccc(Oc2ccccn2)cc1,scf_78397fed9a32a9cf351f,False,,scf_78397fed9a32a9cf351f
par_5f0db5bb9682ae582b2f,c1ccccc1,scf_13cad05ca8f49c509e5b,False,,scf_13cad05ca8f49c509e5b
par_5f270315f67d239c8445,C(=C/c1ccccc1)\c1ccccc1,scf_76fcb4d76b7334a113f3,False,,scf_76fcb4d76b7334a113f3
par_5f30b9c5cf4c88f6e854,C=C1c2ccccc2CCc2ccccc21,scf_56f92a8f877c77ed1f8e,False,,scf_56f92a8f877c77ed1f8e
par_5f3fdba4a801b4234034,,,True,acy_bfdc0e216fea7c5b8f8a,acy_bfdc0e216fea7c5b8f8a
par_5f4035faeecaac798d2b,C(=NC=NCCCCCCN=CN=CNc1ccccc1)Nc1ccccc1,scf_768e78ffc99bf25956b8,False,,scf_768e78ffc99bf25956b8
par_5f40a2662f7e4c075344,,,True,acy_de1dfc9a57ddb213c10e,acy_de1dfc9a57ddb213c10e
par_5f4596bfeea924bf7a2b,c1ccccc1,scf_13cad05ca8f49c509e5b,False,,scf_13cad05ca8f49c509e5b
par_5f4b34c258d96467e211,,,True,acy_9a200147d6a5eb5123a3,acy_9a200147d6a5eb5123a3
par_5f519c09359505d23167,c1ccccc1,scf_13cad05ca8f49c509e5b,False,,scf_13cad05ca8f49c509e5b
par_5f5306bd3bc70cabbb77,,,True,acy_c4554cfc61138100f20f,acy_c4554cfc61138100f20f
par_5f592e90f4fc0ae1a88b,c1ccccc1,scf_13cad05ca8f49c509e5b,False,,scf_13cad05ca8f49c509e5b
par_5f702700e29925ac7dd9,c1ccc(Oc2ccccc2)cc1,scf_9affd80d02f471acfe8b,False,,scf_9affd80d02f471acfe8b
par_5f75f5a34a40ff1415b4,,,True,acy_6a2ed24bad1b123395e0,acy_6a2ed24bad1b123395e0
par_5f9ed1527f8d48fc36b9,C1=CC[C@H]2C[C@H]2C1,scf_18ddbb0f61b3f2526edf,False,,scf_18ddbb0f61b3f2526edf
par_5fa6d750d3b17f2a0e53,c1ccccc1,scf_13cad05ca8f49c509e5b,False,,scf_13cad05ca8f49c509e5b
par_5fad5cc801d08b2498c1,c1ccc2sccc2c1,scf_031e1ae944a270c0fe7f,False,,scf_031e1ae944a270c0fe7f
par_5fb089778108f7b98e1a,O=C1NC(=O)C2C3C=CC(C3)C12,scf_92c5ab8bdabdb985a354,False,,scf_92c5ab8bdabdb985a354
par_5fbbb452112a373d0527,,,True,acy_d3fbe2e24da3278d3752,acy_d3fbe2e24da3278d3752
par_5ff3b9202fafd402e645,c1ccccc1,scf_13cad05ca8f49c509e5b,False,,scf_13cad05ca8f49c509e5b
par_5ff55673172c59a3edd1,O=C(OCc1cccc(Oc2ccccc2)c1)C1CC1,scf_dd5d192b016bdf3547cd,False,,scf_dd5d192b016bdf3547cd
par_5ff615b7a5fb011a26e3,,,True,acy_5d2350330e5b584a9c9e,acy_5d2350330e5b584a9c9e
par_5ffd04bff0360cfa9460,c1ccccc1,scf_13cad05ca8f49c509e5b,False,,scf_13cad05ca8f49c509e5b
par_5ffe4fb123c89ce980de,c1ccc(N=Nc2ccccc2)cc1,scf_782452139c6e50ec94b3,False,,scf_782452139c6e50ec94b3
par_5ffffbe816f45116d300,c1ccccc1,scf_13cad05ca8f49c509e5b,False,,scf_13cad05ca8f49c509e5b
par_6006a4323204d22fa642,,,True,acy_5a3a121e85d9a7e07094,acy_5a3a121e85d9a7e07094
par_60174c1be388c3dea403,c1ccc(CCn2cncn2)cc1,scf_ebc726e7f6b50dd016b3,False,,scf_ebc726e7f6b50dd016b3
par_604ca303baf0391f21e2,,,True,acy_cbfaefd8d22b8ccd26c6,acy_cbfaefd8d22b8ccd26c6
par_6051cafab0dbb53c8d7b,C1CCCCC1,scf_a21c4f64dcc59dd2ede8,False,,scf_a21c4f64dcc59dd2ede8
par_60651cfe56939a450fe5,,,True,acy_dbdae54709b60499859f,acy_dbdae54709b60499859f
par_6066219e3067c7a9db33,C1CO1,scf_59b1a7b29b6a5f8bc1b8,False,,scf_59b1a7b29b6a5f8bc1b8
par_60685b3fce10ddfa4cf8,,,True,acy_f2097066b862c21a1d5a,acy_f2097066b862c21a1d5a
par_607d1bec5814e80d6960,c1ccccc1,scf_13cad05ca8f49c509e5b,False,,scf_13cad05ca8f49c509e5b
par_6090a68e3825d1299f6f,,,True,acy_9a25ac9d66fe0a02d618,acy_9a25ac9d66fe0a02d618
par_6091f5a13164774262d7,,,True,acy_a5d1b1d4caf5d77ab7ef,acy_a5d1b1d4caf5d77ab7ef
par_609225c2fdf5d5014614,,,True,acy_fbcc717226f9d098d263,acy_fbcc717226f9d098d263
par_609eefc03edc3b156344,,,True,acy_7fdd2664d01ab4b30430,acy_7fdd2664d01ab4b30430
par_60bb5a0833c1241f2ef6,c1cc(Cc2cccc(C3CCCCC3)c2)cc(C2CCCCC2)c1,scf_2f8a18a019b84a909879,False,,scf_2f8a18a019b84a909879
par_60be52151b51e581dc7d,O=c1cnc2c(=O)nc[nH]c2[nH]1,scf_fab89f7620c63f1572d0,False,,scf_fab89f7620c63f1572d0
par_60beb6d1cf0d46d77057,,,True,acy_42fad99340318e7863d8,acy_42fad99340318e7863d8
par_60dc8c5e293285a94c76,c1c[nH]cn1,scf_5c2d4306fe1e3da2ea88,False,,scf_5c2d4306fe1e3da2ea88
par_60de6d96c3d0525c587f,,,True,acy_770187ee129bd1395438,acy_770187ee129bd1395438
par_60dfcdd8ca26cbb9dae3,c1ccccc1,scf_13cad05ca8f49c509e5b,False,,scf_13cad05ca8f49c509e5b
par_60eea4267600c9622539,O=c1ccc2c(-c3ccccc3)c3ccccc3oc-2c1,scf_c4f3d20e66d27733617c,False,,scf_c4f3d20e66d27733617c
par_60f3767950061cb2fda7,c1ccccc1,scf_13cad05ca8f49c509e5b,False,,scf_13cad05ca8f49c509e5b
par_6100837e9c5d44d03a01,c1ccc(Nc2ccccc2)cc1,scf_66594b79d38dcf0e9b76,False,,scf_66594b79d38dcf0e9b76
par_610ea9db67fe1713a3ce,,,True,acy_8600fed94d263dd0c2fb,acy_8600fed94d263dd0c2fb
par_611ddb8674da0674b5c1,c1ccccc1,scf_13cad05ca8f49c509e5b,False,,scf_13cad05ca8f49c509e5b
par_6123595c1d07d133d639,,,True,acy_3e0ea233cde1b6a6b050,acy_3e0ea233cde1b6a6b050
par_6131e6ef70a3777167f5,c1ccccc1,scf_13cad05ca8f49c509e5b,False,,scf_13cad05ca8f49c509e5b
par_613ce44f3274761df8c9,,,True,acy_3e0ea233cde1b6a6b050,acy_3e0ea233cde1b6a6b050
par_61421fd326b14edf6672,O=C1CN=C(c2ccccn2)N1,scf_a5c85e2510f93e9d1644,False,,scf_a5c85e2510f93e9d1644
par_61520f5765e70e740121,C1=CC2CC1C1CC3OC3C21,scf_49daacbea6c3ef3ad08b,False,,scf_49daacbea6c3ef3ad08b
par_61659ad9285665be56c8,O=C1N=[SH](=O)c2ccccc21,scf_e448273f233cb92eee46,False,,scf_e448273f233cb92eee46
par_61687c8db986440457cb,,,True,acy_ce8d6961677449a92293,acy_ce8d6961677449a92293
par_617e5caf2bf0c751f803,O=c1[nH]c(=O)[nH]c(=O)[nH]1,scf_8da1e65c62277f6ef1e7,False,,scf_8da1e65c62277f6ef1e7
par_6180d7d256adadfd2e43,O=C(Cn1cncn1)Nc1ccccc1,scf_6ac34b434362126e3e3e,False,,scf_6ac34b434362126e3e3e
par_618399dc503d43f92a97,,,True,acy_f5324c229cb2731bbe6e,acy_f5324c229cb2731bbe6e
par_6184393506027441e08c,,,True,acy_6111415f72df584d8be0,acy_6111415f72df584d8be0
par_6196aa7a323f6b82522e,,,True,acy_6a24e5772cd4f9ecd9bd,acy_6a24e5772cd4f9ecd9bd
par_61afca774802c233df41,,,True,acy_124f5c47d08a4cea6fde,acy_124f5c47d08a4cea6fde
par_61b1d7a5005fd19286f8,c1ccccc1,scf_13cad05ca8f49c509e5b,False,,scf_13cad05ca8f49c509e5b
par_61c2c8446b5dd53bdbc7,c1ccc2ocnc2c1,scf_af9691aee7e2351e2a78,False,,scf_af9691aee7e2351e2a78
par_61c97a0e5bf59b60bdda,,,True,acy_9dd69a6393c7bdc4c484,acy_9dd69a6393c7bdc4c484
par_61d52e12d8b305c3140c,c1ccc2c(c1)Cc1ccccc1C2,scf_61d52e12d8b305c3140c,False,,scf_61d52e12d8b305c3140c
par_61dfc3dbd78e8910e6f7,,,True,acy_40ac447629c61e4b17e3,acy_40ac447629c61e4b17e3
par_61e2235d5726d0a94548,c1ccc(Cc2ccccc2Cc2ccccc2)cc1,scf_2cd07642577ede8db4db,False,,scf_2cd07642577ede8db4db
par_61ea1990969c8e2a8933,c1ccc2c(c1)cc1ccc3cccc4ccc2c1c34,scf_61ea1990969c8e2a8933,False,,scf_61ea1990969c8e2a8933
par_61ebed2b934f052c83ca,,,True,acy_299d97b13375f09dcb46,acy_299d97b13375f09dcb46
par_61ed3c316fd6afb6755c,,,True,acy_b4752d72cdf0b326c37a,acy_b4752d72cdf0b326c37a
par_61fcff388789c5af0334,,,True,acy_f3e35b6510489197e52a,acy_f3e35b6510489197e52a
par_621629d4271d3ace4843,,,True,acy_889abc48574d4a8b0498,acy_889abc48574d4a8b0498
par_62268931a450b599b4b2,,,True,acy_ebe0ab75523c2020da47,acy_ebe0ab75523c2020da47
par_622b510664ec34a565e7,C1CCC(C2CC3CCC2C3)CC1,scf_efe2df56e0050f8c5e98,False,,scf_efe2df56e0050f8c5e98
par_622f8f0fcc1502149461,,,True,acy_89b5124cf05ccdaeec8a,acy_89b5124cf05ccdaeec8a
par_623468d724e7594c9c4d,,,True,acy_6753911a83ebafe92bf1,acy_6753911a83ebafe92bf1
par_623cc7889a7502ab2e65,,,True,acy_15cc501c929d31d979f2,acy_15cc501c929d31d979f2
par_6241f46347c1d2f9f6a0,c1ccc2c(c1)OCCO2,scf_3b7bb5e2eb24275ee9fc,False,,scf_3b7bb5e2eb24275ee9fc
par_6243166476332be31934,C1=C2CCCCC2[C@H]2CCC3CCC[C@H]3[C@@H]2C1,scf_01eb3d270cf8a94d67b4,False,,scf_01eb3d270cf8a94d67b4
par_6243d4aa2d8940078b33,c1ccccc1,scf_13cad05ca8f49c509e5b,False,,scf_13cad05ca8f49c509e5b
par_6243ec771b4ef83e83e0,C1CO1,scf_59b1a7b29b6a5f8bc1b8,False,,scf_59b1a7b29b6a5f8bc1b8
par_6250eb0b72375be88fa0,,,True,acy_fd02b0cd65f7f801f7e6,acy_fd02b0cd65f7f801f7e6
par_625ab77876336fe86d5d,c1ccccc1,scf_13cad05ca8f49c509e5b,False,,scf_13cad05ca8f49c509e5b
par_625d54fed34ed54df35f,,,True,acy_29499e13c488677de01c,acy_29499e13c488677de01c
par_6263f275abfba1c99199,c1ccccc1,scf_13cad05ca8f49c509e5b,False,,scf_13cad05ca8f49c509e5b
par_6264c1dbeed42bcd5644,,,True,acy_267bd94cb0f1d50b9a0a,acy_267bd94cb0f1d50b9a0a
par_626bdb9ed7414abb7dbd,O=C1NC(=O)C2CC=CCC12,scf_b2e4dc9906bd7c7fd310,False,,scf_b2e4dc9906bd7c7fd310
par_6287d4051de6b970926b,c1ccccc1,scf_13cad05ca8f49c509e5b,False,,scf_13cad05ca8f49c509e5b
par_628ccd1d7e1da81d7009,,,True,acy_7fdd2664d01ab4b30430,acy_7fdd2664d01ab4b30430
par_629c7410c9977c9fe4ab,c1ccccc1,scf_13cad05ca8f49c509e5b,False,,scf_13cad05ca8f49c509e5b
par_62a1a8f276fa48dbfce2,O=C(c1ccccc1)c1ccc(-c2ccccc2)cc1,scf_62a1a8f276fa48dbfce2,False,,scf_62a1a8f276fa48dbfce2
par_62a7a443b0518c79d291,O=C1NN=CCN1/N=C/c1cccnc1,scf_9d675dcc731a71299116,False,,scf_9d675dcc731a71299116
par_62ace7620c79c29fac6e,O=C1c2ccccc2C(=O)c2c(Nc3ccccc3)cccc21,scf_67e62ad7cc6ca1d7287e,False,,scf_67e62ad7cc6ca1d7287e
par_62b3f65e00e1e0961db1,c1ccc(-c2ccccc2)cc1,scf_27dacb226b18e24b40e3,False,,scf_27dacb226b18e24b40e3
par_62c17a4b8c37217e8578,c1ccccc1,scf_13cad05ca8f49c509e5b,False,,scf_13cad05ca8f49c509e5b
par_62e064d033c4a7473bf5,,,True,acy_c92b0a4ed50e60c14c18,acy_c92b0a4ed50e60c14c18
par_62e27958898c9bb9918e,,,True,acy_0bed19f2fc1ea76b691f,acy_0bed19f2fc1ea76b691f
par_62e4b59640266b1b6699,c1ccccc1,scf_13cad05ca8f49c509e5b,False,,scf_13cad05ca8f49c509e5b
par_62ec9104a39135841617,N=C(c1ccccc1)c1ccccc1,scf_10363538cc7368297f8c,False,,scf_10363538cc7368297f8c
par_62f95187ea9d83f4ac6b,C1CC[C@@H](O[C@@H]2CCC[C@H](O[C@@H]3CCCCO3)C2)OC1.C1CC[C@@H](O[C@@H]2CCC[C@H](O[C@@H]3CCCCO3)C2)OC1.C1CC[C@@H](O[C@@H]2CCC[C@H](O[C@@H]3CCCCO3)C2)OC1,scf_b1a65f67240ea8ebf011,False,,scf_b1a65f67240ea8ebf011
par_62fcdb96eabb50441369,c1ccc(Nc2ccccc2)cc1,scf_66594b79d38dcf0e9b76,False,,scf_66594b79d38dcf0e9b76
par_62fd283397f1d74b61c8,C(=C/c1ccc(Nc2ncnc(Nc3ccccc3)n2)cc1)\c1ccc(Nc2ncnc(Nc3ccccc3)n2)cc1,scf_972d42ee79710c79e0ac,False,,scf_972d42ee79710c79e0ac
par_6307129c16cf7584085e,,,True,acy_96f60ee6dcefd5f324ca,acy_96f60ee6dcefd5f324ca
par_6308bd7d46b074132668,,,True,acy_de827c5539e8becd9e6c,acy_de827c5539e8becd9e6c
par_630b5f1785376bee629f,,,True,acy_fa21376073fa2ce7d4f5,acy_fa21376073fa2ce7d4f5
par_6311faf433bce3c5116c,,,True,acy_ea0a84e7a80051eac716,acy_ea0a84e7a80051eac716
par_63161a2f9241921062e2,,,True,acy_5109a91ff2a948229f4e,acy_5109a91ff2a948229f4e
par_631972bf48f3cab0d8c8,,,True,acy_b37ecc9683db04478a1c,acy_b37ecc9683db04478a1c
par_6321a48a9758549a9795,O=C(CN=Nc1ccccc1)Nc1ccc2[nH]c(=O)[nH]c2c1,scf_5973106962135bef4de2,False,,scf_5973106962135bef4de2
par_632af5630123c3fdf9e4,,,True,acy_4a859606e0321ed0c65f,acy_4a859606e0321ed0c65f
par_633be831706ff4682d58,C1=CCCCC1,scf_fe8528cff2dfdfccb743,False,,scf_fe8528cff2dfdfccb743
par_6355c49dab4ba9b348ad,,,True,acy_dbdae54709b60499859f,acy_dbdae54709b60499859f
par_63585687ec5a8f641e40,c1ccccc1,scf_13cad05ca8f49c509e5b,False,,scf_13cad05ca8f49c509e5b
par_636e37228c0f265b3f43,,,True,acy_d1ca31bdab69cc8acc68,acy_d1ca31bdab69cc8acc68
par_6377bb0a56ce505043e2,c1ccccc1,scf_13cad05ca8f49c509e5b,False,,scf_13cad05ca8f49c509e5b
par_63784db400593baacb1b,,,True,acy_8483712adafcf2c7c91a,acy_8483712adafcf2c7c91a
par_637d03ff9811d980cfd4,c1ccccc1,scf_13cad05ca8f49c509e5b,False,,scf_13cad05ca8f49c509e5b
par_63832a47c69ddaf56c6a,O=S(=O)(Nc1ccncn1)c1ccccc1.c1ccc(Cc2cncnc2)cc1,scf_2d9b7371a3b4cd19246a,False,,scf_2d9b7371a3b4cd19246a
par_638a5f5d8b0b0664233c,,,True,acy_889abc48574d4a8b0498,acy_889abc48574d4a8b0498
par_638b07ebe32c0e08e7f9,c1ccc(-c2ccccc2)cc1,scf_27dacb226b18e24b40e3,False,,scf_27dacb226b18e24b40e3
par_638bf314b9242f713368,C1CO1,scf_59b1a7b29b6a5f8bc1b8,False,,scf_59b1a7b29b6a5f8bc1b8
par_63942d24b88dbf8683ce,c1ccccc1,scf_13cad05ca8f49c509e5b,False,,scf_13cad05ca8f49c509e5b
par_6394a8470da5517f4766,O=c1[nH]c(=O)c2[nH]c(=O)[nH]c2[nH]1,scf_6394a8470da5517f4766,False,,scf_6394a8470da5517f4766
par_63aa3f4817228a026742,c1ccccc1,scf_13cad05ca8f49c509e5b,False,,scf_13cad05ca8f49c509e5b
par_63b7d9680488d76271f9,c1ccncc1,scf_75c7a4b0b41e43900bfb,False,,scf_75c7a4b0b41e43900bfb
par_63bc3e456b339a8e7497,,,True,acy_048c726eb8d7bd3db881,acy_048c726eb8d7bd3db881
par_63be4a86f93b5f7b704f,,,True,acy_0b04164fa54a29d80b22,acy_0b04164fa54a29d80b22
par_63c22f7c60f111f34b79,,,True,acy_963ffd5548000b7a5ba3,acy_963ffd5548000b7a5ba3
par_63c3bb52e4ffb4a4467b,C1=C2CCCCC2[C@H]2CCC3CCC[C@H]3[C@@H]2C1,scf_01eb3d270cf8a94d67b4,False,,scf_01eb3d270cf8a94d67b4
par_63d29d90c26b32d1e4f5,,,True,acy_c6d9cbcc22c1b92f4e9b,acy_c6d9cbcc22c1b92f4e9b
par_63d46ac1aa2a48aad140,,,True,acy_b84891e289fc3b69dd46,acy_b84891e289fc3b69dd46
par_63ef9bc83e56196c3afd,,,True,acy_31c53c14570630c17538,acy_31c53c14570630c17538
par_63feee476952fa58ea90,c1ccccc1.c1ccccc1,scf_41f17138a91b62ee11b2,False,,scf_41f17138a91b62ee11b2
par_6402e206ae4ce23ac77a,,,True,acy_c43199e004ef0cae5d6f,acy_c43199e004ef0cae5d6f
par_640395119b753b2ff0bb,c1ccccc1,scf_13cad05ca8f49c509e5b,False,,scf_13cad05ca8f49c509e5b
par_641afe109fa7804210fe,,,True,acy_d2aa0fceb4bde52e644d,acy_d2aa0fceb4bde52e644d
par_6427e9989e2f2fe885e9,O=C1OCCO1,scf_03ca6bd306c3de7bc993,False,,scf_03ca6bd306c3de7bc993
par_643935fbc79e25aca673,C1COCO1,scf_6329f6891f70fdfd32d7,False,,scf_6329f6891f70fdfd32d7
par_644dce7ca85a119876d6,,,True,acy_f2097066b862c21a1d5a,acy_f2097066b862c21a1d5a
par_645c03b52bd898039478,,,True,acy_f7dfa0fa77d3476c98d3,acy_f7dfa0fa77d3476c98d3
par_645cb45b178d049632e7,C(=Cc1ccccc1)C1=[NH+]c2ccccc2C1,scf_6e95e51986fc9341f3a2,False,,scf_6e95e51986fc9341f3a2
par_645f0f8cd186a4ac3b92,,,True,acy_88646daa2267f0933447,acy_88646daa2267f0933447
par_6478b4c743788fcf2bdb,,,True,acy_751e3ec1872a26f45ad5,acy_751e3ec1872a26f45ad5
par_647942daa51930f7d0fc,O=C1C=CC(=O)c2ccccc21,scf_647942daa51930f7d0fc,False,,scf_647942daa51930f7d0fc
par_649d1fbe911ad0efdbc3,,,True,acy_3e0ea233cde1b6a6b050,acy_3e0ea233cde1b6a6b050
par_649e7d502d17f1dd64ef,,,True,acy_0fe55a8639e23f811746,acy_0fe55a8639e23f811746
par_64a33a12272d37771a15,c1ccc(Cc2ccccc2)cc1,scf_05784e2ddd36e41751a8,False,,scf_05784e2ddd36e41751a8
par_64a7e628448423221fa8,O=C(c1ccccc1)C1CCCCC1,scf_30ed605b8b00bed0ef5f,False,,scf_30ed605b8b00bed0ef5f
par_64b7a512dadbaa194a75,,,True,acy_a83fffc7af484731808f,acy_a83fffc7af484731808f
par_64b9f7e5bb824f0b7688,,,True,acy_a5d1b1d4caf5d77ab7ef,acy_a5d1b1d4caf5d77ab7ef
par_64bc9459572259a7c2b9,C(=NOCc1ccccc1)c1ccccc1,scf_d67fc341b0d4c5069710,False,,scf_d67fc341b0d4c5069710
par_64c68b9913dee400a032,,,True,acy_57933553e9ee5b648a57,acy_57933553e9ee5b648a57
par_64cfa426e31da08a51db,c1ccccc1,scf_13cad05ca8f49c509e5b,False,,scf_13cad05ca8f49c509e5b
par_64d1bedca3ad9a1d51e4,,,True,acy_4f6f3562a2839f050fbc,acy_4f6f3562a2839f050fbc
par_64d303a5f8df0faf7d81,,,True,acy_f6752e1b1db1f6c2b26b,acy_f6752e1b1db1f6c2b26b
par_64d49ffe4c58e4cd6d69,,,True,acy_673abdbbdb4007a25d9f,acy_673abdbbdb4007a25d9f
par_64deb0c55399c8b9a033,c1ccc(Cc2ccccc2)cc1,scf_05784e2ddd36e41751a8,False,,scf_05784e2ddd36e41751a8
par_64e89fef2052c2c1d393,c1ccccc1.c1ccccc1,scf_41f17138a91b62ee11b2,False,,scf_41f17138a91b62ee11b2
par_64ea0c1a0edd331ccac8,c1ccc2ncccc2c1,scf_a8daf8c5800683abd84e,False,,scf_a8daf8c5800683abd84e
par_64ef3dc77102ffee7045,,,True,acy_b87780d4cd80e2bbdd37,acy_b87780d4cd80e2bbdd37
par_64f2fd6bf54b768fdafa,,,True,acy_3fa0ff259d8c266a475f,acy_3fa0ff259d8c266a475f
par_64f5e1299b87dcde738f,c1ccccc1,scf_13cad05ca8f49c509e5b,False,,scf_13cad05ca8f49c509e5b
par_64ffc452fe356e55e044,C(=Nc1ccccc1)n1ccnc1,scf_fc0ab36eeda15846aace,False,,scf_fc0ab36eeda15846aace
par_650402c5542a2424372e,,,True,acy_a5d1b1d4caf5d77ab7ef,acy_a5d1b1d4caf5d77ab7ef
par_650602d57a1393f2a635,C1CN(CCOCCN2CCOCC2)CCO1,scf_650602d57a1393f2a635,False,,scf_650602d57a1393f2a635
par_650a76d642912c075abe,,,True,acy_f3e35b6510489197e52a,acy_f3e35b6510489197e52a
par_650fb57b50f02bdde3a6,O=C1OC[C@H]2[C@H]1[C@H](c1ccccc1)c1cc3c(cc1[C@H]2O[C@H]1CC[C@@H]2OCOC[C@H]2O1)OCO3,scf_5cf2e0738da7da1a5422,False,,scf_5cf2e0738da7da1a5422
par_651bc459874c29a666b2,,,True,acy_b292f85aa4e42753bbc7,acy_b292f85aa4e42753bbc7
par_65258110a4b33284944f,c1ccccc1,scf_13cad05ca8f49c509e5b,False,,scf_13cad05ca8f49c509e5b
par_65355663774c57b84300,O=S(Cc1ccccn1)c1nc2ccccc2[nH]1,scf_9bc427d6571da0bc1ff6,False,,scf_9bc427d6571da0bc1ff6
par_653dab5d2546d73886d9,c1ccccc1,scf_13cad05ca8f49c509e5b,False,,scf_13cad05ca8f49c509e5b
par_6549ac016bbc912a3a13,c1ncncn1,scf_89055dbbabf38236f98e,False,,scf_89055dbbabf38236f98e
par_655513076ed6aba7f6e1,,,True,acy_12250a46de3f93742b8f,acy_12250a46de3f93742b8f
par_6560421bff46445a65f9,c1ccccc1,scf_13cad05ca8f49c509e5b,False,,scf_13cad05ca8f49c509e5b
par_65660a13f5f2cd777d96,C1CO[SiH2]CN1,scf_26f50d743bc81755b956,False,,scf_26f50d743bc81755b956
par_656b0c52e9f8a3f58890,,,True,acy_570a212330d8ac7aab1d,acy_570a212330d8ac7aab1d
par_657107eeb3a7d19988e5,,,True,acy_92bd587bb7d6e1f1a982,acy_92bd587bb7d6e1f1a982
par_657b4806dcda0a092949,c1ccccc1,scf_13cad05ca8f49c509e5b,False,,scf_13cad05ca8f49c509e5b
par_657e4b3f8bfc45e4f356,,,True,acy_f9548bc32312371a97e0,acy_f9548bc32312371a97e0
par_659443d97d7474a1c5ff,c1ccccc1,scf_13cad05ca8f49c509e5b,False,,scf_13cad05ca8f49c509e5b
par_659930cf48f70d477c9e,O=S(=O)(Oc1ccccc1)c1ccccc1,scf_0bbbbfe84c09ab0b378e,False,,scf_0bbbbfe84c09ab0b378e
par_659f55e41ad58b232b37,c1ccccc1,scf_13cad05ca8f49c509e5b,False,,scf_13cad05ca8f49c509e5b
par_65a56f4d26ed4174370d,O=c1cc(SCc2ccccc2)cn[nH]1,scf_bd64027d70075eedbadd,False,,scf_bd64027d70075eedbadd
par_65bdcf59ad42d5c201fc,,,True,acy_f9cc7a4c0cacb1faaa60,acy_f9cc7a4c0cacb1faaa60
par_65d30b66ed92630f2311,,,True,acy_104ec98ffcd87f8493e8,acy_104ec98ffcd87f8493e8
par_65df97d374a8ab6bda09,c1ccc2ccccc2c1,scf_a896d495b04a450b732a,False,,scf_a896d495b04a450b732a
par_65f9f5c943edf9a7208e,,,True,acy_3795ceef2649d199e00d,acy_3795ceef2649d199e00d
par_65fc41d07642e3341d16,c1ccc(Cc2ccccc2)cc1,scf_05784e2ddd36e41751a8,False,,scf_05784e2ddd36e41751a8
par_6600419a8b56c7941010,c1ccc2ccccc2c1,scf_a896d495b04a450b732a,False,,scf_a896d495b04a450b732a
par_6617af967cd68e3b53d4,C1OC2OC[C@H]3OCO[C@H]3[C@@H]2O1,scf_d2fb9d80d276b569109f,False,,scf_d2fb9d80d276b569109f
par_6626fa114cb4c6414c3c,,,True,acy_782f428aaaf5d6bb0126,acy_782f428aaaf5d6bb0126
par_662c9b32f2067dee3d5f,c1ccccc1,scf_13cad05ca8f49c509e5b,False,,scf_13cad05ca8f49c509e5b
par_6636ac8cb144e5e5155a,,,True,acy_beb4e642ce752ba29df7,acy_beb4e642ce752ba29df7
par_663a1f4641730803c55e,c1ccc(Cc2ccccc2)cc1,scf_05784e2ddd36e41751a8,False,,scf_05784e2ddd36e41751a8
par_664126eb77bbc0409542,O=c1[nH]c(=O)c2[nH]cnc2[nH]1,scf_4cec1c8bd994dd6f047e,False,,scf_4cec1c8bd994dd6f047e
par_664b95281ef8c13df7ad,,,True,acy_4d0512582bc55f4888cf,acy_4d0512582bc55f4888cf
par_664cefdfa59e79795016,C1=Nc2ccccc2C(c2ccccc2)O1,scf_05ecdeb1703fb95a2da2,False,,scf_05ecdeb1703fb95a2da2
par_66594b79d38dcf0e9b76,c1ccc(Nc2ccccc2)cc1,scf_66594b79d38dcf0e9b76,False,,scf_66594b79d38dcf0e9b76
par_6666fccdb9e85261845b,,,True,acy_02196a087b5e7e57b5a7,acy_02196a087b5e7e57b5a7
par_667e22b03ef89a66ea88,O=c1[nH]c(=O)[nH]c(=O)[nH]1.c1ncncn1,scf_6e64c51ec94afa46f0e7,False,,scf_6e64c51ec94afa46f0e7
par_6687c6375359e096d7d5,c1ccc(Cc2ccccc2)cc1,scf_05784e2ddd36e41751a8,False,,scf_05784e2ddd36e41751a8
par_669a29439662809ef73c,c1ccccc1,scf_13cad05ca8f49c509e5b,False,,scf_13cad05ca8f49c509e5b
par_66a1c97846a8fb72e664,c1ccccc1,scf_13cad05ca8f49c509e5b,False,,scf_13cad05ca8f49c509e5b
par_66a637c9bf28ff0fff86,c1ccccc1,scf_13cad05ca8f49c509e5b,False,,scf_13cad05ca8f49c509e5b
par_66ccb9763fc7511940fc,C1CCCCC1,scf_a21c4f64dcc59dd2ede8,False,,scf_a21c4f64dcc59dd2ede8
par_66d6498c60d8cf944540,c1ccccc1,scf_13cad05ca8f49c509e5b,False,,scf_13cad05ca8f49c509e5b
par_66e767d11d9ebe116cfa,,,True,acy_3e0ea233cde1b6a6b050,acy_3e0ea233cde1b6a6b050
par_66ebc21b8e44f9412d07,,,True,acy_3e0ea233cde1b6a6b050,acy_3e0ea233cde1b6a6b050
par_66f65dfddb72d676156c,c1ccccc1,scf_13cad05ca8f49c509e5b,False,,scf_13cad05ca8f49c509e5b
par_66f6d573f9d13fb5bb4f,C1CO1,scf_59b1a7b29b6a5f8bc1b8,False,,scf_59b1a7b29b6a5f8bc1b8
par_66ff5de30c567adcb5cd,c1ccc(-n2cccn2)cc1,scf_7ae701ae224629046c6e,False,,scf_7ae701ae224629046c6e
par_6704a3a5fbe718f757cf,C(=C1/CCCC1Cn1cncn1)\c1ccccc1,scf_0677375ff9806ee26f21,False,,scf_0677375ff9806ee26f21
par_670eb8bda6205c62eece,O=C1CCCCO1,scf_96c652d8ab2e5765fb8d,False,,scf_96c652d8ab2e5765fb8d
par_673120298afbc67c4b7f,,,True,acy_b60886f03325e883b200,acy_b60886f03325e883b200
par_673842a10cc4f30d2298,c1ccccc1,scf_13cad05ca8f49c509e5b,False,,scf_13cad05ca8f49c509e5b
par_67408a6cdc1b6fc2b9e2,C(=N/OCc1ccccc1)\c1cn[nH]c1Oc1ccccc1,scf_0724b4f73fd5580cbe31,False,,scf_0724b4f73fd5580cbe31
par_674db94403e8c00bc3d7,O=S(=O)(Oc1ccccc1)c1ccccc1,scf_0bbbbfe84c09ab0b378e,False,,scf_0bbbbfe84c09ab0b378e
par_675941b84b0d717234fb,O=C1CCCCCCCCCCC(=O)OCCO1,scf_675941b84b0d717234fb,False,,scf_675941b84b0d717234fb
par_676127517b7d246fff51,,,True,acy_80eee7d4408fcc0bbf37,acy_80eee7d4408fcc0bbf37
par_676bda9a6322071ef422,,,True,acy_41b769d7b660c3732e04,acy_41b769d7b660c3732e04
par_676e4a0fbd15ea189d34,O=C1C=C2C3CCCC3CC[C@@H]2C2CCCC[C@@H]12,scf_50eb4f244fe26eb50b9b,False,,scf_50eb4f244fe26eb50b9b
par_6770c061fc4f73e7b012,C1C2C3CC4C2C2C1C3C42,scf_e58a7d7ffdb4a50fda76,False,,scf_e58a7d7ffdb4a50fda76
par_6774ce4c703201b446c9,c1ccccc1,scf_13cad05ca8f49c509e5b,False,,scf_13cad05ca8f49c509e5b
par_6774f0138709df559664,,,True,acy_00265cd7a39e37e68722,acy_00265cd7a39e37e68722
par_677795ad24f4d5a4da4e,c1ccccc1,scf_13cad05ca8f49c509e5b,False,,scf_13cad05ca8f49c509e5b
par_678c2b7009a4a8db9404,c1ccccc1,scf_13cad05ca8f49c509e5b,False,,scf_13cad05ca8f49c509e5b
par_678ea61bcebcab0f3e07,c1ccccc1,scf_13cad05ca8f49c509e5b,False,,scf_13cad05ca8f49c509e5b
par_67a34385622c0c261bf9,,,True,acy_414585430e9aa4bde0b8,acy_414585430e9aa4bde0b8
par_67b8126d52a60ce881a5,c1ccc2c(c1)CCC2,scf_67b8126d52a60ce881a5,False,,scf_67b8126d52a60ce881a5
par_67b9710c5828abe039c8,,,True,acy_d234ffb6b8e4b516432d,acy_d234ffb6b8e4b516432d
par_67c28950c4a7104d1d66,c1ccc(CCc2ccccc2)cc1,scf_8a8babb228839613c0c5,False,,scf_8a8babb228839613c0c5
par_67d1270b09d4987df7c3,,,True,acy_71aff7bd284fb5986e84,acy_71aff7bd284fb5986e84
par_67d8cc040782f31694ae,O=C1NC(=O)C(c2ccccc2)(c2ccccc2)N1,scf_67d8cc040782f31694ae,False,,scf_67d8cc040782f31694ae
par_680017d83a4fe401eb6f,,,True,acy_4f20371d953b6b205acc,acy_4f20371d953b6b205acc
par_68234627a0347bff858d,O=c1c(-c2ccccc2)coc2ccccc12,scf_fc820c9a96f9ea22248c,False,,scf_fc820c9a96f9ea22248c
par_684292c1acb2eb09a7e8,,,True,acy_f2097066b862c21a1d5a,acy_f2097066b862c21a1d5a
par_6847e398d88bb14f1229,,,True,acy_e565adbe17e9ac001b6b,acy_e565adbe17e9ac001b6b
par_685dd7fe9dbcec27e4d1,,,True,acy_4f5ef3f9c38e271f70f0,acy_4f5ef3f9c38e271f70f0
par_685e6596cb36d0deab97,c1ccc(COc2ccccc2)cc1,scf_048c0536cc6b34f786fd,False,,scf_048c0536cc6b34f786fd
par_686333ec5d9c1fa9a954,c1ccc(C2CCCCC2)cc1,scf_a1bbe04ccd19ad2d4e6b,False,,scf_a1bbe04ccd19ad2d4e6b
par_6867bea355ce75cd2259,,,True,acy_df4b586b051cd315dae4,acy_df4b586b051cd315dae4
par_686b1f1d37e58ee9e8d6,,,True,acy_eea40da2135f8f6caa5e,acy_eea40da2135f8f6caa5e
par_6895193c41d2931a3406,c1ccc(Oc2ccccc2)cc1,scf_9affd80d02f471acfe8b,False,,scf_9affd80d02f471acfe8b
par_6897976a7b9e0e1154eb,,,True,acy_78f728e9836298df5531,acy_78f728e9836298df5531
par_6898ccc3193cebdfb662,,,True,acy_0d04dc45625e2e9b441b,acy_0d04dc45625e2e9b441b
par_68a3abe4629e98ca7a0e,,,True,acy_741bd6660f2319769b1d,acy_741bd6660f2319769b1d
par_68a6a22f2ffb0d5d5b6f,c1ccc(Nc2ccccc2)cc1,scf_66594b79d38dcf0e9b76,False,,scf_66594b79d38dcf0e9b76
par_68c59e257be230ef0029,N=C1C2CCCC1CC2,scf_1f78e19a3a8eeacbdade,False,,scf_1f78e19a3a8eeacbdade
par_68d93eeb3921d644f7de,,,True,acy_ace102bbb34fb76d2227,acy_ace102bbb34fb76d2227
par_68da407e9c9c3300944a,c1cncnc1,scf_a3ad2a5dcc41ff79865e,False,,scf_a3ad2a5dcc41ff79865e
par_68f65a3f00e54714316b,,,True,acy_3468cd4e706567626a06,acy_3468cd4e706567626a06
par_68f79c9f2c842cf8a1ee,,,True,acy_495799324c2195c4c0be,acy_495799324c2195c4c0be
par_68f96c98d2ddd7b6d959,S=c1[nH]c(=S)[nH]c(=S)[nH]1,scf_68f96c98d2ddd7b6d959,False,,scf_68f96c98d2ddd7b6d959
par_6909d8912d0b6aeecc7d,O=C1C=COC1,scf_13b27243e160e03eff85,False,,scf_13b27243e160e03eff85
par_690c9b526bfbc33f8bde,,,True,acy_a471be49eadd8a4b4bf3,acy_a471be49eadd8a4b4bf3
par_69116bef4645b8d67cd2,,,True,acy_cfcc0afd0ba8d56cc2d9,acy_cfcc0afd0ba8d56cc2d9
par_69161726cd674c59a924,c1ccc(Nc2cccc3ccccc23)cc1,scf_69161726cd674c59a924,False,,scf_69161726cd674c59a924
par_6919b10db5f149c5e6bc,c1ccccc1,scf_13cad05ca8f49c509e5b,False,,scf_13cad05ca8f49c509e5b
par_6922dbc4e16bb4b50114,c1ccccc1,scf_13cad05ca8f49c509e5b,False,,scf_13cad05ca8f49c509e5b
par_693364cb16a9ea2db249,O=c1[nH]c(=O)c2[nH]cnc2[nH]1,scf_4cec1c8bd994dd6f047e,False,,scf_4cec1c8bd994dd6f047e
par_694126c9f2940089256d,C1=CC2C3CCC(C3)C2C1,scf_8de56061df0ce7a1728b,False,,scf_8de56061df0ce7a1728b
par_694992e234278719c033,,,True,acy_b60886f03325e883b200,acy_b60886f03325e883b200
par_69527d8f4b59f89b535d,c1ccc(CCn2ccnc2)cc1,scf_509472e745b59dca4bad,False,,scf_509472e745b59dca4bad
par_69840135d00097ab6864,c1ccccc1,scf_13cad05ca8f49c509e5b,False,,scf_13cad05ca8f49c509e5b
par_698b524de6c8544d0b98,,,True,acy_84512184a85e17112f01,acy_84512184a85e17112f01
par_6994dd0731e07a105b06,c1ccc(OCn2cncn2)cc1,scf_f6ca3f1bd9f09e2eac18,False,,scf_f6ca3f1bd9f09e2eac18
par_6998f9ee6a02b60fe238,,,True,acy_ed0ba1c42ff67127344e,acy_ed0ba1c42ff67127344e
par_699efc6f5c590d771f89,c1ccccc1,scf_13cad05ca8f49c509e5b,False,,scf_13cad05ca8f49c509e5b
par_69a81224b912bdc04521,,,True,acy_a615fade1b95bd69cd30,acy_a615fade1b95bd69cd30
par_69b245c62fe455ede2a4,C1CCC2CCCC2C1,scf_69b245c62fe455ede2a4,False,,scf_69b245c62fe455ede2a4
par_69bb0a249ab39c3cb843,O=c1ccn([C@H]2CC[C@@H](COC(c3ccccc3)(c3ccccc3)c3ccccc3)O2)c(=O)[nH]1,scf_1cb8ea034913f0affb84,False,,scf_1cb8ea034913f0affb84
par_69bbf7af75c7cd003188,c1ccccc1,scf_13cad05ca8f49c509e5b,False,,scf_13cad05ca8f49c509e5b
par_69c4258610edd81b1ec9,C1=CC2=CC[C@H]3CCCCC3[C@H]2CC1.C1=CC2=CC[C@H]3CCCCC3[C@H]2CC1,scf_096761b7e0c491ff74cb,False,,scf_096761b7e0c491ff74cb
par_69c851ca2746a2c08397,c1ccccc1,scf_13cad05ca8f49c509e5b,False,,scf_13cad05ca8f49c509e5b
par_69cbc6cee8c283296897,,,True,acy_d7e7f5e3bf6895acd1aa,acy_d7e7f5e3bf6895acd1aa
par_69d278269256b87770d1,,,True,acy_e21a3a0020120d31f8ff,acy_e21a3a0020120d31f8ff
par_69f3fbcbfb58a5b4355c,,,True,acy_465d7c426c437bb17370,acy_465d7c426c437bb17370
par_69f42916e639ef2c85bf,c1ccccc1,scf_13cad05ca8f49c509e5b,False,,scf_13cad05ca8f49c509e5b
par_69ff4ae529a664a4f5f3,c1ccccc1,scf_13cad05ca8f49c509e5b,False,,scf_13cad05ca8f49c509e5b
par_6a010f61d3933e3e5f72,c1ccc2[nH]ccc2c1,scf_e65f5bb7d6337f0d157e,False,,scf_e65f5bb7d6337f0d157e
par_6a04009ae4b6c69ab92a,,,True,acy_02d3c252cb9b05c81215,acy_02d3c252cb9b05c81215
par_6a10784854cf52d06736,,,True,acy_6015c5746429e9c35fe1,acy_6015c5746429e9c35fe1
par_6a165f6f9a276d9fceda,,,True,acy_b975e18278ca61f9b8d5,acy_b975e18278ca61f9b8d5
par_6a1ce442f4617cdaaeb4,c1ccncc1,scf_75c7a4b0b41e43900bfb,False,,scf_75c7a4b0b41e43900bfb
par_6a2878819171545ab53b,,,True,acy_0aba73d52a4e2e6c3524,acy_0aba73d52a4e2e6c3524
par_6a30ac7e6c613cf03705,,,True,acy_d775640815d148c6644d,acy_d775640815d148c6644d
par_6a443c8d3d9e58dd83f4,C(=Cc1ccccc1)C1=[NH+]c2ccccc2C1,scf_6e95e51986fc9341f3a2,False,,scf_6e95e51986fc9341f3a2
par_6a4523c26b4e65101ff9,c1ccc2c(c1)CCCC2,scf_6a4523c26b4e65101ff9,False,,scf_6a4523c26b4e65101ff9
par_6a452e934dc0c71cb636,,,True,acy_7fdd2664d01ab4b30430,acy_7fdd2664d01ab4b30430
par_6a4c478c30304cfbeb1c,c1ccccc1,scf_13cad05ca8f49c509e5b,False,,scf_13cad05ca8f49c509e5b
par_6a64c1f128669a8b62f3,,,True,acy_15ec49abe782b46c827e,acy_15ec49abe782b46c827e
par_6a6aac703b555096a6f1,,,True,acy_4dda0495913e01148535,acy_4dda0495913e01148535
par_6a6e4dd4b6c9c7c227ec,O=C(OOC(=O)c1ccccc1)c1ccccc1,scf_6a6e4dd4b6c9c7c227ec,False,,scf_6a6e4dd4b6c9c7c227ec
par_6a77d0585b7885d1947d,,,True,acy_f5c5c4ec88d6e9f9806e,acy_f5c5c4ec88d6e9f9806e
par_6a78ec62602000d01409,,,True,acy_ce74ac3928b05cb86bf6,acy_ce74ac3928b05cb86bf6
par_6a8b7f7b3eecf5d5c157,c1ccccc1,scf_13cad05ca8f49c509e5b,False,,scf_13cad05ca8f49c509e5b
par_6aa39758c556a3e66527,,,True,acy_57f510a8f4ce43675fa8,acy_57f510a8f4ce43675fa8
par_6ac3ad1747d8e4c9b36e,,,True,acy_9bf5237b95c9846261f6,acy_9bf5237b95c9846261f6
par_6adc17cf0e3b53eeebde,c1ccccc1,scf_13cad05ca8f49c509e5b,False,,scf_13cad05ca8f49c509e5b
par_6ae370ba3ee733765799,,,True,acy_987e81d673622e50a216,acy_987e81d673622e50a216
par_6aeeac11c878a50b353c,,,True,acy_48135f86e42811f77fa2,acy_48135f86e42811f77fa2
par_6afcd4aadd7136575f2c,c1ccccc1,scf_13cad05ca8f49c509e5b,False,,scf_13cad05ca8f49c509e5b
par_6b05023384a6a81b812c,,,True,acy_bcc1ae9c114e1ad909bb,acy_bcc1ae9c114e1ad909bb
par_6b0f274c20b624c9bfc8,c1ccccc1,scf_13cad05ca8f49c509e5b,False,,scf_13cad05ca8f49c509e5b
par_6b17ebfadb123eb0d0bd,,,True,acy_f9fb86f8926d82d8dbd3,acy_f9fb86f8926d82d8dbd3
par_6b23c0d5f35d1b11f9b6,,,True,acy_f021406a100eb7bd4e3f,acy_f021406a100eb7bd4e3f
par_6b268e88bf56fc8bd20f,c1ccccc1,scf_13cad05ca8f49c509e5b,False,,scf_13cad05ca8f49c509e5b
par_6b31b0e99aebf5b9e1bf,,,True,acy_f5dc8146d4c0ae309223,acy_f5dc8146d4c0ae309223
par_6b4a4422decfd3f82462,,,True,acy_a8fe903388192a8a4407,acy_a8fe903388192a8a4407
par_6b4ee96bce4489c7f0ab,c1ccc(N=Nc2ccccc2)cc1,scf_782452139c6e50ec94b3,False,,scf_782452139c6e50ec94b3
par_6b53d876859c9ba62f1f,,,True,acy_746068903c73f36e5764,acy_746068903c73f36e5764
par_6b5aa3b6d4af7735e034,O=C(NC(=O)c1ccccc1)Nc1ccccc1,scf_93d1c3930dd8f14249c4,False,,scf_93d1c3930dd8f14249c4
par_6b5ebea6501cf7ffbbc7,c1ccc(C(c2ccccc2)c2ccccc2)cc1,scf_58cb07e9f5840413c314,False,,scf_58cb07e9f5840413c314
par_6b60f40c7c9acf5f3af0,C1CCCCCCCCCCC1,scf_900e202744875aec7c6a,False,,scf_900e202744875aec7c6a
par_6b6bdf18cdb54c43c13f,,,True,acy_bab32380c5237d570ef3,acy_bab32380c5237d570ef3
par_6b6d71fc26d6078e87d4,,,True,acy_ad8a26619be9c91e5c38,acy_ad8a26619be9c91e5c38
par_6b7bd74471640e5cd709,C1CCNC1,scf_487ed2dcbfa239f0ffcc,False,,scf_487ed2dcbfa239f0ffcc
par_6b862678279d7457bbc3,,,True,acy_f2097066b862c21a1d5a,acy_f2097066b862c21a1d5a
par_6b8f33b27cded3f2ef1a,C1=CC(c2ccccc2)C=CN1,scf_496fb2d31e86fc59dc96,False,,scf_496fb2d31e86fc59dc96
par_6b90d3b9a77af2498b77,,,True,acy_4f1b1fc53e903656e03a,acy_4f1b1fc53e903656e03a
par_6b92fd8e3757e5f3025f,O=C1/C(=N/Nc2cccc(Nc3ncncn3)c2)C=Cc2ccc(N=Nc3ccccc3)cc21,scf_61d003883cec90387ff5,False,,scf_61d003883cec90387ff5
par_6b93afb0cd560d7cd2bc,O=C1c2ccccc2C(=O)C1c1ccc2cccc(N3C(=O)c4ccccc4C3=O)c2n1,scf_6bb2a78e8ffa3303685d,False,,scf_6bb2a78e8ffa3303685d
par_6ba03310e4e88cd8f482,c1ccccc1,scf_13cad05ca8f49c509e5b,False,,scf_13cad05ca8f49c509e5b
par_6bacec5b910a664a7ba0,c1ccccc1,scf_13cad05ca8f49c509e5b,False,,scf_13cad05ca8f49c509e5b
par_6bb185850f9b220dcba3,O=C(OCc1ccccc1)C1CC1,scf_496de4055ae18cabf336,False,,scf_496de4055ae18cabf336
par_6bb19fe2e802d6cfbbb8,c1c[nH]cn1,scf_5c2d4306fe1e3da2ea88,False,,scf_5c2d4306fe1e3da2ea88
par_6bbc9ce8fd1f791fc9a9,c1ccccc1,scf_13cad05ca8f49c509e5b,False,,scf_13cad05ca8f49c509e5b
par_6be4145a5260d305887e,,,True,acy_465d7c426c437bb17370,acy_465d7c426c437bb17370
par_6be596661217ad09e961,O=c1nc(-c2ccccc2)[nH]c(-c2ccccc2)n1,scf_6be596661217ad09e961,False,,scf_6be596661217ad09e961
par_6be8d5af508c19433f56,c1ccc(Sc2ccccc2)cc1,scf_debd7abf26c40eab0a14,False,,scf_debd7abf26c40eab0a14
par_6bea15c4dcd2feda9fbc,,,True,acy_f3e35b6510489197e52a,acy_f3e35b6510489197e52a
par_6bf3930597d46561a4fd,c1ccccc1,scf_13cad05ca8f49c509e5b,False,,scf_13cad05ca8f49c509e5b
par_6bf73d9e16d25fc1f611,O=C(c1ccccc1)c1ccccc1,scf_113660f6820aa1505046,False,,scf_113660f6820aa1505046
par_6bfd1c3c84be32fef088,,,True,acy_b37ecc9683db04478a1c,acy_b37ecc9683db04478a1c
par_6c0aa3d7f6f861b9a250,c1ccccc1,scf_13cad05ca8f49c509e5b,False,,scf_13cad05ca8f49c509e5b
par_6c1443c8d080bfb7e5a0,c1ccccc1,scf_13cad05ca8f49c509e5b,False,,scf_13cad05ca8f49c509e5b
par_6c15fb53b84b7216353c,,,True,acy_ca3884dc49cf2286c97e,acy_ca3884dc49cf2286c97e
par_6c1788a2fe69909d731d,,,True,acy_f2097066b862c21a1d5a,acy_f2097066b862c21a1d5a
par_6c2631e09946bc11707c,c1ccccc1,scf_13cad05ca8f49c509e5b,False,,scf_13cad05ca8f49c509e5b
par_6c2b83a1a1db72c87c1e,c1ccccc1,scf_13cad05ca8f49c509e5b,False,,scf_13cad05ca8f49c509e5b
par_6c30b71ce8fb1bae7a17,C=C1C2CCC3C1CCCCC23,scf_08e532f8b0a52d172a44,False,,scf_08e532f8b0a52d172a44
par_6c337fc2295c8396d4ce,O=S(=O)([N-]c1nccs1)c1ccccc1,scf_144b9b110c33e6f92eb0,False,,scf_144b9b110c33e6f92eb0
par_6c3a40c5623fc133f004,C1CCOCOC1,scf_6c3a40c5623fc133f004,False,,scf_6c3a40c5623fc133f004
par_6c3e7253558b5047e1ca,c1ccccc1,scf_13cad05ca8f49c509e5b,False,,scf_13cad05ca8f49c509e5b
par_6c44921675629797d985,,,True,acy_5254e01616819ff4bd3a,acy_5254e01616819ff4bd3a
par_6c4805b6e0acc44d6b76,,,True,acy_d1e95ee0450b739e8186,acy_d1e95ee0450b739e8186
par_6c48d50f09e62f79b284,c1ccccc1,scf_13cad05ca8f49c509e5b,False,,scf_13cad05ca8f49c509e5b
par_6c4dc4847998cc4c576e,c1ccc([C@H]2CO2)cc1,scf_a8f875ed9695cddc1816,False,,scf_a8f875ed9695cddc1816
par_6c596ac20ff3bae362cd,O=C1c2ccccc2C(=O)c2ccccc21,scf_f0c6b09cfc7aa95a3893,False,,scf_f0c6b09cfc7aa95a3893
par_6c5b1120e60bd88d3240,,,True,acy_9b00e1eae2020cdd9ffa,acy_9b00e1eae2020cdd9ffa
par_6c605a7a4a7f42672f57,c1ccccc1,scf_13cad05ca8f49c509e5b,False,,scf_13cad05ca8f49c509e5b
par_6c6b40ed035568bb2ffb,c1ccc(C(c2ccccc2)c2ccccc2)cc1,scf_58cb07e9f5840413c314,False,,scf_58cb07e9f5840413c314
par_6c75fb4560e58970333a,,,True,acy_857d008f8a824f398cb2,acy_857d008f8a824f398cb2
par_6ca2e61e542fa70e3b7e,c1ccccc1,scf_13cad05ca8f49c509e5b,False,,scf_13cad05ca8f49c509e5b
par_6ca5c5054c3dfe0ab0ec,O=C(c1ccc2c(c1)C(=O)OC2=O)c1ccc2c(c1)C(=O)OC2=O,scf_6ca5c5054c3dfe0ab0ec,False,,scf_6ca5c5054c3dfe0ab0ec
par_6cb1ff1252955ec15139,c1cnc2cc3c(cc2n1)C1CNCC3C1,scf_9be2f5a699150e83cda2,False,,scf_9be2f5a699150e83cda2
par_6cba171f2987cb037026,C1C[O][Sb]2[O]CC[O][Sb]([O]1)[O]CC[O]2,scf_6cba171f2987cb037026,False,,scf_6cba171f2987cb037026
par_6cbc1e54a40f1ea1d955,,,True,acy_e81f8af119971d5c5ae6,acy_e81f8af119971d5c5ae6
par_6cc540561c9d7a30b60e,O=C(/C=C/c1ccccc1)c1ccccc1,scf_6cc540561c9d7a30b60e,False,,scf_6cc540561c9d7a30b60e
par_6ccad973a4eaf78c1678,,,True,acy_568f0083181f18293a63,acy_568f0083181f18293a63
par_6cf5bd4c49db33e6fc1a,,,True,acy_414585430e9aa4bde0b8,acy_414585430e9aa4bde0b8
par_6d04990e3419f6ba58ac,,,True,acy_fe7c96f7892b6819fe4c,acy_fe7c96f7892b6819fe4c
par_6d10d7a6d3245e8c6c34,c1ccc(Cc2ccccc2)cc1,scf_05784e2ddd36e41751a8,False,,scf_05784e2ddd36e41751a8
par_6d1701d0dd7561ab4289,,,True,acy_62b65c4ce02b7505fb07,acy_62b65c4ce02b7505fb07
par_6d2a44dd638a72efc7e9,,,True,acy_133a7e56502eb556b49e,acy_133a7e56502eb556b49e
par_6d370c6cc196cedac3f0,O=C1C=CC(C=Nc2ccccc2)C=C1,scf_106827f12119fb13b2e0,False,,scf_106827f12119fb13b2e0
par_6d39da8043dd127d1ec7,c1ccc(Nc2ccccc2)cc1,scf_66594b79d38dcf0e9b76,False,,scf_66594b79d38dcf0e9b76
par_6d4550e1cebf696bb238,,,True,acy_b37ecc9683db04478a1c,acy_b37ecc9683db04478a1c
par_6d46181255b070fae3e4,,,True,acy_f3e35b6510489197e52a,acy_f3e35b6510489197e52a
par_6d4fe996ee7006248c16,c1ccc(-c2ccc3ccccc3c2)cc1,scf_6d4fe996ee7006248c16,False,,scf_6d4fe996ee7006248c16
par_6d5aad6cb84987fce8bc,,,True,acy_61269967333e918cd732,acy_61269967333e918cd732
par_6d658412935b6f411a33,,,True,acy_3e0ea233cde1b6a6b050,acy_3e0ea233cde1b6a6b050
par_6d6adf0c7908724e8245,c1ccc(-c2ccccc2)cc1,scf_27dacb226b18e24b40e3,False,,scf_27dacb226b18e24b40e3
par_6d6f7ce977ac15e40c95,C1=CCOCOC1,scf_095f66a6425203def747,False,,scf_095f66a6425203def747
par_6d7e4ad4951757b5fa3f,c1ccccc1,scf_13cad05ca8f49c509e5b,False,,scf_13cad05ca8f49c509e5b
par_6d7f0b52657e8611eba4,,,True,acy_dbdae54709b60499859f,acy_dbdae54709b60499859f
par_6d8a052298898b593cb2,c1ccccc1,scf_13cad05ca8f49c509e5b,False,,scf_13cad05ca8f49c509e5b
par_6d8d0d58b670f41a39fa,c1ccccc1,scf_13cad05ca8f49c509e5b,False,,scf_13cad05ca8f49c509e5b
par_6d970fe335510a7c675d,c1cncnc1,scf_a3ad2a5dcc41ff79865e,False,,scf_a3ad2a5dcc41ff79865e
par_6d982abd42793e04ce2a,c1ccccc1,scf_13cad05ca8f49c509e5b,False,,scf_13cad05ca8f49c509e5b
par_6dbad1f6b4db2efd5d5d,O=C(Cc1ccccc1)c1ccccc1,scf_afb59c516b9039ad0d46,False,,scf_afb59c516b9039ad0d46
par_6dbeab2d7bff8287bdd7,,,True,acy_c66fd80fbe01d9de0884,acy_c66fd80fbe01d9de0884
par_6dd2540aeec5b4f4d177,c1ccccc1,scf_13cad05ca8f49c509e5b,False,,scf_13cad05ca8f49c509e5b
par_6de205cccdc0df607622,c1ccccc1,scf_13cad05ca8f49c509e5b,False,,scf_13cad05ca8f49c509e5b
par_6e0bafd43ebc495092f4,c1ccccc1,scf_13cad05ca8f49c509e5b,False,,scf_13cad05ca8f49c509e5b
par_6e22dbd2eb8a1e0653ee,c1ccccc1,scf_13cad05ca8f49c509e5b,False,,scf_13cad05ca8f49c509e5b
par_6e2aa037f63592ef7fdc,O=C1CCON1Cc1ccccc1,scf_0e72c82981d1a6154234,False,,scf_0e72c82981d1a6154234
par_6e2eec3929dd37397a36,C1CO1,scf_59b1a7b29b6a5f8bc1b8,False,,scf_59b1a7b29b6a5f8bc1b8
par_6e3daf58b39d6a53e47e,,,True,acy_dd790dc4d7cf776dfde8,acy_dd790dc4d7cf776dfde8
par_6e50ba27dec48431b290,C(Nc1ccccc1)=[SH][Zn+2][SH]=CNc1ccccc1,scf_7311436aacbc4ef7892f,False,,scf_7311436aacbc4ef7892f
par_6e70588db2a0ee0b13ae,,,True,acy_4bae5c408a4e9e0dc975,acy_4bae5c408a4e9e0dc975
par_6e7497b0b38121a6ef00,c1ccccc1,scf_13cad05ca8f49c509e5b,False,,scf_13cad05ca8f49c509e5b
par_6e81837bc1736d7d921f,C1CCOC1,scf_92623ccd36bc322bf260,False,,scf_92623ccd36bc322bf260
par_6e8b8caeaf7135fdd4ed,,,True,acy_6e14086bfef2b6049592,acy_6e14086bfef2b6049592
par_6e8c4fc66324e8f46b7c,c1ccc(Nc2ccccc2)cc1,scf_66594b79d38dcf0e9b76,False,,scf_66594b79d38dcf0e9b76
par_6e8e31d8e10b4a4c721c,O=C(Nc1ccccc1)c1ccc2ccccc2c1,scf_0aa8beecae37d3094ea7,False,,scf_0aa8beecae37d3094ea7
par_6ea86ead2664ac941eb3,,,True,acy_dbdae54709b60499859f,acy_dbdae54709b60499859f
par_6eb21ca931aa6c05d8ff,,,True,acy_f5dffe2eb1d1766062a8,acy_f5dffe2eb1d1766062a8
par_6eb63aa1f6dcf56fce12,,,True,acy_782eca841bda07081398,acy_782eca841bda07081398
par_6ec78aa696fbaf400a17,c1ccccc1,scf_13cad05ca8f49c509e5b,False,,scf_13cad05ca8f49c509e5b
par_6ecdf6b7810639900819,,,True,acy_3795ceef2649d199e00d,acy_3795ceef2649d199e00d
par_6ed7015f330a6d5b27f1,c1ccc(Oc2ccccc2)cc1,scf_9affd80d02f471acfe8b,False,,scf_9affd80d02f471acfe8b
par_6ed9408299ef7b7f11e6,,,True,acy_a5d1b1d4caf5d77ab7ef,acy_a5d1b1d4caf5d77ab7ef
par_6edbc3d968c08b06dcc6,,,True,acy_2f44f6d7eed823c8f1cb,acy_2f44f6d7eed823c8f1cb
par_6ede5aaf8b3df8496916,,,True,acy_9853d7a843e240f41081,acy_9853d7a843e240f41081
par_6efeaf3e8d41c3037803,O=C(Nc1ccccc1)C1=COCCS1,scf_5c53cb353b665b6180f3,False,,scf_5c53cb353b665b6180f3
par_6f05d0e1039b6330170c,c1ccccc1,scf_13cad05ca8f49c509e5b,False,,scf_13cad05ca8f49c509e5b
par_6f14cfa4e89bb98d4ca1,,,True,acy_bc1bb3189b7722d2658c,acy_bc1bb3189b7722d2658c
par_6f14dadfc13d0ce4f072,O=C(Nc1ccccc1)Nc1ccccc1Oc1ccccc1,scf_db8c86c5bbe9c10bbe1f,False,,scf_db8c86c5bbe9c10bbe1f
par_6f1b3105ba84bd88ee22,c1ccccc1,scf_13cad05ca8f49c509e5b,False,,scf_13cad05ca8f49c509e5b
par_6f1f827780e034e46894,,,True,acy_9b510eb8cbc3f9acbdac,acy_9b510eb8cbc3f9acbdac
par_6f217a05a21849f48f2a,C=C1C(=O)C[C@@H]2C[C@@H]3Cc4ccccc4C=C3C(=O)C2C1=O,scf_cf99ca29728714ba5236,False,,scf_cf99ca29728714ba5236
par_6f36386fc2b5bce1f1a4,,,True,acy_2693762a9abfd38fa94b,acy_2693762a9abfd38fa94b
par_6f47a2d51803b4ed9409,,,True,acy_fb7f23b1775b2796fbb5,acy_fb7f23b1775b2796fbb5
par_6f49f4ce7817f3eaabfc,,,True,acy_b928153cf366e2f0f4fd,acy_b928153cf366e2f0f4fd
par_6f5010bc2a522b4e16ce,,,True,acy_457f11e2ddaeaebf7c4a,acy_457f11e2ddaeaebf7c4a
par_6f5b326ed7fb53bbb7bb,,,True,acy_8600fed94d263dd0c2fb,acy_8600fed94d263dd0c2fb
par_6f5c753c848554b3f519,,,True,acy_8ba1359a905dabcd3f36,acy_8ba1359a905dabcd3f36
par_6f5d9dfabf11ff891763,c1ccccc1,scf_13cad05ca8f49c509e5b,False,,scf_13cad05ca8f49c509e5b
par_6f8d1d41d0fa6e6cff83,O=C1CCCO1,scf_b2a02ad4ea5295cb11e1,False,,scf_b2a02ad4ea5295cb11e1
par_6f92b5eec7f1eb0e0a9b,c1ncncn1,scf_89055dbbabf38236f98e,False,,scf_89055dbbabf38236f98e
par_6f9e6ab9a84195b2cc05,c1ccccc1,scf_13cad05ca8f49c509e5b,False,,scf_13cad05ca8f49c509e5b
par_6fa65d7c25e5a8a0f66a,O=C1NC(=O)c2ccccc21,scf_755cd7d31d8401b962e7,False,,scf_755cd7d31d8401b962e7
par_6fa84788ab22bbb57e45,,,True,acy_756f802c929d2237a626,acy_756f802c929d2237a626
par_6fb4cbeebf372106f231,c1ccc2cc3ccccc3cc2c1,scf_6fb4cbeebf372106f231,False,,scf_6fb4cbeebf372106f231
par_6fc9f39575a20f3080f7,c1ccccc1,scf_13cad05ca8f49c509e5b,False,,scf_13cad05ca8f49c509e5b
par_6fcd900be9bd0e7fbfdc,O=C1NCCN1,scf_9c2f79081fc31ff338df,False,,scf_9c2f79081fc31ff338df
par_6fe65b0135dc3e697484,,,True,acy_59a997f9fd819bd6db82,acy_59a997f9fd819bd6db82
par_6feb12185b505b7bb41b,O=C1CN=C(c2ccc3ccccc3n2)N1,scf_e918864aa90d58855e88,False,,scf_e918864aa90d58855e88
par_6fffea187c36f70be281,,,True,acy_3d9024ccbda31d692e24,acy_3d9024ccbda31d692e24
par_7003648da356971fa376,c1ccc2ccccc2c1,scf_a896d495b04a450b732a,False,,scf_a896d495b04a450b732a
par_700896972eac8d3aa9e7,c1ccccc1,scf_13cad05ca8f49c509e5b,False,,scf_13cad05ca8f49c509e5b
par_701069d4eb88be9a9924,c1ccccc1,scf_13cad05ca8f49c509e5b,False,,scf_13cad05ca8f49c509e5b
par_701c79e9658794b24562,C1CC[C@H]2NCC[C@@H]2C1,scf_1f40fc11f778a75f81d0,False,,scf_1f40fc11f778a75f81d0
par_70338164f7c2c93e3e2f,,,True,acy_b662a6ab0fbb9ea5d79b,acy_b662a6ab0fbb9ea5d79b
par_703685f0bf0a8993b5c8,c1ccccc1,scf_13cad05ca8f49c509e5b,False,,scf_13cad05ca8f49c509e5b
par_70430c7a69013e4f2708,,,True,acy_f2097066b862c21a1d5a,acy_f2097066b862c21a1d5a
par_70437cc01caf955c224b,c1ccccc1,scf_13cad05ca8f49c509e5b,False,,scf_13cad05ca8f49c509e5b
par_705462eeb65edbc4936c,c1ccccc1,scf_13cad05ca8f49c509e5b,False,,scf_13cad05ca8f49c509e5b
par_7067ae03b263295de94c,,,True,acy_1cbab15a5555d3c7c54e,acy_1cbab15a5555d3c7c54e
par_706c17b324c7d95f607a,N=c1ccn(CCCCCCCCCCn2ccc(=N)cc2)cc1,scf_989fb0e0a8612294933a,False,,scf_989fb0e0a8612294933a
par_7072b5e52068a80c6d1b,,,True,acy_1aa037e6b979e98d6ad9,acy_1aa037e6b979e98d6ad9
par_7074cbffc4677aae128b,,,True,acy_1cbab15a5555d3c7c54e,acy_1cbab15a5555d3c7c54e
par_7074fd4681704bb24380,c1ccc(N=Nc2ccc(N=Nc3ccc(Nc4ncncn4)c4ccccc34)cc2)cc1,scf_7b7f876e77a566e17b9c,False,,scf_7b7f876e77a566e17b9c
par_707e5413f01c17311240,c1ccccc1,scf_13cad05ca8f49c509e5b,False,,scf_13cad05ca8f49c509e5b
par_7082885add65b6d54ec2,,,True,acy_6015c5746429e9c35fe1,acy_6015c5746429e9c35fe1
par_7088d99643d800c5e0ea,,,True,acy_f0c11d826f6c308ea2cc,acy_f0c11d826f6c308ea2cc
par_708ef3f18c18625f148d,,,True,acy_a36522b71ee8bd6d684e,acy_a36522b71ee8bd6d684e
par_70a6f900bae3e0de0ac1,,,True,acy_1ff6708cd93c4920d61d,acy_1ff6708cd93c4920d61d
par_70b29a04db7705cb4ab4,,,True,acy_f9305b8a7ff92fe5e028,acy_f9305b8a7ff92fe5e028
par_70b2d740ed468d9eb744,O=S(=O)(Nc1cccnn1)c1ccccc1,scf_6d819fe5825cd62c15ec,False,,scf_6d819fe5825cd62c15ec
par_70b9c33d696499d8969d,O=c1c2ccccc2c(=O)c2c3ccc([nH]c4ccccc4oc4ccccc4oc4ccccc4[nH]3)c12.O=c1c2ccccc2c(=O)c2c3ccc([nH]c4ccccc4oc4ccccc4oc4ccccc4[nH]3)c12,scf_3ca26ee07e609912f4bc,False,,scf_3ca26ee07e609912f4bc
par_70c3bf5054d2b2b9c850,,,True,acy_c9eeaa3cd59241c1212c,acy_c9eeaa3cd59241c1212c
par_70c3efa952c8f9000c54,c1ccccc1,scf_13cad05ca8f49c509e5b,False,,scf_13cad05ca8f49c509e5b
par_70c847f63ce586da47df,,,True,acy_a42aec64d789e2b5e969,acy_a42aec64d789e2b5e969
par_70cc0081352c068ce5f4,O=c1[nH]c2ccccc2c(=O)o1,scf_70cc0081352c068ce5f4,False,,scf_70cc0081352c068ce5f4
par_70d2ed775199aaa324aa,O=C(N=[SH](=O)c1ccccc1)Nc1ncncn1,scf_67c0517d430ac88d3bc0,False,,scf_67c0517d430ac88d3bc0
par_70e9a26fe1d3c137ad67,C1CCCNCC1,scf_ea96a7adece08c483a4c,False,,scf_ea96a7adece08c483a4c
par_70ee4a8c0ddc88773c65,C1CO1,scf_59b1a7b29b6a5f8bc1b8,False,,scf_59b1a7b29b6a5f8bc1b8
par_70f71d21a1b14252e613,,,True,acy_8895b04db74b68042ae9,acy_8895b04db74b68042ae9
par_710d49df8b519111a817,C1=Cc2ccccc2C1,scf_710d49df8b519111a817,False,,scf_710d49df8b519111a817
par_711a8329f597ce5c023f,,,True,acy_05d4807dfac119eb496f,acy_05d4807dfac119eb496f
par_71207c4dbc9a424e831b,O=c1[nH]c(=O)[nH]c(=O)[nH]1,scf_8da1e65c62277f6ef1e7,False,,scf_8da1e65c62277f6ef1e7
par_7122a969a3c4c067adde,c1ccc(Cc2ccccc2)cc1,scf_05784e2ddd36e41751a8,False,,scf_05784e2ddd36e41751a8
par_714639ded734d6a7e10f,,,True,acy_12767bb0eb8ded0f6134,acy_12767bb0eb8ded0f6134
par_7154099b643037c3bce6,,,True,acy_e24f44891b3cdf67507c,acy_e24f44891b3cdf67507c
par_7155344bc91f7cdd2c0d,c1ccccc1,scf_13cad05ca8f49c509e5b,False,,scf_13cad05ca8f49c509e5b
par_7156c982ab0e22065398,O=C(C=NNc1ccccc1)c1nn2c(nc(=O)c3ccccc32)s1,scf_689476ec238490281231,False,,scf_689476ec238490281231
par_7159322a0b5f04981f90,,,True,acy_8576bc8c69dfb08e98d4,acy_8576bc8c69dfb08e98d4
par_715c045d8d3fa63c6c58,c1ccccc1,scf_13cad05ca8f49c509e5b,False,,scf_13cad05ca8f49c509e5b
par_7164b5bacf99fac73685,c1ccccc1,scf_13cad05ca8f49c509e5b,False,,scf_13cad05ca8f49c509e5b
par_716710b501e73b9df85f,c1ccc(Cc2ccccc2)cc1,scf_05784e2ddd36e41751a8,False,,scf_05784e2ddd36e41751a8
par_716e53b4a2f4edbcf651,C1CCC2CCCCC2C1,scf_716e53b4a2f4edbcf651,False,,scf_716e53b4a2f4edbcf651
par_7172b148ea5c281d8e72,c1ncc2ncn(C3CCCO3)c2n1,scf_268b19d0716f45fad1fd,False,,scf_268b19d0716f45fad1fd
par_717e3836ff3e85cca59d,c1ccccc1,scf_13cad05ca8f49c509e5b,False,,scf_13cad05ca8f49c509e5b
par_718590e35ec4a2d64bd1,,,True,acy_75cc5e32ee4b4ca0f63f,acy_75cc5e32ee4b4ca0f63f
par_71896ae7837bb5114c6a,c1ccccc1,scf_13cad05ca8f49c509e5b,False,,scf_13cad05ca8f49c509e5b
par_719db29a1dbceb97e585,,,True,acy_c4e3368da58342b62d8f,acy_c4e3368da58342b62d8f
par_71acdf513dc1e3fda017,,,True,acy_03859c8252e7077b5b18,acy_03859c8252e7077b5b18
par_71c3e54f8f2a45ed5a11,,,True,acy_297d0519386185de0c84,acy_297d0519386185de0c84
par_71d272548a6ea84df86a,,,True,acy_c5ad0acb8e800434aa5a,acy_c5ad0acb8e800434aa5a
par_71d5c76641432eee9477,C1=CC2C=CC1C2,scf_9ea9b95074a71926a75c,False,,scf_9ea9b95074a71926a75c
par_71d6006455e0dca266c7,,,True,acy_5ca376bf61fb8024883c,acy_5ca376bf61fb8024883c
par_71de347f7cb8423d105f,,,True,acy_8c61b903a504336ab246,acy_8c61b903a504336ab246
par_71f8382b3a2e80afb523,c1ccccc1,scf_13cad05ca8f49c509e5b,False,,scf_13cad05ca8f49c509e5b
par_71fcc832ee6a8bbd0590,c1ccccc1,scf_13cad05ca8f49c509e5b,False,,scf_13cad05ca8f49c509e5b
par_71ff88bf23e920622318,,,True,acy_bfef4912a86b656a423f,acy_bfef4912a86b656a423f
par_72011b771211f8008ca1,c1ccccc1,scf_13cad05ca8f49c509e5b,False,,scf_13cad05ca8f49c509e5b
par_721c599f222873110e5c,c1ccccc1,scf_13cad05ca8f49c509e5b,False,,scf_13cad05ca8f49c509e5b
par_721da965c1cde0c3cc8c,,,True,acy_02d3c252cb9b05c81215,acy_02d3c252cb9b05c81215
par_7238602a1e703ab54452,,,True,acy_8fcb05676973667c1626,acy_8fcb05676973667c1626
par_7240538bd7bfa8085dce,c1ccccc1,scf_13cad05ca8f49c509e5b,False,,scf_13cad05ca8f49c509e5b
par_726d7220e034b496f73e,c1ccc2c(c1)CCC2,scf_67b8126d52a60ce881a5,False,,scf_67b8126d52a60ce881a5
par_727559a20d1cb4217630,O=C(Nc1ccccc1)c1ccccc1,scf_46dbe06a66c3ecbfaeeb,False,,scf_46dbe06a66c3ecbfaeeb
par_727b6c22a3b591554d9b,c1ccc(Oc2ccccc2)cc1,scf_9affd80d02f471acfe8b,False,,scf_9affd80d02f471acfe8b
par_728316015201bfc0d9a4,,,True,acy_0fe55a8639e23f811746,acy_0fe55a8639e23f811746
par_729957596cc2d25704a0,,,True,acy_450bfbbc526e4f5e9ace,acy_450bfbbc526e4f5e9ace
par_72a186dd058b1f78c638,,,True,acy_2600135a5d86f9bfe757,acy_2600135a5d86f9bfe757
par_72a3e899b6e5d5e800e5,,,True,acy_b3294a33158008277eda,acy_b3294a33158008277eda
par_72a59fcc462475b85e52,c1ccccc1,scf_13cad05ca8f49c509e5b,False,,scf_13cad05ca8f49c509e5b
par_72ae97bffbc4e8201236,c1ccc2[nH]nnc2c1,scf_2946d62ff091ec30c7f5,False,,scf_2946d62ff091ec30c7f5
par_72b93948cad72955b891,c1ccncc1,scf_75c7a4b0b41e43900bfb,False,,scf_75c7a4b0b41e43900bfb
par_72c189e3529dcc4740b0,,,True,acy_b15beb8007700458ceb3,acy_b15beb8007700458ceb3
par_72c1c9d8242b40131b4f,c1ccccc1,scf_13cad05ca8f49c509e5b,False,,scf_13cad05ca8f49c509e5b
par_72c7fb98d55b96c5d4f7,c1ccccc1,scf_13cad05ca8f49c509e5b,False,,scf_13cad05ca8f49c509e5b
par_72d7391330a356e94c56,,,True,acy_465a1c8840be15781dc8,acy_465a1c8840be15781dc8
par_72d7b0ca950009aa364d,c1ccc([C+](c2ccccc2)c2ccccc2)cc1.c1ccc([C+](c2ccccc2)c2ccccc2)cc1,scf_267ebd156abdd70243f0,False,,scf_267ebd156abdd70243f0
par_72db2c6e94ef017899f3,C1CO1,scf_59b1a7b29b6a5f8bc1b8,False,,scf_59b1a7b29b6a5f8bc1b8
par_72f0ce76b1c516f96a55,c1ccc(OCCCOc2ccccn2)cc1,scf_3459d54174610caba914,False,,scf_3459d54174610caba914
par_72f7443889c1aa7ea177,O=[PH]1OC[C@H]2O[C@@H](n3cnc4cncnc43)C[C@@H]2O1,scf_3a110a0644e8973981ab,False,,scf_3a110a0644e8973981ab
par_72f7fb25e1ef6cc4e2d1,,,True,acy_7b4d95f6a265727a6e0e,acy_7b4d95f6a265727a6e0e
par_72fea72499c8fce1d3e3,c1ccccc1,scf_13cad05ca8f49c509e5b,False,,scf_13cad05ca8f49c509e5b
par_7305316a8562b88b0ded,c1ccc(Oc2ccccc2)cc1,scf_9affd80d02f471acfe8b,False,,scf_9affd80d02f471acfe8b
par_7305530b401955868a54,c1ccccc1,scf_13cad05ca8f49c509e5b,False,,scf_13cad05ca8f49c509e5b
par_731e8cd66a5d7433c5b8,c1ccc(Oc2ccccc2)cc1,scf_9affd80d02f471acfe8b,False,,scf_9affd80d02f471acfe8b
par_7322e5c11858b80eef27,,,True,acy_75cc5e32ee4b4ca0f63f,acy_75cc5e32ee4b4ca0f63f
par_7326abd7636690475057,c1ccccc1,scf_13cad05ca8f49c509e5b,False,,scf_13cad05ca8f49c509e5b
par_732aa55083efabc6aed6,c1ccc(C2=NC(c3ccccc3)CO2)cc1,scf_214ebca732bcfbca022a,False,,scf_214ebca732bcfbca022a
par_73311483f334b57118e8,,,True,acy_a34204455ae9262692c1,acy_a34204455ae9262692c1
par_733d69c6cfc0388455a8,C1COCOC1,scf_c7850d2c75461ef1f7f6,False,,scf_c7850d2c75461ef1f7f6
par_734cef10c30d7ce509e3,,,True,acy_c83efeb3a8a0462ede0c,acy_c83efeb3a8a0462ede0c
par_7354064dd77018a4bd10,C=C1C2CCCC1CCC2,scf_7dcc1b6e4d5fed3018bd,False,,scf_7dcc1b6e4d5fed3018bd
par_735ca12353622aece761,c1ccc(NCc2ccco2)cc1,scf_60b8767b66dc99fd2c6b,False,,scf_60b8767b66dc99fd2c6b
par_735fefc9cee67392e2d2,c1ccc(CC2CCCCC2)cc1,scf_780947b384693083467e,False,,scf_780947b384693083467e
par_736028f317b4a904e204,c1ccccc1,scf_13cad05ca8f49c509e5b,False,,scf_13cad05ca8f49c509e5b
par_736d0eb8ff2f2a4c4b3a,C1CO1,scf_59b1a7b29b6a5f8bc1b8,False,,scf_59b1a7b29b6a5f8bc1b8
par_73738a2d1fa4db580217,C1=CCCC1,scf_cb9a5b92987e908a4fd2,False,,scf_cb9a5b92987e908a4fd2
par_7383832c17879abbbb2b,,,True,acy_8a35851dc2c65dc5234d,acy_8a35851dc2c65dc5234d
par_7389c1cfdc9a78936ba6,C1CCC(O[C@@H]2OCC[C@H]2O[C@H]2CCCCO2)CC1,scf_de07aa60fdc9a26d6eea,False,,scf_de07aa60fdc9a26d6eea
par_738d7d34311ffa2a719d,c1ccccc1,scf_13cad05ca8f49c509e5b,False,,scf_13cad05ca8f49c509e5b
par_73ab2d642a39a11ea7bb,O=C1CCC2CCCCC2O1,scf_73ab2d642a39a11ea7bb,False,,scf_73ab2d642a39a11ea7bb
par_73ac5de339cbda2a7a1b,,,True,acy_f3e35b6510489197e52a,acy_f3e35b6510489197e52a
par_73bb5d1baf4541390f1a,c1ccc2c(c1)CCCC2,scf_6a4523c26b4e65101ff9,False,,scf_6a4523c26b4e65101ff9
par_73c080645c4d52c9d40c,C1=CCCCC1,scf_fe8528cff2dfdfccb743,False,,scf_fe8528cff2dfdfccb743
par_73c0ed7047e261fbf235,c1ccccc1,scf_13cad05ca8f49c509e5b,False,,scf_13cad05ca8f49c509e5b
par_73c26d65a26a0591d838,,,True,acy_10af8ff8d79218e75098,acy_10af8ff8d79218e75098
par_73dbbe6f8f5b187b784e,,,True,acy_19a2690e963009858985,acy_19a2690e963009858985
par_73e56c0617bafba112b5,c1ccccc1,scf_13cad05ca8f49c509e5b,False,,scf_13cad05ca8f49c509e5b
par_73ec5e14f77a403c5d88,c1ccccc1,scf_13cad05ca8f49c509e5b,False,,scf_13cad05ca8f49c509e5b
par_73f02ce82f63152eaa5b,c1ccc(C2CO2)cc1,scf_0026890506bc5d256437,False,,scf_0026890506bc5d256437
par_73f988f85e76072905ab,,,True,acy_4f0295e8803e8c914b5c,acy_4f0295e8803e8c914b5c
par_73fa012dd0eef8c4e10b,,,True,acy_dbdae54709b60499859f,acy_dbdae54709b60499859f
par_740aafcc24f06bec884e,O=c1nc[nH][nH]1,scf_a58fe07c973a86c62513,False,,scf_a58fe07c973a86c62513
par_741419931c6001ddb4ba,O=C(Cc1ccccc1)OCc1cccc(Oc2ccccc2)c1,scf_d5a184cd42d31e589119,False,,scf_d5a184cd42d31e589119
par_741bb3b4b7aff3c24b0b,c1ccc(C[P+](c2ccccc2)(c2ccccc2)c2ccccc2)cc1,scf_741bb3b4b7aff3c24b0b,False,,scf_741bb3b4b7aff3c24b0b
par_742224c67367d8e52c7a,C1CSCSC1,scf_742224c67367d8e52c7a,False,,scf_742224c67367d8e52c7a
par_74338657aaf9e692c001,c1cncc(C2CCCN2)c1.c1cncc(C2CCCN2)c1,scf_44ab03f8d807ee1eb96a,False,,scf_44ab03f8d807ee1eb96a
par_743891ce0e5ccafb955c,c1ccccc1,scf_13cad05ca8f49c509e5b,False,,scf_13cad05ca8f49c509e5b
par_743a9f813ce28e939012,,,True,acy_eeebd55baecf69385d3f,acy_eeebd55baecf69385d3f
par_74434d2dbdc3a01dac97,O=S(=O)(c1ccccc1)n1ccnc1,scf_8881e46b472bf07d7ccf,False,,scf_8881e46b472bf07d7ccf
par_745e4302f2d1020b62f2,c1ccc2c(c1)OCO2,scf_7e48ba60e2279ba9461b,False,,scf_7e48ba60e2279ba9461b
par_746223a38410ccb722f9,,,True,acy_9d85ff69c349a8a519ef,acy_9d85ff69c349a8a519ef
par_746afc8a41d1dc6e356c,c1ccccc1,scf_13cad05ca8f49c509e5b,False,,scf_13cad05ca8f49c509e5b
par_746d1f1b269c698a27be,c1cc(-c2cc[nH+]cc2)cc[nH+]1,scf_eb1c55ce9aaa90698d55,False,,scf_eb1c55ce9aaa90698d55
par_747656a7507f3fd1029c,,,True,acy_60ee40e9778323b7fb2f,acy_60ee40e9778323b7fb2f
par_7487dfa27844ae786198,,,True,acy_55c282dd573982e0397a,acy_55c282dd573982e0397a
par_7488be12cc4c2f633955,C1CCNCC1,scf_daa04a326d407f1003f7,False,,scf_daa04a326d407f1003f7
par_7495af38ec7df9b15b79,c1ccccc1,scf_13cad05ca8f49c509e5b,False,,scf_13cad05ca8f49c509e5b
par_74968503caaffa258bd4,c1ccncc1,scf_75c7a4b0b41e43900bfb,False,,scf_75c7a4b0b41e43900bfb
par_749cf2b80d6ba896a315,C1CCC2(CC1)OCCO2,scf_50f7737c16aa531cd21f,False,,scf_50f7737c16aa531cd21f
par_74a37516f1885ca6d88e,O=C(c1ccccc1)n1ccc2ccccc21,scf_eb20f9381a291c086497,False,,scf_eb20f9381a291c086497
par_74aeb748c28e2ccfbe30,C1CCCCC1,scf_a21c4f64dcc59dd2ede8,False,,scf_a21c4f64dcc59dd2ede8
par_74b88335b03991b11972,,,True,acy_fee144d836cb02d82ef8,acy_fee144d836cb02d82ef8
par_74d56b1413f234631ea3,c1ccccc1,scf_13cad05ca8f49c509e5b,False,,scf_13cad05ca8f49c509e5b
par_74e96b83b9b0edd306e1,C1CCCCCCC1,scf_168163013013866f6c2b,False,,scf_168163013013866f6c2b
par_74eea978d83f96f51e40,c1ccccc1,scf_13cad05ca8f49c509e5b,False,,scf_13cad05ca8f49c509e5b
par_7506ce098937d62c6c19,,,True,acy_28a2128fc62722309ecc,acy_28a2128fc62722309ecc
par_7510f29ec504f87960e3,,,True,acy_904f9c2f05a9d9bb56cb,acy_904f9c2f05a9d9bb56cb
par_7519f96d636d8565352d,c1ccccc1,scf_13cad05ca8f49c509e5b,False,,scf_13cad05ca8f49c509e5b
par_751f313d0a17148c4e60,S=[PH](Oc1ccccc1)c1ccccc1,scf_a23dc80aeefca64d7b33,False,,scf_a23dc80aeefca64d7b33
par_75290d1f703135036c28,c1ccccc1,scf_13cad05ca8f49c509e5b,False,,scf_13cad05ca8f49c509e5b
par_752e11a7a37d6d531957,O=C1c2ccccc2C(=O)c2c(Nc3ccccc3)ccc(Nc3ccccc3)c21,scf_c504f57aa88197ed3736,False,,scf_c504f57aa88197ed3736
par_752f8fa340e6a8275b89,c1ccc(-c2c3ccccc3[o+]c3ccccc23)cc1.c1ccc(N=Nc2cnn(-c3ccccc3)c2)cc1.c1ccc(N=Nc2cnn(-c3ccccc3)c2)cc1,scf_6046d6253d56794073d7,False,,scf_6046d6253d56794073d7
par_7534b379cec5098a80f0,O=C(Nc1ncncn1)NS(=O)(=O)c1ccccc1,scf_16163a52161df90e519d,False,,scf_16163a52161df90e519d
par_75378b4347633a9f8147,c1ccc(-c2c3ccccc3[o+]c3ccccc23)cc1,scf_8726174983f905ad4336,False,,scf_8726174983f905ad4336
par_7543525c34eeafadb77e,O=C1CCCCC1,scf_28ed7f4abc3f360949be,False,,scf_28ed7f4abc3f360949be
par_7550d5a7880cc2913837,c1ccccc1,scf_13cad05ca8f49c509e5b,False,,scf_13cad05ca8f49c509e5b
par_755cd7d31d8401b962e7,O=C1NC(=O)c2ccccc21,scf_755cd7d31d8401b962e7,False,,scf_755cd7d31d8401b962e7
par_75668644f21f01b67ab7,,,True,acy_c41500393659e5308d69,acy_c41500393659e5308d69
par_756e941070b60915f491,,,True,acy_f08ffbbca19729297c4a,acy_f08ffbbca19729297c4a
par_75743bfcd4d5ce02ce4e,c1ccccc1,scf_13cad05ca8f49c509e5b,False,,scf_13cad05ca8f49c509e5b
par_75851350fc32d696254d,c1ccc(Cc2ccccc2)cc1,scf_05784e2ddd36e41751a8,False,,scf_05784e2ddd36e41751a8
par_758a218e6b7283028577,,,True,acy_9820bf90d5696e37c7f3,acy_9820bf90d5696e37c7f3
par_758b8f886695362e3148,c1ccc(N=Nc2ccccc2)cc1,scf_782452139c6e50ec94b3,False,,scf_782452139c6e50ec94b3
par_758c96cd4097501b31e4,O=C(C=NNc1ccccc1)[N-]c1ccccc1,scf_a48e4709eab544267a18,False,,scf_a48e4709eab544267a18
par_75975d44041a511d4036,O=C1CCC2[C@H]3Cc4cccc5c4[C@@]2(CCN3CC2CC2)[C@H]1O5,scf_636ac1dbd02c8ee86b10,False,,scf_636ac1dbd02c8ee86b10
par_75995bc6a69974499221,,,True,acy_cfb96b1f937fa0c76060,acy_cfb96b1f937fa0c76060
par_75a18378af1f7603a457,c1ccccc1,scf_13cad05ca8f49c509e5b,False,,scf_13cad05ca8f49c509e5b
par_75ab681749e92c400741,,,True,acy_2e58bdbecfaae22abdfa,acy_2e58bdbecfaae22abdfa
par_75be31678dd15d0e01df,C1CNCCN1,scf_dcbee0ce71a0a74f5873,False,,scf_dcbee0ce71a0a74f5873
par_75be434ec1982f4169bc,,,True,acy_f751a7a07ceff8bdb285,acy_f751a7a07ceff8bdb285
par_75c57875f873537601a4,O=C1c2ccccc2C(=O)c2ccccc21,scf_f0c6b09cfc7aa95a3893,False,,scf_f0c6b09cfc7aa95a3893
par_75c7a4b0b41e43900bfb,c1ccncc1,scf_75c7a4b0b41e43900bfb,False,,scf_75c7a4b0b41e43900bfb
par_75ca5ddd2d1ccb172c18,,,True,acy_447bd62f083057138691,acy_447bd62f083057138691
par_75ca8ccede3277707619,c1ccc2ncccc2c1,scf_a8daf8c5800683abd84e,False,,scf_a8daf8c5800683abd84e
par_75ce93f7daf4a166637d,,,True,acy_4b53679fc46350764c10,acy_4b53679fc46350764c10
par_75d7010caf2af37394d8,c1ccc(Sc2ccccc2)cc1,scf_debd7abf26c40eab0a14,False,,scf_debd7abf26c40eab0a14
par_75e793f0c163414d1ade,,,True,acy_3292e0040c25cfe04206,acy_3292e0040c25cfe04206
par_75faf793a1fadc8e574d,,,True,acy_52e3232b825c9951d3ae,acy_52e3232b825c9951d3ae
par_760bf163086334f15472,c1ccccc1,scf_13cad05ca8f49c509e5b,False,,scf_13cad05ca8f49c509e5b
par_760e27f9b25ec060e13b,,,True,acy_ccdf4e735e6f14934eaf,acy_ccdf4e735e6f14934eaf
par_7615dbb77d596b50e9ef,S=c1nn[nH][nH]1,scf_3f42fff220fbbc72691c,False,,scf_3f42fff220fbbc72691c
par_76196b07d6fdb5248f94,c1ccc(Oc2nc3ccccc3o2)cc1,scf_a5e86eaf54287491f9f5,False,,scf_a5e86eaf54287491f9f5
par_761c88aff8c2c6e8b600,c1ccc(Nc2cccc3ccccc23)cc1,scf_69161726cd674c59a924,False,,scf_69161726cd674c59a924
par_762fafcc8e8c51b7c1b5,c1ccccc1,scf_13cad05ca8f49c509e5b,False,,scf_13cad05ca8f49c509e5b
par_763420a517a65888f5bf,,,True,acy_7fdd2664d01ab4b30430,acy_7fdd2664d01ab4b30430
par_76400e4304d5433fb268,,,True,acy_dc3c5eb921aa26eb7e07,acy_dc3c5eb921aa26eb7e07
par_764a91d1e627381aa557,,,True,acy_2b4ac02aacf343019cc2,acy_2b4ac02aacf343019cc2
par_7656c58182c2c2c2dd44,C1CCCC1,scf_8c2e3ed84f9272bb9c74,False,,scf_8c2e3ed84f9272bb9c74
par_765d77767e07ef000ebe,,,True,acy_1a76bba637034a973ece,acy_1a76bba637034a973ece
par_7664c222d81fce108796,,,True,acy_bcc1ae9c114e1ad909bb,acy_bcc1ae9c114e1ad909bb
par_76687a177e8000e33987,,,True,acy_513505179e4ce919c347,acy_513505179e4ce919c347
par_7674cf9544f28b16fcec,,,True,acy_1f6e29d62a4c4a849936,acy_1f6e29d62a4c4a849936
par_768703ced44753d2fb8c,c1ccc(CNc2ncnc3c2ncn3C2CCCCO2)cc1,scf_768703ced44753d2fb8c,False,,scf_768703ced44753d2fb8c
par_768dd7c67db3069d9c4c,c1ccccc1,scf_13cad05ca8f49c509e5b,False,,scf_13cad05ca8f49c509e5b
par_7693e89a81e894575d4b,c1cncnc1,scf_a3ad2a5dcc41ff79865e,False,,scf_a3ad2a5dcc41ff79865e
par_7696d1aa1a520cb24a20,O=C1C=CC=C/C1=C/Nc1ccccc1,scf_9649d9657d7dda2923b2,False,,scf_9649d9657d7dda2923b2
par_76a3b1f992ce0638bdfc,C1=C[C@H]2C[C@@H](C1)C2,scf_dbd3dae02b0d56e7b62c,False,,scf_dbd3dae02b0d56e7b62c
par_76a5d1efadb10a3e97c5,c1ccccc1,scf_13cad05ca8f49c509e5b,False,,scf_13cad05ca8f49c509e5b
par_76bbc47be52569e6b803,,,True,acy_339bcdd2f531336b6249,acy_339bcdd2f531336b6249
par_76be498660ade190b9f4,,,True,acy_465d7c426c437bb17370,acy_465d7c426c437bb17370
par_76ccc028607768d80b75,,,True,acy_8a35851dc2c65dc5234d,acy_8a35851dc2c65dc5234d
par_76d3837eb3173aef6a22,C(=C/c1ccc(Nc2ncnc(Nc3ccccc3)n2)cc1)\c1ccc(Nc2ncnc(Nc3ccccc3)n2)cc1,scf_972d42ee79710c79e0ac,False,,scf_972d42ee79710c79e0ac
par_76d70a82b0a2c41a6333,,,True,acy_75cc5e32ee4b4ca0f63f,acy_75cc5e32ee4b4ca0f63f
par_76daf553645176bdea51,c1ccccc1,scf_13cad05ca8f49c509e5b,False,,scf_13cad05ca8f49c509e5b
par_76dc9fae4d41001f8911,,,True,acy_c66fd80fbe01d9de0884,acy_c66fd80fbe01d9de0884
par_76e06076c462b7f709b6,,,True,acy_6a2ed24bad1b123395e0,acy_6a2ed24bad1b123395e0
par_76edbcf21f2f9a057540,C1CC2C3CCC(C3)C2C1,scf_9a420f6df288969a3ffc,False,,scf_9a420f6df288969a3ffc
par_76f3f5724a974055e1a7,c1ccc(Pc2ccccc2)cc1,scf_9810c7ab4821b5564bd2,False,,scf_9810c7ab4821b5564bd2
par_76f95067afc449a67fb6,O=C1/C(=N/Nc2ccccc2)C=Cc2ccccc21,scf_68b41ecda5848447b198,False,,scf_68b41ecda5848447b198
par_76fcb4d76b7334a113f3,C(=C/c1ccccc1)\c1ccccc1,scf_76fcb4d76b7334a113f3,False,,scf_76fcb4d76b7334a113f3
par_77018a92601ca0a1b5d6,,,True,acy_51331778582b5fc78434,acy_51331778582b5fc78434
par_770e7e0b8b2ee42926c0,,,True,acy_50eb9358a5c8f30bc175,acy_50eb9358a5c8f30bc175
par_77120d4f215b3f6a20dc,c1ccccc1,scf_13cad05ca8f49c509e5b,False,,scf_13cad05ca8f49c509e5b
par_7755994dadadbdeec896,,,True,acy_dba32a0d198007b8a6f2,acy_dba32a0d198007b8a6f2
par_7761a7fa2a03e2e7c746,,,True,acy_0761601bffaf5a09eb45,acy_0761601bffaf5a09eb45
par_77623bd40c5c752c5fa3,c1cc[c]([SnH]([c]2ccccc2)[c]2ccccc2)cc1,scf_ab22ab55703fb1b49ad1,False,,scf_ab22ab55703fb1b49ad1
par_776483636481c5a1c243,,,True,acy_2693762a9abfd38fa94b,acy_2693762a9abfd38fa94b
par_777ebdbf4c2477b03136,c1ccncc1,scf_75c7a4b0b41e43900bfb,False,,scf_75c7a4b0b41e43900bfb
par_778a269663702c892268,,,True,acy_435d19fa15be9d089a30,acy_435d19fa15be9d089a30
par_77a18c8fed28f29e17a1,c1ccccc1,scf_13cad05ca8f49c509e5b,False,,scf_13cad05ca8f49c509e5b
par_77a1a0f835c4899672f4,O=C1CCC(=O)N1,scf_27cbacdafbd56cb3956c,False,,scf_27cbacdafbd56cb3956c
par_77ac48a3331d7fc3289c,,,True,acy_b76175a30076e5e90d21,acy_b76175a30076e5e90d21
par_77ad96473338f5ef2fa0,O=C(OCc1ccccc1)c1ccccc1,scf_10ed63108da7fff9cfff,False,,scf_10ed63108da7fff9cfff
par_77b40f0506bb0bd13ff6,c1ccccc1,scf_13cad05ca8f49c509e5b,False,,scf_13cad05ca8f49c509e5b
par_77bd613bcaf26d506715,c1ccc(Cc2ccccc2)cc1,scf_05784e2ddd36e41751a8,False,,scf_05784e2ddd36e41751a8
par_77d255b22c139f5ff164,c1ccccc1,scf_13cad05ca8f49c509e5b,False,,scf_13cad05ca8f49c509e5b
par_77d8a2691cabdc2e9ffc,c1ccncc1,scf_75c7a4b0b41e43900bfb,False,,scf_75c7a4b0b41e43900bfb
par_77f99ba3061ac112baf0,c1ccc2ncccc2c1,scf_a8daf8c5800683abd84e,False,,scf_a8daf8c5800683abd84e
par_78129a9b62b3e6383d6c,,,True,acy_c4e3ec26cbbf7fd60b6f,acy_c4e3ec26cbbf7fd60b6f
par_781d870bc178c5233da0,c1ccc2[nH]ccc2c1,scf_e65f5bb7d6337f0d157e,False,,scf_e65f5bb7d6337f0d157e
par_781ff6e0010740db09c2,c1ccccc1,scf_13cad05ca8f49c509e5b,False,,scf_13cad05ca8f49c509e5b
par_782452139c6e50ec94b3,c1ccc(N=Nc2ccccc2)cc1,scf_782452139c6e50ec94b3,False,,scf_782452139c6e50ec94b3
par_782c13352ca5fedd6bd2,,,True,acy_833624054e3d1e4931d2,acy_833624054e3d1e4931d2
par_782f086ee6ddc906cf55,O=P(Oc1ccccc1)(Oc1ccccc1)Oc1ccccc1,scf_b6533a219393f1129d26,False,,scf_b6533a219393f1129d26
par_7834d37c7307d2e823f9,,,True,acy_ace102bbb34fb76d2227,acy_ace102bbb34fb76d2227
par_7846dfc564d3ce969604,,,True,acy_c8bd26e2fce720f6b6f1,acy_c8bd26e2fce720f6b6f1
par_78673ebba2c687c7a63e,,,True,acy_e126c12bb438a7eaa1ea,acy_e126c12bb438a7eaa1ea
par_7875ba17c441895c5c3c,c1ccccc1,scf_13cad05ca8f49c509e5b,False,,scf_13cad05ca8f49c509e5b
par_7876d5daf55484ade12d,c1ccc([C+](c2ccccc2)c2cccc3ccccc23)cc1,scf_30dc8246ae64a1642523,False,,scf_30dc8246ae64a1642523
par_788b48acd21caa6cd044,,,True,acy_f8ff40d78fa7bd226982,acy_f8ff40d78fa7bd226982
par_7892e926ab1e82b2a12b,c1ccsc1,scf_5ee447ccf47cda955de9,False,,scf_5ee447ccf47cda955de9
par_789625897d8817e3b27a,c1ccccc1,scf_13cad05ca8f49c509e5b,False,,scf_13cad05ca8f49c509e5b
par_78d93caec8a526c10f97,c1ccccc1,scf_13cad05ca8f49c509e5b,False,,scf_13cad05ca8f49c509e5b
par_78e782b61a235472b42f,O=C1C(N=Nc2ccccc2)C=NN1c1ccccc1,scf_959c2a804d0b336c3fc0,False,,scf_959c2a804d0b336c3fc0
par_78ea416db5520c0f4479,,,True,acy_fb016776c9eed0c5b5e1,acy_fb016776c9eed0c5b5e1
par_78ea92b0f20d0dd4f08f,O=c1cccc[nH]1,scf_06578ea4e88f81e86e01,False,,scf_06578ea4e88f81e86e01
par_78ee13b6e408fc11a7f5,,,True,acy_d1e95ee0450b739e8186,acy_d1e95ee0450b739e8186
par_78f9fdeef6e67268684d,C1CCCCC1,scf_a21c4f64dcc59dd2ede8,False,,scf_a21c4f64dcc59dd2ede8
par_7904201c6bb019011189,,,True,acy_00f5699d1e744caac8dc,acy_00f5699d1e744caac8dc
par_7916c16e711860fd9a4c,C1CC[C@@H](O[C@@H]2CO[C@@H](O[C@@H]3CCCC[C@H]3O[C@@H]3CCCCO3)C2)OC1,scf_ca91e9e19d61422ca887,False,,scf_ca91e9e19d61422ca887
par_793286ade81890c85b83,c1ccncc1,scf_75c7a4b0b41e43900bfb,False,,scf_75c7a4b0b41e43900bfb
par_794b6372d875cf8c4878,,,True,acy_64179c861383be4977da,acy_64179c861383be4977da
par_7958441093ba4e75a30e,,,True,acy_69c13bb4aea3eaa7b9fc,acy_69c13bb4aea3eaa7b9fc
par_79611218271e141b4404,,,True,acy_2bacfa2fa23551950827,acy_2bacfa2fa23551950827
par_796aba45deec181b85e6,,,True,acy_925bd6417a9e062ad01a,acy_925bd6417a9e062ad01a
par_796ce1ae352e49625109,c1ccccc1,scf_13cad05ca8f49c509e5b,False,,scf_13cad05ca8f49c509e5b
par_79704b97d9a42473590f,O=C(c1ccccc1)c1ccc2nc[nH]c2c1,scf_ee90790a27ba03a5b0c2,False,,scf_ee90790a27ba03a5b0c2
par_7981d4f3a673d0b37da5,O=C1C=Cc2ccccc2/C1=N\Nc1cccc2ccccc12.O=C1C=Cc2ccccc2/C1=N\Nc1cccc2ccccc12.O=C1C=Cc2ccccc2/C1=N\Nc1cccc2ccccc12,scf_488de037903c875b3e78,False,,scf_488de037903c875b3e78
par_7984367a796c8e79afb3,c1cncc(-c2nn[n-]n2)c1,scf_7984367a796c8e79afb3,False,,scf_7984367a796c8e79afb3
par_79877849e38dbea195de,O=C(OCc1cccc(-c2ccccc2)c1)C1CC1,scf_56d2703e398ef3ae4049,False,,scf_56d2703e398ef3ae4049
par_7989eefeecfeb2756523,c1ccc2c(c1)CCc1ccccc1N2,scf_b45882b9927c27a6e9f2,False,,scf_b45882b9927c27a6e9f2
par_79b8c62d6cc2e2995d09,c1ccc2ccccc2c1,scf_a896d495b04a450b732a,False,,scf_a896d495b04a450b732a
par_79deb352d5739964aaff,,,True,acy_dc3c5eb921aa26eb7e07,acy_dc3c5eb921aa26eb7e07
par_79ede303b1a4b2baae72,O=c1c(-c2ccccc2)cn2n1CCOCC2,scf_f76f9ba13466bf94156b,False,,scf_f76f9ba13466bf94156b
par_79ef1c1a1011663ec0ab,C(=C/c1ccc(Nc2nc(Nc3ccccc3)nc(N3CCOCC3)n2)cc1)\c1ccc(Nc2nc(Nc3ccccc3)nc(N3CCOCC3)n2)cc1,scf_25f1b8efe5762ccdfbff,False,,scf_25f1b8efe5762ccdfbff
par_79f198e0f60d33505beb,,,True,acy_e5b95792e9d210f270cd,acy_e5b95792e9d210f270cd
par_79fa957c306268f859f8,,,True,acy_f72c76f7c62b5b836c77,acy_f72c76f7c62b5b836c77
par_7a1fa686e56e9128853e,c1ccccc1,scf_13cad05ca8f49c509e5b,False,,scf_13cad05ca8f49c509e5b
par_7a2844e77c56aefcb7b5,c1ccccc1,scf_13cad05ca8f49c509e5b,False,,scf_13cad05ca8f49c509e5b
par_7a366fe1fbf6a9ca0030,,,True,acy_09f793dd5df1c71e3993,acy_09f793dd5df1c71e3993
par_7a396276c18324cf9b37,c1ccccc1,scf_13cad05ca8f49c509e5b,False,,scf_13cad05ca8f49c509e5b
par_7a39a9ff10ef148274f4,C1CCC(OC2CCCCO2)OC1,scf_572bdc4d9e21788b8506,False,,scf_572bdc4d9e21788b8506
par_7a3d456e452678429649,,,True,acy_d731d91393648b1529a1,acy_d731d91393648b1529a1
par_7a3e7189ece7e2ff60f4,c1ccc(Oc2ccccc2)cc1,scf_9affd80d02f471acfe8b,False,,scf_9affd80d02f471acfe8b
par_7a3fe9d57a1bb9995f37,,,True,acy_6ba01ce7d6214183738f,acy_6ba01ce7d6214183738f
par_7a4d9c210824da571305,C1C2CC3CC1CC(C2)C3,scf_397fac64c7aa83aba1b9,False,,scf_397fac64c7aa83aba1b9
par_7a534621aef83432307b,c1ccccc1,scf_13cad05ca8f49c509e5b,False,,scf_13cad05ca8f49c509e5b
par_7a57d01b5b558d6e5c95,C=C1C(=O)CCCC1=O,scf_5488bae9473ca8f99abe,False,,scf_5488bae9473ca8f99abe
par_7a5aa5ffa8d8710c8bcd,,,True,acy_35679fac29eb82199fb1,acy_35679fac29eb82199fb1
par_7a5f3374cc23992c9644,,,True,acy_b37ecc9683db04478a1c,acy_b37ecc9683db04478a1c
par_7a65b940493cdd9f50cd,O=C1OC2(c3ccccc3Oc3ccccc32)c2ccccc21,scf_c14809c4399a897b6e91,False,,scf_c14809c4399a897b6e91
par_7a6cefa2368de2a7feab,,,True,acy_4bb081560e1a3598b9e6,acy_4bb081560e1a3598b9e6
par_7a7b924ac42310558c8d,,,True,acy_41b240397ce8bfd62dff,acy_41b240397ce8bfd62dff
par_7a8012c768ef002e2610,,,True,acy_41b240397ce8bfd62dff,acy_41b240397ce8bfd62dff
par_7a80d68661fbd0c4158b,c1ccoc1,scf_39d2b6272e06abeff644,False,,scf_39d2b6272e06abeff644
par_7a8b9b9a7cb6d7d2de95,O=C1C=COC1,scf_13b27243e160e03eff85,False,,scf_13b27243e160e03eff85
par_7a9105a6563a04e3a179,C1CCCCC1,scf_a21c4f64dcc59dd2ede8,False,,scf_a21c4f64dcc59dd2ede8
par_7a919f83e41e0223bbb3,N=C1CCCCC1,scf_9e98869c6ad797132cc6,False,,scf_9e98869c6ad797132cc6
par_7a997c50f61daed9ce9f,O=C(CNc1ccccc1)OCc1cccc(Oc2ccccc2)c1,scf_4520b7f599181c271aab,False,,scf_4520b7f599181c271aab
par_7a9dc8cb4dba85be2235,C1=CC2CC1[C@@H]1[C@H]2[C@H]2C=C[C@@H]1C2,scf_7cb464f32f0c27029d79,False,,scf_7cb464f32f0c27029d79
par_7aa023a6a87b22f2a835,,,True,acy_3e0ea233cde1b6a6b050,acy_3e0ea233cde1b6a6b050
par_7aa121e44d016ede0ade,c1ccccc1,scf_13cad05ca8f49c509e5b,False,,scf_13cad05ca8f49c509e5b
par_7ac0d2806c01f0fc278a,O=C1OC2(c3ccccc3Oc3ccc(Nc4ccccc4)cc32)c2ccccc21,scf_e5ecc4dda21832c98335,False,,scf_e5ecc4dda21832c98335
par_7ac8e6c3c90f4359c42c,,,True,acy_a39b133e33721afebf1f,acy_a39b133e33721afebf1f
par_7acadb563766cae95198,c1ccc([AsH]c2ccccc2)cc1,scf_d5401db1ed29e04c7f69,False,,scf_d5401db1ed29e04c7f69
par_7ad7f40bb15778f04dbf,,,True,acy_465a1c8840be15781dc8,acy_465a1c8840be15781dc8
par_7ae2eab3cc3ddfd9525e,,,True,acy_0df45ceefd65ed6b9ebe,acy_0df45ceefd65ed6b9ebe
par_7af636d52dc384391ce1,c1ccccc1,scf_13cad05ca8f49c509e5b,False,,scf_13cad05ca8f49c509e5b
par_7af8fc9ceef4c8bdce7f,c1ccc(Oc2nc3ccccc3o2)cc1,scf_a5e86eaf54287491f9f5,False,,scf_a5e86eaf54287491f9f5
par_7afa020c5c9623d85d04,,,True,acy_13262dd6b82819327f94,acy_13262dd6b82819327f94
par_7b0180bb46b78f54c100,O=c1c2ccc3c4c(ccc(c24)c2nc4ccccc4n12)c(=O)n1c2ccccc2nc31,scf_7b0180bb46b78f54c100,False,,scf_7b0180bb46b78f54c100
par_7b33222d1e856469ef9f,,,True,acy_1d3d42797ae958634a8d,acy_1d3d42797ae958634a8d
par_7b33698c5f9e67abb2f6,O=C1C=COCC1,scf_7d048a690c5070a63254,False,,scf_7d048a690c5070a63254
par_7b37e59d2eb1b43f6850,c1ccc(-c2ccccc2)cc1,scf_27dacb226b18e24b40e3,False,,scf_27dacb226b18e24b40e3
par_7b4189f4dd98436c698d,C=C1C[C@]23CC1CC[C@H]2[C@@]12C=CCC(C(=O)O1)[C@H]2C3,scf_1261d9a9214273eb527a,False,,scf_1261d9a9214273eb527a
par_7b4439dc2d349fd48d2f,,,True,acy_83fb95632afc5c2ec71a,acy_83fb95632afc5c2ec71a
par_7b5643914abfaab0406e,,,True,acy_0d167ddda31ef4a958aa,acy_0d167ddda31ef4a958aa
par_7b589bcf7f2f1d7b4574,C1CCOC1,scf_92623ccd36bc322bf260,False,,scf_92623ccd36bc322bf260
par_7b5cc670fa201d568f3f,O=c1ccc2ccccc2o1,scf_b66459934f5276fb66a7,False,,scf_b66459934f5276fb66a7
par_7b621495267e5f014b60,,,True,acy_5e1c3099e01d1535463c,acy_5e1c3099e01d1535463c
par_7b63df0c39fdb5b2a3c0,,,True,acy_920b601a1c77f053aaec,acy_920b601a1c77f053aaec
par_7b7a1e3e3cd52e0fb299,C1CC2C3CCC(C3)C2C1,scf_9a420f6df288969a3ffc,False,,scf_9a420f6df288969a3ffc
par_7b884868f82c562b17d8,O=C1CC=CCC1,scf_a6419afd0dd26cb66d07,False,,scf_a6419afd0dd26cb66d07
par_7b8d5fa9428e5cdfe87c,C1NCNCN1,scf_83a4733f71e79fbfab98,False,,scf_83a4733f71e79fbfab98
par_7b97edcaa3d7aa369544,c1ccccc1,scf_13cad05ca8f49c509e5b,False,,scf_13cad05ca8f49c509e5b
par_7b9c35a519d622dd39a1,O=P(Oc1ccccc1)(Oc1ccccc1)Oc1ccccc1.O=P(Oc1ccccc1)(Oc1ccccc1)Oc1ccccc1,scf_fae9e7f155eff4620c56,False,,scf_fae9e7f155eff4620c56
par_7bb0415c98ac6e17155f,c1ccccc1,scf_13cad05ca8f49c509e5b,False,,scf_13cad05ca8f49c509e5b
par_7bb6d3a246e43c5aaca8,,,True,acy_4f0295e8803e8c914b5c,acy_4f0295e8803e8c914b5c
par_7bbeaa3288fd43b5cfb2,c1ccccc1,scf_13cad05ca8f49c509e5b,False,,scf_13cad05ca8f49c509e5b
par_7bc595f78edc0e5bb52b,,,True,acy_76ba3302e020e45e4afa,acy_76ba3302e020e45e4afa
par_7bcd99f595180719eca6,C1N2CN3CN1C[NH+](C2)C3,scf_d1c7957cfeade1696b72,False,,scf_d1c7957cfeade1696b72
par_7bd07e9fe2993e03b6c1,c1ccccc1,scf_13cad05ca8f49c509e5b,False,,scf_13cad05ca8f49c509e5b
par_7bd1fe0c5d75ffaf4860,,,True,acy_d3dd75b4c185897fd28f,acy_d3dd75b4c185897fd28f
par_7bd6b099b8c94864473b,O=C(OCC1CCC2OC2C1)C1CCC2OC2C1,scf_7bd6b099b8c94864473b,False,,scf_7bd6b099b8c94864473b
par_7bd6c47fafe541b73940,c1ccc2ccccc2c1,scf_a896d495b04a450b732a,False,,scf_a896d495b04a450b732a
par_7bdf77a5959a639d0708,,,True,acy_bfef4912a86b656a423f,acy_bfef4912a86b656a423f
par_7bf6d8a9131819c5a6cc,,,True,acy_8ba0235a85e1f19a67e1,acy_8ba0235a85e1f19a67e1
par_7bfa1db68abc66e28d96,O=C1CCCC23CCC(CC12)C3,scf_3d68c34b6e576a4d507a,False,,scf_3d68c34b6e576a4d507a
par_7bfa89a9f7e0e177528d,,,True,acy_7565304252ee27781143,acy_7565304252ee27781143
par_7c00dacbbcd76113c224,c1ccccc1,scf_13cad05ca8f49c509e5b,False,,scf_13cad05ca8f49c509e5b
par_7c085295b5ac63642101,c1c[nH]cn1,scf_5c2d4306fe1e3da2ea88,False,,scf_5c2d4306fe1e3da2ea88
par_7c0c6485c33d1fff24d3,,,True,acy_4f0295e8803e8c914b5c,acy_4f0295e8803e8c914b5c
par_7c11bae486645c44205e,c1ccccc1,scf_13cad05ca8f49c509e5b,False,,scf_13cad05ca8f49c509e5b
par_7c13e64f23d0706e12b0,c1ccccc1,scf_13cad05ca8f49c509e5b,False,,scf_13cad05ca8f49c509e5b
par_7c190b8255a90376792f,c1ccccc1,scf_13cad05ca8f49c509e5b,False,,scf_13cad05ca8f49c509e5b
par_7c202d9e586dafe3d794,,,True,acy_6e191ef58102fee2a86d,acy_6e191ef58102fee2a86d
par_7c29f7774b0d4355bce6,O=c1c(-c2ccccc2)coc2ccccc12,scf_fc820c9a96f9ea22248c,False,,scf_fc820c9a96f9ea22248c
par_7c2a521f25636516f9b9,O=c1ccc2c(ccc3c(-c4ccccc4)c4ccc5ccccc5c4oc32)c1,scf_d1a39cad2e4568d25aa0,False,,scf_d1a39cad2e4568d25aa0
par_7c2ce1e7a99acfff5132,O=S1(=O)C=Cc2ccccc21,scf_7c2ce1e7a99acfff5132,False,,scf_7c2ce1e7a99acfff5132
par_7c384ded8e4a7102fb9c,,,True,acy_214b9def3b20d591f833,acy_214b9def3b20d591f833
par_7c40643894de087e9478,,,True,acy_d7c1c4e8cddafc5d8ee7,acy_d7c1c4e8cddafc5d8ee7
par_7c4fdcd944811490885f,O=C(Nc1ccccc1)c1ccccc1,scf_46dbe06a66c3ecbfaeeb,False,,scf_46dbe06a66c3ecbfaeeb
par_7c59097771241e56cb12,c1ccccc1,scf_13cad05ca8f49c509e5b,False,,scf_13cad05ca8f49c509e5b
par_7c5ded8c2dd1a5d2d8f2,C1COCO1,scf_6329f6891f70fdfd32d7,False,,scf_6329f6891f70fdfd32d7
par_7c5ea087a7a4d92b0e67,c1ccccc1,scf_13cad05ca8f49c509e5b,False,,scf_13cad05ca8f49c509e5b
par_7c688877daf09b762d7a,,,True,acy_26ced51a51bfac2904c3,acy_26ced51a51bfac2904c3
par_7c6ead6553a341d7c2f6,C1CC2CCC1C2,scf_8decb4ecd7f11859f828,False,,scf_8decb4ecd7f11859f828
par_7c76cbfd595991f18b52,c1ccccc1,scf_13cad05ca8f49c509e5b,False,,scf_13cad05ca8f49c509e5b
par_7c7804edd459f562dd59,,,True,acy_c72310268dedec3772c8,acy_c72310268dedec3772c8
par_7c7a026a167efcdc2441,c1ccccc1,scf_13cad05ca8f49c509e5b,False,,scf_13cad05ca8f49c509e5b
par_7c7e48bd12d0bf1a063a,c1ccc2cc3c(cc2c1)-c1cccc2cccc-3c12,scf_7c7e48bd12d0bf1a063a,False,,scf_7c7e48bd12d0bf1a063a
par_7c841cf275484a5f5df3,C1CCCCC1,scf_a21c4f64dcc59dd2ede8,False,,scf_a21c4f64dcc59dd2ede8
par_7c86eb6600ae4d6bace2,O=C1C=Cc2ccccc2/C1=N\Nc1cccc2ccccc12,scf_ec53cb62ecd4b68f4ceb,False,,scf_ec53cb62ecd4b68f4ceb
par_7cc1b0b6467ed18e85e1,,,True,acy_84e24336daf0130a8626,acy_84e24336daf0130a8626
par_7cc6ecfc4117e2735a0f,O=S1(=O)CCCC1,scf_7cc6ecfc4117e2735a0f,False,,scf_7cc6ecfc4117e2735a0f
par_7cc79b93e991dbe2e1f2,O=c1[nH]c2c(c(=O)n1C1CCCCC1)CCC2,scf_7cc79b93e991dbe2e1f2,False,,scf_7cc79b93e991dbe2e1f2
par_7cd8f6f7ad3f070ba1b9,O=C(Nc1ccccc1)c1ccc2ccccc2c1,scf_0aa8beecae37d3094ea7,False,,scf_0aa8beecae37d3094ea7
par_7cfbace7e88f260fc741,c1ccccc1,scf_13cad05ca8f49c509e5b,False,,scf_13cad05ca8f49c509e5b
par_7d007793eadef6aa817f,c1ccc2nc3ccc4ccccc4c3cc2c1,scf_7d007793eadef6aa817f,False,,scf_7d007793eadef6aa817f
par_7d1fb071c56f4703253d,c1ccc(Oc2ccccc2)cc1,scf_9affd80d02f471acfe8b,False,,scf_9affd80d02f471acfe8b
par_7d30042fcb2d3be2818b,c1ccccc1,scf_13cad05ca8f49c509e5b,False,,scf_13cad05ca8f49c509e5b
par_7d3e3d4f68a1192f4286,c1ccccc1,scf_13cad05ca8f49c509e5b,False,,scf_13cad05ca8f49c509e5b
par_7d3fbf3de7f27b74fe72,c1ccccc1,scf_13cad05ca8f49c509e5b,False,,scf_13cad05ca8f49c509e5b
par_7d48a62f52ac7873da99,O=C1C=COC1,scf_13b27243e160e03eff85,False,,scf_13b27243e160e03eff85
par_7d4f071760b9cfaa94b2,,,True,acy_57933553e9ee5b648a57,acy_57933553e9ee5b648a57
par_7d5bc0e5e1e2a5b462f7,,,True,acy_a57fa38d35be21261188,acy_a57fa38d35be21261188
par_7d5c5ea8e67f52ff348d,,,True,acy_c66fd80fbe01d9de0884,acy_c66fd80fbe01d9de0884
par_7d63412a75cccb1c0df3,,,True,acy_e8ae34dc8354b4d0c83b,acy_e8ae34dc8354b4d0c83b
par_7d64e2e631ac50069c46,c1ccc2c(c1)CCc1cccnc1C2=C1CCNCC1,scf_db0241af6fb88e401966,False,,scf_db0241af6fb88e401966
par_7d6797f31bc49688fbbf,,,True,acy_457f11e2ddaeaebf7c4a,acy_457f11e2ddaeaebf7c4a
par_7d67a3fa139eddb68e49,c1ccccc1,scf_13cad05ca8f49c509e5b,False,,scf_13cad05ca8f49c509e5b
par_7d6deca5e582df4cc399,c1ccc(CCCCn2cncn2)cc1,scf_b21e5f2fee967908e7cf,False,,scf_b21e5f2fee967908e7cf
par_7d75e331a013cdfc69fc,c1c[nH]cn1,scf_5c2d4306fe1e3da2ea88,False,,scf_5c2d4306fe1e3da2ea88
par_7d7a7b02bc9305d160e6,C1=CC(=Nc2ncnc(Nc3ccccc3)n2)C=CC1=Nc1ncnc([N-]c2cccc(N/N=C(\NNc3ccccc3)c3ccccc3)c2)n1,scf_2e0e8ad197e672b2d7e3,False,,scf_2e0e8ad197e672b2d7e3
par_7d87ab6d5275dceb9000,O=C1OC2(c3ccccc3Oc3ccccc32)c2ccccc21.O=C1OC2(c3ccccc3Oc3ccccc32)c2ccccc21.O=C1OC2(c3ccccc3Oc3ccccc32)c2ccccc21,scf_c9bb616e57638f057ac0,False,,scf_c9bb616e57638f057ac0
par_7d8cb779f81792cb3346,,,True,acy_c174103191e6fa3a549b,acy_c174103191e6fa3a549b
par_7da0c6eec46ac4c4541c,O=C(c1ccccc1)c1ccccc1,scf_113660f6820aa1505046,False,,scf_113660f6820aa1505046
par_7db0248d0f9f0abb92d3,,,True,acy_848764b7b1a1570447e2,acy_848764b7b1a1570447e2
par_7dbaee7bc194bace42c9,,,True,acy_0d167ddda31ef4a958aa,acy_0d167ddda31ef4a958aa
par_7dbd19e3760837d1a081,O=C1C=COC1,scf_13b27243e160e03eff85,False,,scf_13b27243e160e03eff85
par_7dc014b165136a3a9273,c1ccccc1,scf_13cad05ca8f49c509e5b,False,,scf_13cad05ca8f49c509e5b
par_7dd6cef56ab982e70fa4,,,True,acy_01028a28510e2c553c2f,acy_01028a28510e2c553c2f
par_7de06586755516d024d7,,,True,acy_2564f30104b1fb421635,acy_2564f30104b1fb421635
par_7de99ff7f55a6a22d752,,,True,acy_ce99e0c6c890458f11e8,acy_ce99e0c6c890458f11e8
par_7dfdf68296e7e55d145a,c1ccc([AsH]c2ccccc2)cc1,scf_d5401db1ed29e04c7f69,False,,scf_d5401db1ed29e04c7f69
par_7e01a3e504f69370fdc4,,,True,acy_48c772c557eb9c67dea4,acy_48c772c557eb9c67dea4
par_7e20a9f7ef59950d2388,,,True,acy_e2a8eb5a0e62f92ea457,acy_e2a8eb5a0e62f92ea457
par_7e2ae1a2c23428b462f3,c1ccc(CNc2ccccc2)cc1,scf_f573aa99b3be3128d885,False,,scf_f573aa99b3be3128d885
par_7e4e289d7d4365b97f80,c1ccc2scnc2c1,scf_5a0630b242bf5e7865cb,False,,scf_5a0630b242bf5e7865cb
par_7e53efc821cea4584037,c1ccc2[n-]c(-c3ccc(-c4nc5ccccc5[n-]4)cc3)nc2c1,scf_5ef0ef311ac37721475d,False,,scf_5ef0ef311ac37721475d
par_7e652627835eabb9db86,C1CC2OCC1OC1CCC(CO1)OC1CCC(CO1)OC1CCC(CO1)OC1CCC(CO1)OC1CCC(CO1)OC1CCC(CO1)OC1CCC(CO1)O2,scf_2fc8eb0deac4820c4d9b,False,,scf_2fc8eb0deac4820c4d9b
par_7e7a43bf63953e02aebd,,,True,acy_69c13bb4aea3eaa7b9fc,acy_69c13bb4aea3eaa7b9fc
par_7e8c3e216fb1e5bdf530,,,True,acy_3e0ea233cde1b6a6b050,acy_3e0ea233cde1b6a6b050
par_7e8d50c333cba59dad20,c1ccccc1,scf_13cad05ca8f49c509e5b,False,,scf_13cad05ca8f49c509e5b
par_7e9b3047668bd8d4035f,c1ccccc1,scf_13cad05ca8f49c509e5b,False,,scf_13cad05ca8f49c509e5b
par_7ea21e71ef1105228da5,c1c[nH]cn1,scf_5c2d4306fe1e3da2ea88,False,,scf_5c2d4306fe1e3da2ea88
par_7eb061c59652cbf8f8ba,c1ccccc1,scf_13cad05ca8f49c509e5b,False,,scf_13cad05ca8f49c509e5b
par_7ec56091f681d50f2f6c,,,True,acy_ed0363b6b8008201c6ac,acy_ed0363b6b8008201c6ac
par_7ed06a3f747bdc79243b,,,True,acy_dc3c5eb921aa26eb7e07,acy_dc3c5eb921aa26eb7e07
par_7ed369162f366e479756,C1CCCCC1,scf_a21c4f64dcc59dd2ede8,False,,scf_a21c4f64dcc59dd2ede8
par_7ee87e6c31ec667ae713,,,True,acy_00f0edc4a3fc5277c80f,acy_00f0edc4a3fc5277c80f
par_7eef9856e5d090f08a96,,,True,acy_eeba621dd97f1182923c,acy_eeba621dd97f1182923c
par_7efa34f7ca86f59e6ad4,O=C1CN(/C=C/S(=O)(=O)c2ccccc2)C(=S)N1,scf_3ee2deb47e1c2d427d35,False,,scf_3ee2deb47e1c2d427d35
par_7efff1b14b8d9e5416f5,,,True,acy_f5ab91dfc20206e469a2,acy_f5ab91dfc20206e469a2
par_7f1d41bc4618f0d953f8,,,True,acy_32a8b125fad05ee6b8c9,acy_32a8b125fad05ee6b8c9
par_7f293131242af7a17a19,C1CCOCC1,scf_e0a38598de1d53573ce8,False,,scf_e0a38598de1d53573ce8
par_7f4531b4a658df473488,c1ccccc1,scf_13cad05ca8f49c509e5b,False,,scf_13cad05ca8f49c509e5b
par_7f540a67637f8fd4c012,c1ccc(Oc2ccccc2)cc1,scf_9affd80d02f471acfe8b,False,,scf_9affd80d02f471acfe8b
par_7f704b7c45ecbf046243,c1ccc2c(c1)CCCO2,scf_8a78b1bc84578bad5663,False,,scf_8a78b1bc84578bad5663
par_7f7424a2f58eace14000,c1ccccc1,scf_13cad05ca8f49c509e5b,False,,scf_13cad05ca8f49c509e5b
par_7f77b0789514f3784ca4,,,True,acy_a6bc88d4c76e953b9cba,acy_a6bc88d4c76e953b9cba
par_7f7c439a5a74998a653c,O=C1OC2(c3ccccc3Oc3ccccc32)c2ccccc21,scf_c14809c4399a897b6e91,False,,scf_c14809c4399a897b6e91
par_7f8d39b1bc5783e4d085,,,True,acy_5be143362ad3479cb3b0,acy_5be143362ad3479cb3b0
par_7fa1959507c818093031,,,True,acy_e126c12bb438a7eaa1ea,acy_e126c12bb438a7eaa1ea
par_7fa6ef72bd96d4973aa7,c1ccccc1,scf_13cad05ca8f49c509e5b,False,,scf_13cad05ca8f49c509e5b
par_7faff1a935a1b436577b,c1ccc(Oc2ccccn2)cc1,scf_78397fed9a32a9cf351f,False,,scf_78397fed9a32a9cf351f
par_7fbcb3f966527bb7fcd3,c1ccccc1,scf_13cad05ca8f49c509e5b,False,,scf_13cad05ca8f49c509e5b
par_7fcfa01cc95af34d3430,c1ccc(Cc2ccccc2)cc1,scf_05784e2ddd36e41751a8,False,,scf_05784e2ddd36e41751a8
par_7fd0f1a5c41c1086168b,C=C1CC2CC1C1CCCC21,scf_dedacb0f9a9aa2d0ee02,False,,scf_dedacb0f9a9aa2d0ee02
par_7fd1e1afd287ec27ed5d,,,True,acy_96f60ee6dcefd5f324ca,acy_96f60ee6dcefd5f324ca
par_7fde467206f7332910e9,O=C1C=Cc2ccccc2/C1=N/Nc1ccccc1,scf_f914e167a5b755d1ce69,False,,scf_f914e167a5b755d1ce69
par_7fe7f006895f6f9c10cb,c1ccc2ccccc2c1,scf_a896d495b04a450b732a,False,,scf_a896d495b04a450b732a
par_7ffe74d87bb54859c6cb,c1ccc(Nc2ccccc2)cc1,scf_66594b79d38dcf0e9b76,False,,scf_66594b79d38dcf0e9b76
par_80019fe2a8f929b0b536,C1=CC2CC1C1CC3OC3C21,scf_49daacbea6c3ef3ad08b,False,,scf_49daacbea6c3ef3ad08b
par_800c85b104ef9e394a59,C1=C2CCC(C1)CC2,scf_a9b1278ba179d892ea88,False,,scf_a9b1278ba179d892ea88
par_8015ac2f7ee333c5ec0b,O=C1Oc2ccccc2C1c1ccccc1,scf_ee5326ec0d327cf934bf,False,,scf_ee5326ec0d327cf934bf
par_801f26dafaec5d0c8f92,C(=C/c1ccco1)\c1ccccn1,scf_e8971da81cca630c67b4,False,,scf_e8971da81cca630c67b4
par_80202eac70587c195250,c1ccc2[nH+]cccc2c1,scf_ca2ca981be5e4ba23418,False,,scf_ca2ca981be5e4ba23418
par_8049a38c55de0a6bc9fb,c1ccccc1,scf_13cad05ca8f49c509e5b,False,,scf_13cad05ca8f49c509e5b
par_8052fb2d2e10e4153289,,,True,acy_463bd1b8ff2253358eaf,acy_463bd1b8ff2253358eaf
par_8055af5502c29a1e3ea1,c1ccccc1,scf_13cad05ca8f49c509e5b,False,,scf_13cad05ca8f49c509e5b
par_8060d702e6c72ca44e10,c1ccccc1,scf_13cad05ca8f49c509e5b,False,,scf_13cad05ca8f49c509e5b
par_80662acda43e99d85f33,C1CC2O[C@]34CC5C(CCC6C[C@@H]7CCCCN7C[C@H]65)[C@@H]3CC[C@H]2C4C1,scf_109d3662a37ff9de0a49,False,,scf_109d3662a37ff9de0a49
par_8099ccfbf23012f2f969,,,True,acy_1af7fe0643563afd0e41,acy_1af7fe0643563afd0e41
par_80a9774c4d368019ad58,,,True,acy_a2eef8983e0acfa4a044,acy_a2eef8983e0acfa4a044
par_80bc7815ae4f5a8b35f4,C1CC(OCC2CO2)CCC1CC1CCC(OCC2CO2)CC1,scf_aed93f591d75fcf9a364,False,,scf_aed93f591d75fcf9a364
par_80bddffdac2c48b256ed,,,True,acy_156d1699163ca2412392,acy_156d1699163ca2412392
par_80c2e6261e51db38ac9a,O=C(c1ccc(Oc2ccccc2)cc1)c1ccc(C(=O)c2ccc(Oc3ccccc3)cc2)cc1,scf_80c2e6261e51db38ac9a,False,,scf_80c2e6261e51db38ac9a
par_80d96ba69e3c0e322b8d,,,True,acy_c959e04204ace5666194,acy_c959e04204ace5666194
par_80ea8c763d73e3158216,C1CC2CCC1C2,scf_8decb4ecd7f11859f828,False,,scf_8decb4ecd7f11859f828
par_80f8769305a1fd2f39ad,c1ccc2c(c1)CCCC2,scf_6a4523c26b4e65101ff9,False,,scf_6a4523c26b4e65101ff9
par_810ee20df722c966df99,c1ccccc1,scf_13cad05ca8f49c509e5b,False,,scf_13cad05ca8f49c509e5b
par_81116685986024c9a08f,,,True,acy_0dfba618bf252b8f19da,acy_0dfba618bf252b8f19da
par_8111a4a0dce319b190bc,c1ccccc1,scf_13cad05ca8f49c509e5b,False,,scf_13cad05ca8f49c509e5b
par_812738d2ca27e93d42c8,,,True,acy_89b5124cf05ccdaeec8a,acy_89b5124cf05ccdaeec8a
par_812ead353fb2ed3ea2a3,c1ccc2ccccc2c1,scf_a896d495b04a450b732a,False,,scf_a896d495b04a450b732a
par_8148262de650471b1b75,c1ccccc1,scf_13cad05ca8f49c509e5b,False,,scf_13cad05ca8f49c509e5b
par_8156b20c31aad0042320,,,True,acy_f3e35b6510489197e52a,acy_f3e35b6510489197e52a
par_81586521e478a95bf4ed,c1ccncc1,scf_75c7a4b0b41e43900bfb,False,,scf_75c7a4b0b41e43900bfb
par_815daa653f5eebf3e79d,,,True,acy_d1e95ee0450b739e8186,acy_d1e95ee0450b739e8186
par_8166f4be4adac52a9257,c1ccccc1,scf_13cad05ca8f49c509e5b,False,,scf_13cad05ca8f49c509e5b
par_816f76fd21307c7ef76d,,,True,acy_42fad99340318e7863d8,acy_42fad99340318e7863d8
par_8177f0888bc2cf72e4ab,O=S(=O)(Nc1nccs1)c1ccccc1,scf_82dca122463e8d0f145c,False,,scf_82dca122463e8d0f145c
par_818410ccd337062fa44b,,,True,acy_49c78aa62c688a59e64a,acy_49c78aa62c688a59e64a
par_818423023cd15fce9add,c1ccccc1,scf_13cad05ca8f49c509e5b,False,,scf_13cad05ca8f49c509e5b
par_8184c3beabf9ce46e397,c1ccccc1,scf_13cad05ca8f49c509e5b,False,,scf_13cad05ca8f49c509e5b
par_8190051dbe8ec7b3e43c,O=C1C(c2ccccc2)=COC1c1ccccc1,scf_5b7ea79dcee846bce866,False,,scf_5b7ea79dcee846bce866
par_81a9725bf7f87ffa2318,C=C1C(=O)C[C@@H]2C[C@@H]3Cc4ccccc4C=C3C(=O)C2C1=O,scf_cf99ca29728714ba5236,False,,scf_cf99ca29728714ba5236
par_81abb09b39ca3c0ab29c,O=C(Nc1ccc(Cc2ccccc2)cc1)c1ccccc1,scf_eb53b47400cad40c58a7,False,,scf_eb53b47400cad40c58a7
par_81b748d88c0792d3992d,c1ccccc1,scf_13cad05ca8f49c509e5b,False,,scf_13cad05ca8f49c509e5b
par_81b9c34ac78440cdcb16,C1=CC2C3CCC(C3)C2C1,scf_8de56061df0ce7a1728b,False,,scf_8de56061df0ce7a1728b
par_81d98b44f7924bf12a2f,,,True,acy_fd62b5c518e127e2e923,acy_fd62b5c518e127e2e923
par_81d99cb0b474286f2087,c1ccc(N=Nc2ccccc2)cc1,scf_782452139c6e50ec94b3,False,,scf_782452139c6e50ec94b3
par_81daf81a1fdb4ed5a009,c1ccc(-c2ccccc2)cc1,scf_27dacb226b18e24b40e3,False,,scf_27dacb226b18e24b40e3
par_81de23992d761c848d3d,,,True,acy_52e3232b825c9951d3ae,acy_52e3232b825c9951d3ae
par_81f53d32d42f6a8da536,c1ccccc1,scf_13cad05ca8f49c509e5b,False,,scf_13cad05ca8f49c509e5b
par_81fb43c52d7c7f086085,,,True,acy_b0c60315670221501bf4,acy_b0c60315670221501bf4
par_820b6f9dea850caa29bf,,,True,acy_0779ab11354f5f4b515b,acy_0779ab11354f5f4b515b
par_820ebcc7575819c22ecc,,,True,acy_0d167ddda31ef4a958aa,acy_0d167ddda31ef4a958aa
par_821350391504e8b049fb,C1CO1,scf_59b1a7b29b6a5f8bc1b8,False,,scf_59b1a7b29b6a5f8bc1b8
par_8217aacbf0fad39aa882,c1ccccc1,scf_13cad05ca8f49c509e5b,False,,scf_13cad05ca8f49c509e5b
par_821ae86759eee8ee4cb5,,,True,acy_b5e14b95f413aa1c5e34,acy_b5e14b95f413aa1c5e34
par_821e28052f16ee8f1be6,O=C(OCCc1ccccc1)c1ccccc1,scf_821e28052f16ee8f1be6,False,,scf_821e28052f16ee8f1be6
par_8220d2715a15917daeb0,c1ncncn1.c1ncncn1,scf_5851f46b52ad314c6f34,False,,scf_5851f46b52ad314c6f34
par_822be112bbe0ed342a30,c1ccc(N=Nc2ccccc2)cc1,scf_782452139c6e50ec94b3,False,,scf_782452139c6e50ec94b3
par_82414fbfeb73572bce27,O=C(OCc1ccccc1)C1CC1,scf_496de4055ae18cabf336,False,,scf_496de4055ae18cabf336
par_8244c19641c84771b2db,,,True,acy_7fdd2664d01ab4b30430,acy_7fdd2664d01ab4b30430
par_8249dd24a2c36eb7c523,c1ccc([C+](c2ccccc2)c2ccc3ccccc3c2)cc1,scf_84e6275395aba3ed8946,False,,scf_84e6275395aba3ed8946
par_824a2198f43207f03fea,,,True,acy_a5d1b1d4caf5d77ab7ef,acy_a5d1b1d4caf5d77ab7ef
par_8257181278f65a73e632,,,True,acy_d7e7f5e3bf6895acd1aa,acy_d7e7f5e3bf6895acd1aa
par_82860ae91f697f139dd0,c1ccccc1,scf_13cad05ca8f49c509e5b,False,,scf_13cad05ca8f49c509e5b
par_828a505ca923f7393f99,,,True,acy_06e25b3f113c73ac4014,acy_06e25b3f113c73ac4014
par_82946d1f1af2a3250d95,,,True,acy_55b1f9df848cbe7a5522,acy_55b1f9df848cbe7a5522
par_82950583725776c8d2fb,O=c1ccn2c3c(c(N4CCNCC4)ccc13)OCC2.O=c1ccn2c3c(c(N4CCNCC4)ccc13)OCC2,scf_b83d6efa647c2770e08e,False,,scf_b83d6efa647c2770e08e
par_82b0491cd46906e019a1,c1ccccc1,scf_13cad05ca8f49c509e5b,False,,scf_13cad05ca8f49c509e5b
par_82b4d229eca5979b293a,O=S(=O)([N-]c1ncccn1)c1ccccc1,scf_7ee780a88a8b3c7271e5,False,,scf_7ee780a88a8b3c7271e5
par_82b7bdf6e4021cfa9c57,c1ccccc1,scf_13cad05ca8f49c509e5b,False,,scf_13cad05ca8f49c509e5b
par_82bd4ac3f4cb9406e5d5,c1ccccc1,scf_13cad05ca8f49c509e5b,False,,scf_13cad05ca8f49c509e5b
par_82c594a6a0d89473670a,,,True,acy_179360c2c6043bbcf16c,acy_179360c2c6043bbcf16c
par_82cb1040a25828d3e08c,,,True,acy_5b9f5135b54871eaf4a1,acy_5b9f5135b54871eaf4a1
par_82e9b1df85a33c80bb90,,,True,acy_cf214b8d1eee698719e8,acy_cf214b8d1eee698719e8
par_82f254225ba4a615bf20,O=C1CCCCCCCCCCCCCCO1,scf_82f254225ba4a615bf20,False,,scf_82f254225ba4a615bf20
par_830139161c2a2d325825,O=C(CCc1ccccc1)NCCCCCCNC(=O)CCc1ccccc1,scf_ed75d015bb78b820407c,False,,scf_ed75d015bb78b820407c
par_830deb2cfd399870568d,O=C1C(N=Nc2ccccc2)C=NN1c1ccccc1,scf_959c2a804d0b336c3fc0,False,,scf_959c2a804d0b336c3fc0
par_831b209d051c9b4422ec,c1ccccc1,scf_13cad05ca8f49c509e5b,False,,scf_13cad05ca8f49c509e5b
par_83204d7da64e16fdcef2,c1ccc2ccccc2c1,scf_a896d495b04a450b732a,False,,scf_a896d495b04a450b732a
par_8320aa356781247194ed,O=C(Nc1ccccc1)c1ccccc1,scf_46dbe06a66c3ecbfaeeb,False,,scf_46dbe06a66c3ecbfaeeb
par_832e52ed000230aeda80,c1ccncc1,scf_75c7a4b0b41e43900bfb,False,,scf_75c7a4b0b41e43900bfb
par_8331eb9575e0f41ca7bf,O=C1C=C2CC[C@@H]3C(=C2CC1)C=CC1CCC[C@H]13,scf_6af39abff5228e3ef988,False,,scf_6af39abff5228e3ef988
par_83377e909be9dfcebc2b,c1ccccc1,scf_13cad05ca8f49c509e5b,False,,scf_13cad05ca8f49c509e5b
par_834b9a67df2a1c872c28,C1CNCCN1,scf_dcbee0ce71a0a74f5873,False,,scf_dcbee0ce71a0a74f5873
par_835b43f302422d7622e9,c1ccccc1,scf_13cad05ca8f49c509e5b,False,,scf_13cad05ca8f49c509e5b
par_836ca5e685eaf3f05e8d,c1ccc(N=Nc2ccccc2)cc1,scf_782452139c6e50ec94b3,False,,scf_782452139c6e50ec94b3
par_838eda64cd71c65e4c41,,,True,acy_a5d1b1d4caf5d77ab7ef,acy_a5d1b1d4caf5d77ab7ef
par_8391a1d24dff1d42e8ea,c1ccccc1,scf_13cad05ca8f49c509e5b,False,,scf_13cad05ca8f49c509e5b
par_8392da7f3226bb74faac,c1ccccc1,scf_13cad05ca8f49c509e5b,False,,scf_13cad05ca8f49c509e5b
par_8399bf0a2f79d01432b6,O=c1[nH]c(=O)c2[nH]cnc2[nH]1,scf_4cec1c8bd994dd6f047e,False,,scf_4cec1c8bd994dd6f047e
par_83a284433cf73f347095,c1ccc2c(c1)CC[C@H]1CCCCC21,scf_60c751778c2e8f0977a2,False,,scf_60c751778c2e8f0977a2
par_83aadb3f462d0980fe99,c1ccc2c(c1)OCO2,scf_7e48ba60e2279ba9461b,False,,scf_7e48ba60e2279ba9461b
par_83afc2460b79aca760da,,,True,acy_83aaf117681bf1b3e51c,acy_83aaf117681bf1b3e51c
par_83b1f8bc436018b10333,,,True,acy_a615fade1b95bd69cd30,acy_a615fade1b95bd69cd30
par_83b91ea22e0f72caae89,O=c1cc[nH]c(=O)[nH]1,scf_b24478a8f1b2baad976d,False,,scf_b24478a8f1b2baad976d
par_83b9bb87b5e78e0e28bb,c1ccc2c(c1)Nc1ccccc1S2,scf_e6008ac24d4134696247,False,,scf_e6008ac24d4134696247
par_83be2ae8be5fc34d58d5,c1ccccc1,scf_13cad05ca8f49c509e5b,False,,scf_13cad05ca8f49c509e5b
par_83d78eb4b0eae9c853c7,c1ccc(C(Cn2cncn2)c2ccccc2)cc1,scf_efa2a3dc3d7b1f8427a8,False,,scf_efa2a3dc3d7b1f8427a8
par_83dfdb4fc675bd566905,c1ccccc1,scf_13cad05ca8f49c509e5b,False,,scf_13cad05ca8f49c509e5b
par_83e15f8863758f9555cc,c1ccccc1,scf_13cad05ca8f49c509e5b,False,,scf_13cad05ca8f49c509e5b
par_83e51db5a50c3c8d7758,O=C(NNC(=O)c1ccccc1)c1ccccc1,scf_284d7a472f11ddb287f2,False,,scf_284d7a472f11ddb287f2
par_83ed5fdb7b938a287108,,,True,acy_ac2ae167e9278a0250b3,acy_ac2ae167e9278a0250b3
par_83f4702feb382c65e040,c1ccccc1,scf_13cad05ca8f49c509e5b,False,,scf_13cad05ca8f49c509e5b
par_8407b11668134cc1a5b3,,,True,acy_be04ba7a8c2eae6ed6e7,acy_be04ba7a8c2eae6ed6e7
par_841159e39008f1a7cc77,,,True,acy_1287a54474dba463a735,acy_1287a54474dba463a735
par_841adefa7a046064578e,c1ccc(N=Nc2ccc(Sc3ccc(N=Nc4ccccc4)cc3)cc2)cc1,scf_63d2dcaa4cbcce4f88bf,False,,scf_63d2dcaa4cbcce4f88bf
par_84222bbd1bb40907e65e,O=C(NCCOc1ccccc1)n1ccnc1,scf_0cf3c9de1ac8e3fe4c2d,False,,scf_0cf3c9de1ac8e3fe4c2d
par_84232dbff3105bb23f10,,,True,acy_65fd4f9525c90c6aef4c,acy_65fd4f9525c90c6aef4c
par_8425c8ac3b8dcdb02b6c,c1ccccc1,scf_13cad05ca8f49c509e5b,False,,scf_13cad05ca8f49c509e5b
par_84263e09c284dfd3b6be,C1CCCCC1,scf_a21c4f64dcc59dd2ede8,False,,scf_a21c4f64dcc59dd2ede8
par_842bd1ea8f9f24c632ee,c1ccccc1,scf_13cad05ca8f49c509e5b,False,,scf_13cad05ca8f49c509e5b
par_842be15f53bb597c852f,,,True,acy_bcd21df7fb04e9f0d934,acy_bcd21df7fb04e9f0d934
par_843e7f9c70a3dab6bcd7,O=C1CCCCO1,scf_96c652d8ab2e5765fb8d,False,,scf_96c652d8ab2e5765fb8d
par_8450ba0bf37507eb8839,,,True,acy_6dc158e2e65eb0a253a0,acy_6dc158e2e65eb0a253a0
par_8479db65cff15720f6c3,,,True,acy_c6d06d1be80056d4bfd8,acy_c6d06d1be80056d4bfd8
par_84864449aea2d356aef3,O=P12OP3(=O)OP(=O)(O1)OP(=O)(O2)O3,scf_84864449aea2d356aef3,False,,scf_84864449aea2d356aef3
par_8489bf737f5cecf76b3e,c1ccccc1,scf_13cad05ca8f49c509e5b,False,,scf_13cad05ca8f49c509e5b
par_848d1a6bc6cbdc351a68,c1ccc(OC2CCCCC2)cc1,scf_e99f970857c7c0d7f333,False,,scf_e99f970857c7c0d7f333
par_8499c70302e71646f918,,,True,acy_5c64030ce20cefa37510,acy_5c64030ce20cefa37510
par_849cc39b0ac77a0ace18,O=C(/C=C/C=C/c1ccc2c(c1)OCO2)N1CCCCC1,scf_849cc39b0ac77a0ace18,False,,scf_849cc39b0ac77a0ace18
par_84a15e989330cab1ef80,O=c1sc2nc3ccccc3nc2s1,scf_3a397de64e26708ddc94,False,,scf_3a397de64e26708ddc94
par_84a98d0aec06651b93d9,,,True,acy_4133d69a8418c0907875,acy_4133d69a8418c0907875
par_84b1ea18c78bfaa0df57,c1ccc2c(c1)CC[C@@H]1[C@@H]2CCC2CCC[C@H]21,scf_011186ef72b148f58ac6,False,,scf_011186ef72b148f58ac6
par_84bf11d4149c55207206,c1ccccc1,scf_13cad05ca8f49c509e5b,False,,scf_13cad05ca8f49c509e5b
par_84c1a1774fc72d029073,c1ccc2[nH]ccc2c1,scf_e65f5bb7d6337f0d157e,False,,scf_e65f5bb7d6337f0d157e
par_84cb42652566170cfecd,O=c1oc2ccccc2cc1-c1[nH]c2ccccc2[nH+]1,scf_220ee7a8b68bf4a78b14,False,,scf_220ee7a8b68bf4a78b14
par_84cf9adee0da2f23cf77,O=C1OCc2ccccc21,scf_9a647e10f3fa9a1f1e0d,False,,scf_9a647e10f3fa9a1f1e0d
par_84d733bf753fc6cacad5,,,True,acy_9b00e1eae2020cdd9ffa,acy_9b00e1eae2020cdd9ffa
par_84db1abb31c8f3949e8f,c1ccc(OCn2cncn2)cc1,scf_f6ca3f1bd9f09e2eac18,False,,scf_f6ca3f1bd9f09e2eac18
par_84eb45bb72f4abac6c17,c1ccccc1,scf_13cad05ca8f49c509e5b,False,,scf_13cad05ca8f49c509e5b
par_84ed092c4a86fab6717b,c1ccccc1,scf_13cad05ca8f49c509e5b,False,,scf_13cad05ca8f49c509e5b
par_84f15f28406838e8f9a8,,,True,acy_8ba1359a905dabcd3f36,acy_8ba1359a905dabcd3f36
par_8518e4395721833b7878,c1ccc2c(c1)CCCC2,scf_6a4523c26b4e65101ff9,False,,scf_6a4523c26b4e65101ff9
par_852217d9cf9c3ed33336,,,True,acy_4dda0495913e01148535,acy_4dda0495913e01148535
par_852799b2997a8f938031,,,True,acy_dfff3ec12aba1c1bd3b9,acy_dfff3ec12aba1c1bd3b9
par_85391ef9763becd66416,c1ccc(COCOCc2ccccc2)cc1,scf_85391ef9763becd66416,False,,scf_85391ef9763becd66416
par_853d6a84714cfe5ad646,,,True,acy_8ed2f4ef3614b1040f86,acy_8ed2f4ef3614b1040f86
par_8550f650c5f52eeb6799,c1ccc(Oc2ccccc2)cc1,scf_9affd80d02f471acfe8b,False,,scf_9affd80d02f471acfe8b
par_858b4a8a357db588d14e,c1ccc(Cc2ccccc2)cc1,scf_05784e2ddd36e41751a8,False,,scf_05784e2ddd36e41751a8
par_858b5db7085e868c5efe,O=C1CCCCC1,scf_28ed7f4abc3f360949be,False,,scf_28ed7f4abc3f360949be
par_85938f75866327278047,c1ncncn1,scf_89055dbbabf38236f98e,False,,scf_89055dbbabf38236f98e
par_8599f5725b2708767cea,,,True,acy_9069165174e32693caff,acy_9069165174e32693caff
par_859c7f4e1d005f3f1bee,,,True,acy_57f510a8f4ce43675fa8,acy_57f510a8f4ce43675fa8
par_85a2d0e5de4796dbd7b4,,,True,acy_ebf99eae09f545ea1c34,acy_ebf99eae09f545ea1c34
par_85a8924c339cb3279b0e,,,True,acy_f4af847cd8faeb7d5ae2,acy_f4af847cd8faeb7d5ae2
par_85acbdefea5a5cbfee3e,O=c1ccss1,scf_c568f20f746945cfb303,False,,scf_c568f20f746945cfb303
par_85ad3e269af1d5f15f95,c1ccc2scnc2c1,scf_5a0630b242bf5e7865cb,False,,scf_5a0630b242bf5e7865cb
par_85e82e41463b3f1dd17c,,,True,acy_3fa0ff259d8c266a475f,acy_3fa0ff259d8c266a475f
par_85fe95dbabc9e689acb7,,,True,acy_1aaf3044603eed7fda1a,acy_1aaf3044603eed7fda1a
par_8624fdc9913079a5ceb9,,,True,acy_1bfa4082a0e33f1ab53d,acy_1bfa4082a0e33f1ab53d
par_8627bb4b85e23c052d0e,,,True,acy_b662a6ab0fbb9ea5d79b,acy_b662a6ab0fbb9ea5d79b
par_86325386f7f6679fe6cd,O=C1OC2CC(C/C=C\[C@@H](OC3CC[C@@H](O[C@H]4CCCCO4)CO3)C/C=C\C=C3\COC4CC=CC1C34)OC1(CCCCO1)C2,scf_b5d6d61c5c5db290f60e,False,,scf_b5d6d61c5c5db290f60e
par_86381c2b40c09c254bff,,,True,acy_cb9ffc23416fd6f700b1,acy_cb9ffc23416fd6f700b1
par_86396db4f94aafa4859a,c1ccccc1,scf_13cad05ca8f49c509e5b,False,,scf_13cad05ca8f49c509e5b
par_863ed85558a58226e038,O=C(OCc1cccc(Oc2ccccc2)c1)C1CC1,scf_dd5d192b016bdf3547cd,False,,scf_dd5d192b016bdf3547cd
par_8642f121ab45c935d563,c1ccccc1,scf_13cad05ca8f49c509e5b,False,,scf_13cad05ca8f49c509e5b
par_864a8b1cc87098b37ce5,,,True,acy_7b4ad560f75e159b740a,acy_7b4ad560f75e159b740a
par_8652f82e5eaa885ee73d,,,True,acy_4bb081560e1a3598b9e6,acy_4bb081560e1a3598b9e6
par_8657dcd12167574b9a81,c1ccc(-c2ccccc2)cc1,scf_27dacb226b18e24b40e3,False,,scf_27dacb226b18e24b40e3
par_868c81b25d634a68d1b7,c1ccc2cc(-c3cscn3)ccc2c1,scf_f33e097d345cba915b08,False,,scf_f33e097d345cba915b08
par_86b720218dccb7b15ddb,O=C1c2ccccc2C(=O)c2c(Nc3ccccc3)ccc(Nc3ccccc3)c21,scf_c504f57aa88197ed3736,False,,scf_c504f57aa88197ed3736
par_86c7cacee081ba2d405e,O=C1c2ccccc2C(=O)c2c(Nc3ccccc3)cccc21,scf_67e62ad7cc6ca1d7287e,False,,scf_67e62ad7cc6ca1d7287e
par_86cf38e62ed78edaba1e,,,True,acy_0a8bf1c52c7ebe0a8b81,acy_0a8bf1c52c7ebe0a8b81
par_86cf5b50f23f9fa67cbc,c1ccccc1,scf_13cad05ca8f49c509e5b,False,,scf_13cad05ca8f49c509e5b
par_86d7cf4b376197dd92f8,O=C(Nc1ncncn1)NS(=O)(=O)c1ccccc1,scf_16163a52161df90e519d,False,,scf_16163a52161df90e519d
par_86e7c5a803e33d1ac260,O=C1C2CC2C(=O)N1c1ccccc1,scf_56fb6fd5a5c73c02a9d2,False,,scf_56fb6fd5a5c73c02a9d2
par_86e88312b1313f62ae73,O=C(Nc1ccccc1)Nc1cnns1,scf_86e88312b1313f62ae73,False,,scf_86e88312b1313f62ae73
par_86ea49450f3b5c58506e,c1ccccc1,scf_13cad05ca8f49c509e5b,False,,scf_13cad05ca8f49c509e5b
par_8703a8aaa5990b47c70f,c1ccc(CNc2ccc([C+](c3ccc(NCc4ccccc4)cc3)c3ccc(Nc4ccccc4)cc3)cc2)cc1,scf_d87213eee2ba3776738b,False,,scf_d87213eee2ba3776738b
par_871609d9e754df05cad5,,,True,acy_41b240397ce8bfd62dff,acy_41b240397ce8bfd62dff
par_8729a1ec63890e92fb74,c1ccccc1,scf_13cad05ca8f49c509e5b,False,,scf_13cad05ca8f49c509e5b
par_872f1cf80ad1bc456ff7,C1=Cc2ccccc2OC1,scf_7cd813286707aadd2800,False,,scf_7cd813286707aadd2800
par_8742e982cbfd945283cf,O=c1n(Cc2ccccc2)c(=O)n(Cc2ccccc2)c(=O)n1Cc1ccccc1,scf_7afbb4176242f209b6a8,False,,scf_7afbb4176242f209b6a8
par_8744787bdea6db3ab129,c1ccccc1,scf_13cad05ca8f49c509e5b,False,,scf_13cad05ca8f49c509e5b
par_874b735612d2207a2574,c1ccccc1,scf_13cad05ca8f49c509e5b,False,,scf_13cad05ca8f49c509e5b
par_874e50eba459835877c4,,,True,acy_1ba38ad737a7893b983f,acy_1ba38ad737a7893b983f
par_8769c386a45189c517ee,,,True,acy_14ebf689aba39182d162,acy_14ebf689aba39182d162
par_876f4239f33463328e3b,,,True,acy_18eb50e3e845e148de53,acy_18eb50e3e845e148de53
par_87722bfe2ccb0dece544,c1ccccc1,scf_13cad05ca8f49c509e5b,False,,scf_13cad05ca8f49c509e5b
par_877695a982649e1534ab,,,True,acy_6dc158e2e65eb0a253a0,acy_6dc158e2e65eb0a253a0
par_878b665bc7f2a429b028,c1ccccc1,scf_13cad05ca8f49c509e5b,False,,scf_13cad05ca8f49c509e5b
par_879572f4045f066b3ca6,,,True,acy_c90d2e859d70af65581e,acy_c90d2e859d70af65581e
par_879f0dc123aca9b7aca0,,,True,acy_a9127759efcb688b7213,acy_a9127759efcb688b7213
par_87aff8c28357b11ac196,,,True,acy_b3294a33158008277eda,acy_b3294a33158008277eda
par_87b00012c9fa3f3604c5,c1ccccc1,scf_13cad05ca8f49c509e5b,False,,scf_13cad05ca8f49c509e5b
par_87bc3b377fb3fcf5ea5d,C1CCCCC1,scf_a21c4f64dcc59dd2ede8,False,,scf_a21c4f64dcc59dd2ede8
par_87bd383e12e02d2cb18d,c1ccccc1,scf_13cad05ca8f49c509e5b,False,,scf_13cad05ca8f49c509e5b
par_87c43cfe895b099ddcc9,c1ccccc1,scf_13cad05ca8f49c509e5b,False,,scf_13cad05ca8f49c509e5b
par_87c80162c658a4571394,C1CC[NH2+]CC1,scf_88571ae303d9581fb051,False,,scf_88571ae303d9581fb051
par_87d0c62cce205f5517a8,O=C(Cc1ccccc1)Nc1ccccc1,scf_84447355d48e25ca23ac,False,,scf_84447355d48e25ca23ac
par_87e38fb0e58ff6b49456,c1ccccc1,scf_13cad05ca8f49c509e5b,False,,scf_13cad05ca8f49c509e5b
par_87ef8121b5eeadcabd8b,C1CC[CH]([SnH]([CH]2CCCCC2)[CH]2CCCCC2)CC1,scf_2440263bbc62858fb219,False,,scf_2440263bbc62858fb219
par_880b565cf2c08f8a61fa,c1ccc2c(c1)ccc1ccccc12,scf_880b565cf2c08f8a61fa,False,,scf_880b565cf2c08f8a61fa
par_8839f319dbd8c075ebad,c1ccccc1,scf_13cad05ca8f49c509e5b,False,,scf_13cad05ca8f49c509e5b
par_8840140e331fd13f4a04,C1CCCCC1,scf_a21c4f64dcc59dd2ede8,False,,scf_a21c4f64dcc59dd2ede8
par_884158699745114bbc78,,,True,acy_6dc158e2e65eb0a253a0,acy_6dc158e2e65eb0a253a0
par_884311d8c2e42a561f9a,,,True,acy_686deb78d8b21dc7f412,acy_686deb78d8b21dc7f412
par_88542b570b9f9039c69e,c1ccc([CH2][Sn][CH2]c2ccccc2)cc1,scf_a0bd7a400d8be5f1c5a4,False,,scf_a0bd7a400d8be5f1c5a4
par_88571bafe9848ecd37e6,,,True,acy_f3956b6c71cfab73bca7,acy_f3956b6c71cfab73bca7
par_8859a730f2cee60eda00,c1cc[c]([Sn]([c]2ccccc2)([c]2ccccc2)[c]2ccccc2)cc1,scf_8859a730f2cee60eda00,False,,scf_8859a730f2cee60eda00
par_8859dce6396d104ecf8a,C1COCO1,scf_6329f6891f70fdfd32d7,False,,scf_6329f6891f70fdfd32d7
par_885f048dfd9cc74ea26c,c1ccccc1,scf_13cad05ca8f49c509e5b,False,,scf_13cad05ca8f49c509e5b
par_88661e68b4a234cdaa13,c1ccccc1,scf_13cad05ca8f49c509e5b,False,,scf_13cad05ca8f49c509e5b
par_886794a70055e8064064,,,True,acy_a327f8f240f5f1d92530,acy_a327f8f240f5f1d92530
par_88740ccf08ebb79c4d73,c1ccccc1,scf_13cad05ca8f49c509e5b,False,,scf_13cad05ca8f49c509e5b
par_88743d74f98ed3ba823e,,,True,acy_faeb3719884e4d5a925b,acy_faeb3719884e4d5a925b
par_8891cfb45484e41c33e8,c1ccc2cc3ccccc3cc2c1,scf_6fb4cbeebf372106f231,False,,scf_6fb4cbeebf372106f231
par_88934fe553983617a187,c1ccccc1,scf_13cad05ca8f49c509e5b,False,,scf_13cad05ca8f49c509e5b
par_88a705e1c19f318968a0,,,True,acy_e0a514e6bd16df05ef74,acy_e0a514e6bd16df05ef74
par_88d216b06229687d6a32,c1ncncn1,scf_89055dbbabf38236f98e,False,,scf_89055dbbabf38236f98e
par_88d6947b4628381d37d8,c1ccccc1,scf_13cad05ca8f49c509e5b,False,,scf_13cad05ca8f49c509e5b
par_88e353e40a9fdc1e9964,c1ccccc1,scf_13cad05ca8f49c509e5b,False,,scf_13cad05ca8f49c509e5b
par_88e8649e303d1a2f7c6b,S=[PH]1OCc2ccccc2O1,scf_d37d231663e99a31061f,False,,scf_d37d231663e99a31061f
par_88f9406b9ecb747889a8,,,True,acy_8ba1359a905dabcd3f36,acy_8ba1359a905dabcd3f36
par_88fa2623030496e83bc7,c1ccc(O[P@]2OCC3(CO[P@@](Oc4ccccc4)OC3)CO2)cc1,scf_e48584c3c8b90d05f7fa,False,,scf_e48584c3c8b90d05f7fa
par_89055dbbabf38236f98e,c1ncncn1,scf_89055dbbabf38236f98e,False,,scf_89055dbbabf38236f98e
par_8927e14058caf283246b,,,True,acy_ee07133a741f35a2bdde,acy_ee07133a741f35a2bdde
par_893d3a310766a00cdd9b,c1ccc(-c2ccc(-c3ccccc3)o2)cc1,scf_893d3a310766a00cdd9b,False,,scf_893d3a310766a00cdd9b
par_895382b9647f182528cf,c1c[nH+]c[nH]1,scf_597f278cbf8ad8b80b93,False,,scf_597f278cbf8ad8b80b93
par_8959dfc703a153fa29f8,c1ccccc1,scf_13cad05ca8f49c509e5b,False,,scf_13cad05ca8f49c509e5b
par_895a4c648a1a7f2db97e,O=C1C=CCO1,scf_3846897209cf4e97222f,False,,scf_3846897209cf4e97222f
par_896cf0d6501b86166abf,c1ccccc1,scf_13cad05ca8f49c509e5b,False,,scf_13cad05ca8f49c509e5b
par_8989b5f28601ff10b786,c1ccccc1,scf_13cad05ca8f49c509e5b,False,,scf_13cad05ca8f49c509e5b
par_8989e9e598b0c60a89c5,c1ccccc1,scf_13cad05ca8f49c509e5b,False,,scf_13cad05ca8f49c509e5b
par_8999acf8bce2f73c7096,c1ccccc1,scf_13cad05ca8f49c509e5b,False,,scf_13cad05ca8f49c509e5b
par_89e63977f7d83717b2d6,c1ccccc1,scf_13cad05ca8f49c509e5b,False,,scf_13cad05ca8f49c509e5b
par_89ec2515667c6cc2f419,,,True,acy_b84891e289fc3b69dd46,acy_b84891e289fc3b69dd46
par_89f23a6b8a428a15b925,c1ccccc1,scf_13cad05ca8f49c509e5b,False,,scf_13cad05ca8f49c509e5b
par_8a1c4c7b30a63847286d,,,True,acy_8d0b8b9bda4cad90123f,acy_8d0b8b9bda4cad90123f
par_8a224d253ed9a2dbdb65,O=c1cco[nH]1,scf_2bf041bc46382b781729,False,,scf_2bf041bc46382b781729
par_8a255f0cc98f3ae1d207,C1CNCCN1,scf_dcbee0ce71a0a74f5873,False,,scf_dcbee0ce71a0a74f5873
par_8a3044f9064e983060e9,,,True,acy_9875fe44211e275c83c3,acy_9875fe44211e275c83c3
par_8a3304e9cff110d24499,C1CCCCC1,scf_a21c4f64dcc59dd2ede8,False,,scf_a21c4f64dcc59dd2ede8
par_8a344cc7a6f9bc97becb,C1CCC(CC2CCCCC2)CC1,scf_7796cb316aa67077baa0,False,,scf_7796cb316aa67077baa0
par_8a347e3c9b57d6e51876,,,True,acy_e0a514e6bd16df05ef74,acy_e0a514e6bd16df05ef74
par_8a3557939dc7b560d7ec,c1cncnc1,scf_a3ad2a5dcc41ff79865e,False,,scf_a3ad2a5dcc41ff79865e
par_8a3b5b840957359cdd2f,,,True,acy_68d5c32885973ceb6b92,acy_68d5c32885973ceb6b92
par_8a524e3d8ef49f0ebe1a,c1ccncc1,scf_75c7a4b0b41e43900bfb,False,,scf_75c7a4b0b41e43900bfb
par_8a526f99e22451c615d6,c1ccccc1,scf_13cad05ca8f49c509e5b,False,,scf_13cad05ca8f49c509e5b
par_8a707340f28ee501fa85,c1ccc(COOCc2ccccc2)cc1,scf_6f28744c6a63fc0a9f44,False,,scf_6f28744c6a63fc0a9f44
par_8a7ad5fc301d54be0188,c1ccccc1,scf_13cad05ca8f49c509e5b,False,,scf_13cad05ca8f49c509e5b
par_8a7f3be34cd7ec404661,C1CO1,scf_59b1a7b29b6a5f8bc1b8,False,,scf_59b1a7b29b6a5f8bc1b8
par_8a800033fd79d15c4b12,C1CCCCC1,scf_a21c4f64dcc59dd2ede8,False,,scf_a21c4f64dcc59dd2ede8
par_8a978779585d1fd2d4bd,c1ccc(N2N=NC3C4CC(C5N=NC45)C32)cc1,scf_e1e0782e62bb5c96d6e4,False,,scf_e1e0782e62bb5c96d6e4
par_8ab07033454fab2c387c,c1ccccc1,scf_13cad05ca8f49c509e5b,False,,scf_13cad05ca8f49c509e5b
par_8ac17570b5a2ce81f73d,,,True,acy_4623711c23693b0db4a8,acy_4623711c23693b0db4a8
par_8ad2b4dff9af913e2326,C(=C/c1ccccc1)\C(/C=C/c1ccccc1)=NNC1=NCCCN1,scf_0bcddbd52af88d30d4e7,False,,scf_0bcddbd52af88d30d4e7
par_8ae42331bd9f47a582c0,,,True,acy_5e49472af68edcf8ea86,acy_5e49472af68edcf8ea86
par_8ae76caa938a94c827c3,O=P(Oc1ccccc1)(Oc1ccccc1)Oc1ccccc1,scf_b6533a219393f1129d26,False,,scf_b6533a219393f1129d26
par_8af5444675366df154a5,c1ccccc1,scf_13cad05ca8f49c509e5b,False,,scf_13cad05ca8f49c509e5b
par_8aff7365a754c4f9c995,,,True,acy_104ec98ffcd87f8493e8,acy_104ec98ffcd87f8493e8
par_8b03bd6c7b0d12b9372f,C1=CNCN1,scf_b66de47b3a6b0e57ff79,False,,scf_b66de47b3a6b0e57ff79
par_8b17c8ab01edc052bfbb,c1ccccc1,scf_13cad05ca8f49c509e5b,False,,scf_13cad05ca8f49c509e5b
par_8b1f8aaf7cb214c847f4,,,True,acy_2bd0e40250b966e4d952,acy_2bd0e40250b966e4d952
par_8b2e7af1febea1f34cdd,,,True,acy_9f63a898f25d83228c59,acy_9f63a898f25d83228c59
par_8b4c77189d5a19e19a6d,O=C1NC(=O)c2cccc3cccc1c23,scf_b5610395d195521b17b0,False,,scf_b5610395d195521b17b0
par_8b587e4ab2ecce8e8def,,,True,acy_0108be56d3a83aca05ce,acy_0108be56d3a83aca05ce
par_8b58fd098d6b9315e0aa,c1ccc2[s+]c3ccccc3nc2c1,scf_a8bb5c2918a53be0df11,False,,scf_a8bb5c2918a53be0df11
par_8b62c0b89d1d9520ed19,c1ccccc1,scf_13cad05ca8f49c509e5b,False,,scf_13cad05ca8f49c509e5b
par_8b6949160d91bf78330b,,,True,acy_f46a82bbe45384994d3a,acy_f46a82bbe45384994d3a
par_8b6a078c20df8c97eaeb,O=C1OC(c2ccccc2)(c2ccccc2)c2ccccc21,scf_1754e1aafefbe980e064,False,,scf_1754e1aafefbe980e064
par_8b9999e2e823fd8bd88a,c1ccccc1,scf_13cad05ca8f49c509e5b,False,,scf_13cad05ca8f49c509e5b
par_8ba989aee0da538c337c,,,True,acy_1c5ca2e1dd7de7a06b06,acy_1c5ca2e1dd7de7a06b06
par_8bb7518fd7652c5405f7,,,True,acy_c6df4e4371969f29781e,acy_c6df4e4371969f29781e
par_8bbb4a56ce855ba5c291,c1ccc(-c2ccccc2)cc1,scf_27dacb226b18e24b40e3,False,,scf_27dacb226b18e24b40e3
par_8bc2ba11aa56de2a4ac7,C=C1CC=CCC1,scf_12c7f8a53ad8885632bd,False,,scf_12c7f8a53ad8885632bd
par_8bc8835b741b89140336,,,True,acy_8ba1359a905dabcd3f36,acy_8ba1359a905dabcd3f36
par_8bd58ec52a57ffd929ed,O=C1COC(=O)N1,scf_094173cb8b8c00716a8b,False,,scf_094173cb8b8c00716a8b
par_8bdb3aea13a160237f47,c1ncncn1,scf_89055dbbabf38236f98e,False,,scf_89055dbbabf38236f98e
par_8be557195a443258481b,,,True,acy_2f44f6d7eed823c8f1cb,acy_2f44f6d7eed823c8f1cb
par_8bf0c055aeeaef0a5ab8,c1ccccc1,scf_13cad05ca8f49c509e5b,False,,scf_13cad05ca8f49c509e5b
par_8c01816a0ad2be3be886,,,True,acy_6dc158e2e65eb0a253a0,acy_6dc158e2e65eb0a253a0
par_8c15a1ca83578e93ffd1,c1ccccc1,scf_13cad05ca8f49c509e5b,False,,scf_13cad05ca8f49c509e5b
par_8c17896c194d43b1763f,O=C1C=C2CC[C@H]3[C@@H]4CCCC4CC(=O)[C@@H]3C2CC1,scf_95193817879504cbbcaa,False,,scf_95193817879504cbbcaa
par_8c2020f17ce3ddb481e1,c1ccc(Oc2cc(Oc3ccccc3)ncn2)cc1,scf_796c413384306ce5442f,False,,scf_796c413384306ce5442f
par_8c282a6f6d74b3ff26d3,c1ccc(-c2ccccc2)cc1,scf_27dacb226b18e24b40e3,False,,scf_27dacb226b18e24b40e3
par_8c294c5f4ff4a578c520,,,True,acy_0c2bf6a84b3a33f3ad9d,acy_0c2bf6a84b3a33f3ad9d
par_8c2da09dc9bb855814ed,O=C1OC2(c3ccccc3Oc3ccccc32)c2ccccc21,scf_c14809c4399a897b6e91,False,,scf_c14809c4399a897b6e91
par_8c2e3ed84f9272bb9c74,C1CCCC1,scf_8c2e3ed84f9272bb9c74,False,,scf_8c2e3ed84f9272bb9c74
par_8c2ec89b5a347bda8888,c1ccncc1,scf_75c7a4b0b41e43900bfb,False,,scf_75c7a4b0b41e43900bfb
par_8c3055ab9dc2127c5637,c1ccccc1,scf_13cad05ca8f49c509e5b,False,,scf_13cad05ca8f49c509e5b
par_8c339cc8b7716e903af0,C1CCCCCCCCCCC1,scf_900e202744875aec7c6a,False,,scf_900e202744875aec7c6a
par_8c3aef833c3809d26bab,O=C(Nc1cccc2c1C(=O)/C(=N/Nc1cccc(Nc3ncnc(Nc4ccc5ccccc5c4)n3)c1)C=C2)c1ccccc1,scf_7bc89b0e2af5acedc558,False,,scf_7bc89b0e2af5acedc558
par_8c43993f29cf6b07e180,O=C1c2ccccc2-c2ccccc21,scf_3f65c19c6dfa436929c2,False,,scf_3f65c19c6dfa436929c2
par_8c47bb9598642034e4b5,O=C(Nc1ccc2[nH]c(=O)[nH]c2c1)C1=Cc2ccccc2/C(=N/Nc2ccccc2)C1=O,scf_f5a8f840e7825fb47026,False,,scf_f5a8f840e7825fb47026
par_8c55ff95a660f37cb05e,,,True,acy_a7b15cee97c0a2a03d2a,acy_a7b15cee97c0a2a03d2a
par_8c577f110ef357581449,,,True,acy_0bed19f2fc1ea76b691f,acy_0bed19f2fc1ea76b691f
par_8c5b6f8d56de5b1b593b,,,True,acy_5c64030ce20cefa37510,acy_5c64030ce20cefa37510
par_8c5c4e96d3fa1a1ed8ea,,,True,acy_7451447a09122f4b5039,acy_7451447a09122f4b5039
par_8c5f44ed4f444e9ade03,,,True,acy_809699c6344669e615fa,acy_809699c6344669e615fa
par_8c83c4091117bd95b76d,O=c1c2sccsc=2c(=O)c2ccccc12,scf_430d377d62a516853bce,False,,scf_430d377d62a516853bce
par_8c83d5531e3d3e66e5f0,C1CCCCC1,scf_a21c4f64dcc59dd2ede8,False,,scf_a21c4f64dcc59dd2ede8
par_8c8a9540e70a3c2bdf00,c1ccccc1,scf_13cad05ca8f49c509e5b,False,,scf_13cad05ca8f49c509e5b
par_8c925e08b26f9f6e872f,c1ccccc1,scf_13cad05ca8f49c509e5b,False,,scf_13cad05ca8f49c509e5b
par_8c92826ecd3cffc50a15,,,True,acy_af708ab14378010e7afc,acy_af708ab14378010e7afc
par_8c989074bc36c962545c,c1ccccc1,scf_13cad05ca8f49c509e5b,False,,scf_13cad05ca8f49c509e5b
par_8c9d0abe27fca6a32522,c1ccc2c(c1)ccc1cccnc12,scf_8c9d0abe27fca6a32522,False,,scf_8c9d0abe27fca6a32522
par_8ca654b25bb9aa34c43e,,,True,acy_279e4c345f9813087652,acy_279e4c345f9813087652
par_8cafa326067983679bb7,c1ccccc1,scf_13cad05ca8f49c509e5b,False,,scf_13cad05ca8f49c509e5b
par_8cba79346d5e1e929718,c1ccc2ccccc2c1,scf_a896d495b04a450b732a,False,,scf_a896d495b04a450b732a
par_8cc0fb0dfec46a0d8086,,,True,acy_4c5d86869a35125c53cc,acy_4c5d86869a35125c53cc
par_8cc576c9c8ace590b5ac,c1cc2c(cc1C1OCCO1)CCCC2,scf_12851bb348b80be059ae,False,,scf_12851bb348b80be059ae
par_8cc899cde80eea36ab31,c1ccc(N=Nc2cccc3ccccc23)cc1,scf_979c2f8290ce1c302e89,False,,scf_979c2f8290ce1c302e89
par_8cca28b571226f5f1a0f,c1ccccc1,scf_13cad05ca8f49c509e5b,False,,scf_13cad05ca8f49c509e5b
par_8cd3a82bce304b81e0fe,c1ccccc1,scf_13cad05ca8f49c509e5b,False,,scf_13cad05ca8f49c509e5b
par_8cdfcd7b604185b8463f,O=C1C=CC(=O)C=C1,scf_8cdfcd7b604185b8463f,False,,scf_8cdfcd7b604185b8463f
par_8ce680451e9403ad44e8,,,True,acy_650885a622cd1da9ebed,acy_650885a622cd1da9ebed
par_8ce86a6ae65d3692e730,,,True,acy_e3b65d08624e7b966329,acy_e3b65d08624e7b966329
par_8cfc87ef0888c4a777d8,,,True,acy_41b240397ce8bfd62dff,acy_41b240397ce8bfd62dff
par_8d05c407e75e9185b277,c1ccccc1,scf_13cad05ca8f49c509e5b,False,,scf_13cad05ca8f49c509e5b
par_8d0dd66d45f8018869b4,,,True,acy_74ba75132230025e27e6,acy_74ba75132230025e27e6
par_8d1cf96da60f67c79e60,c1ccccc1,scf_13cad05ca8f49c509e5b,False,,scf_13cad05ca8f49c509e5b
par_8d225e211590192c75ba,,,True,acy_b662a6ab0fbb9ea5d79b,acy_b662a6ab0fbb9ea5d79b
par_8d25823d45428c42695c,,,True,acy_58da732793c0f5127672,acy_58da732793c0f5127672
par_8d36990a4cdfa4fd4c22,S=c1[nH]nc(NCNc2n[nH]c(=S)s2)s1,scf_8d36990a4cdfa4fd4c22,False,,scf_8d36990a4cdfa4fd4c22
par_8d40541e449c79a16798,,,True,acy_3e0ea233cde1b6a6b050,acy_3e0ea233cde1b6a6b050
par_8d51fe0cf5f5606206ad,,,True,acy_b37ecc9683db04478a1c,acy_b37ecc9683db04478a1c
par_8d5ae378e0e671c4f9cf,c1ccccc1,scf_13cad05ca8f49c509e5b,False,,scf_13cad05ca8f49c509e5b
par_8d6a094cad14e640ba24,O=C(NNC(=O)c1ccccc1)c1ccccc1,scf_284d7a472f11ddb287f2,False,,scf_284d7a472f11ddb287f2
par_8d6f769855397ac03a6e,O=C1C=CC(=NNc2ccc(N=Nc3ccccc3)cc2)C=C1,scf_7ec863003f756b381ad7,False,,scf_7ec863003f756b381ad7
par_8d7210d44aff706279db,c1ncncn1,scf_89055dbbabf38236f98e,False,,scf_89055dbbabf38236f98e
par_8d7254738458d0d1ef8e,C1CC[C@@H](OC2CCCO2)OC1,scf_5d119e1f705c15ee2589,False,,scf_5d119e1f705c15ee2589
par_8d7c6b8dc1aa5f35f2b6,O=C(OCc1cccc(Oc2ccccc2)c1)C1CC1,scf_dd5d192b016bdf3547cd,False,,scf_dd5d192b016bdf3547cd
par_8d80c552f89d586ec973,,,True,acy_9741abb83c0dd809bd08,acy_9741abb83c0dd809bd08
par_8d90ea19ad50e57bb3c5,c1ccc(-c2cncnc2)cc1,scf_4a05248195365b38ff12,False,,scf_4a05248195365b38ff12
par_8d98f8f5ba7c85343118,c1ccccc1,scf_13cad05ca8f49c509e5b,False,,scf_13cad05ca8f49c509e5b
par_8da149e5a6a762876e4a,,,True,acy_1e74a7a6d5194f4f202f,acy_1e74a7a6d5194f4f202f
par_8da1e65c62277f6ef1e7,O=c1[nH]c(=O)[nH]c(=O)[nH]1,scf_8da1e65c62277f6ef1e7,False,,scf_8da1e65c62277f6ef1e7
par_8da2f002f5dd5cd3189a,,,True,acy_76ab63ca1e0de4fda1b1,acy_76ab63ca1e0de4fda1b1
par_8da6425bf321a8a25103,c1ccc2[o+]c3ccccc3nc2c1,scf_30d27c3c9ab7562db14b,False,,scf_30d27c3c9ab7562db14b
par_8db1f1e53dc493bf1a32,C1COCOC1,scf_c7850d2c75461ef1f7f6,False,,scf_c7850d2c75461ef1f7f6
par_8dba3f8f50d588276ec8,,,True,acy_ab0a55db1fd757d87ff9,acy_ab0a55db1fd757d87ff9
par_8dbce83dd566935f9221,c1ccc(-c2ccnn2-c2ccccc2)cc1,scf_b1b3257e32e930f381a3,False,,scf_b1b3257e32e930f381a3
par_8dc3c62e63dff04baa78,c1ccccc1,scf_13cad05ca8f49c509e5b,False,,scf_13cad05ca8f49c509e5b
par_8dc5913801585f567f77,,,True,acy_dbdae54709b60499859f,acy_dbdae54709b60499859f
par_8dd92f3cb36b9bc6de46,,,True,acy_a5c0abf52f9ca2bbef65,acy_a5c0abf52f9ca2bbef65
par_8de0b3c47f112c59745f,,,True,acy_64b1d98b8b39419383c3,acy_64b1d98b8b39419383c3
par_8de17cb177811e577254,,,True,acy_eeddbd339f08ab3a55d8,acy_eeddbd339f08ab3a55d8
par_8dea5f6b159b20da19e3,O=C1/C(=N\Nc2ccc(N=Nc3ccccc3)cc2)C=Cc2ccc(N=Nc3ccc(N=Nc4ccccc4)cc3)cc21,scf_607c151b596e62d79aa0,False,,scf_607c151b596e62d79aa0
par_8decb4ecd7f11859f828,C1CC2CCC1C2,scf_8decb4ecd7f11859f828,False,,scf_8decb4ecd7f11859f828
par_8e1535f96e1a35eb3b2f,,,True,acy_6df06ba4534b8b117fbb,acy_6df06ba4534b8b117fbb
par_8e19e308e759bd765cea,c1csc(CCN[C@H]2CCc3ccccc3C2)c1,scf_927cf62ef71322cf7951,False,,scf_927cf62ef71322cf7951
par_8e1aabd89d0a18bf1b8d,,,True,acy_4c7954ab401bed71a341,acy_4c7954ab401bed71a341
par_8e1b8c6749af53128d95,O=C(COc1[nH]ncc1C(=O)c1ccccc1)c1ccccc1,scf_12e28873240b1f7c2388,False,,scf_12e28873240b1f7c2388
par_8e1e188cd5093ca8feb1,,,True,acy_4a2d65ca052de616d5ca,acy_4a2d65ca052de616d5ca
par_8e2f524edad6afc4bfe2,c1ccccc1,scf_13cad05ca8f49c509e5b,False,,scf_13cad05ca8f49c509e5b
par_8e3be2611551834c8df7,c1ccccc1,scf_13cad05ca8f49c509e5b,False,,scf_13cad05ca8f49c509e5b
par_8e42ff62196ea8932290,,,True,acy_461f204c2f85aebd8a5d,acy_461f204c2f85aebd8a5d
par_8e5624bb782bb2acf2e3,c1ccccc1,scf_13cad05ca8f49c509e5b,False,,scf_13cad05ca8f49c509e5b
par_8e563c949118f5fb5245,c1ccc(Nc2ncncn2)cc1,scf_fede06289cf13ef3a8a2,False,,scf_fede06289cf13ef3a8a2
par_8e58943e0a19095fb6f4,,,True,acy_89b5124cf05ccdaeec8a,acy_89b5124cf05ccdaeec8a
par_8e5bbdd99f68099acac6,,,True,acy_e027d7d126a1aa2e37c7,acy_e027d7d126a1aa2e37c7
par_8e7965aa9b509d135652,,,True,acy_79806f0ec20f60a1af21,acy_79806f0ec20f60a1af21
par_8e89cdd74cf186c34a72,,,True,acy_104ec98ffcd87f8493e8,acy_104ec98ffcd87f8493e8
par_8e8e8d57709c01cec5e8,,,True,acy_8162a2873049de7d6a33,acy_8162a2873049de7d6a33
par_8e9167da7446e92ffb75,O=C(OCc1cccc(Oc2ccccc2)c1)C1CC1,scf_dd5d192b016bdf3547cd,False,,scf_dd5d192b016bdf3547cd
par_8e933091934257889b3c,c1ccccc1,scf_13cad05ca8f49c509e5b,False,,scf_13cad05ca8f49c509e5b
par_8e9bf958a41769e24749,c1ccoc1,scf_39d2b6272e06abeff644,False,,scf_39d2b6272e06abeff644
par_8ea1b38a92a09993f423,c1ccc2c(c1)CCC2,scf_67b8126d52a60ce881a5,False,,scf_67b8126d52a60ce881a5
par_8eabf277986fc69058c6,,,True,acy_2bafe8d22f4ce2c8bd87,acy_2bafe8d22f4ce2c8bd87
par_8eb276ceb9ae39062c6e,c1ccc2cnncc2c1,scf_8eb276ceb9ae39062c6e,False,,scf_8eb276ceb9ae39062c6e
par_8eb96aa3b1056707047b,c1ccc2c(c1)CC[C@H]1CCCCC21,scf_60c751778c2e8f0977a2,False,,scf_60c751778c2e8f0977a2
par_8ec6a687fad07bd5ba80,c1ccccc1,scf_13cad05ca8f49c509e5b,False,,scf_13cad05ca8f49c509e5b
par_8ecbdba6b5b7d65f2f2b,,,True,acy_2fac336df7d063a49e3b,acy_2fac336df7d063a49e3b
par_8ed273bc29ab9225816b,c1ccc(CCc2ccccc2)cc1,scf_8a8babb228839613c0c5,False,,scf_8a8babb228839613c0c5
par_8eda4114f8f4580172f1,,,True,acy_1910708350c6c83fe895,acy_1910708350c6c83fe895
par_8ee41906a5ec21f4e19c,c1ccccc1,scf_13cad05ca8f49c509e5b,False,,scf_13cad05ca8f49c509e5b
par_8eef0f14809835c3fabc,c1ccc(-c2c3ccccc3[o+]c3ccccc23)cc1,scf_8726174983f905ad4336,False,,scf_8726174983f905ad4336
par_8eef780ea37f60994f22,C1NCN2CNCN1C2,scf_915856eb3a27078bf91e,False,,scf_915856eb3a27078bf91e
par_8f00032bb8d4381d887e,,,True,acy_5ccd6cb836a22fe34d44,acy_5ccd6cb836a22fe34d44
par_8f08167fc6300bb89feb,c1ccccc1,scf_13cad05ca8f49c509e5b,False,,scf_13cad05ca8f49c509e5b
par_8f0f21274557d0c84539,,,True,acy_770187ee129bd1395438,acy_770187ee129bd1395438
par_8f1a5d9b9abed3dcde61,,,True,acy_a57fa38d35be21261188,acy_a57fa38d35be21261188
par_8f276e0250846fa41123,,,True,acy_d6045ddf109a5c5f83f4,acy_d6045ddf109a5c5f83f4
par_8f27f9506a29676fa290,,,True,acy_a5e46380ed35c3b5e10c,acy_a5e46380ed35c3b5e10c
par_8f2d1ee68a8f7c851bf7,,,True,acy_f3e35b6510489197e52a,acy_f3e35b6510489197e52a
par_8f3b60d602e1ce9f5a8b,,,True,acy_d4d4d2bd2ac29871f880,acy_d4d4d2bd2ac29871f880
par_8f4c6c75256be3638df6,c1ccccc1,scf_13cad05ca8f49c509e5b,False,,scf_13cad05ca8f49c509e5b
par_8f54a2d1a283c02af974,C1CNCCN1,scf_dcbee0ce71a0a74f5873,False,,scf_dcbee0ce71a0a74f5873
par_8f763abe0af737371677,,,True,acy_86c763efc097ce70f89e,acy_86c763efc097ce70f89e
par_8f7aa98edaf3e89792fa,,,True,acy_3795ceef2649d199e00d,acy_3795ceef2649d199e00d
par_8f7e831950f6067ded5a,,,True,acy_b53ef0ffa84cee5805f4,acy_b53ef0ffa84cee5805f4
par_8f841192031dae20c4f1,O=c1cc(-c2ccccc2)oc2ccccc12,scf_bf0b7f58151c67183604,False,,scf_bf0b7f58151c67183604
par_8f88caadb955e1ff4fb5,c1ccc(CCN2CCC(Cc3ccccc3)CC2)cc1,scf_5a104ea451d54b0eacb6,False,,scf_5a104ea451d54b0eacb6
par_8f98d74b33624bf48e34,c1ccccc1,scf_13cad05ca8f49c509e5b,False,,scf_13cad05ca8f49c509e5b
par_8faa6862e14f22ad2ccf,,,True,acy_855059b8136946d11f0e,acy_855059b8136946d11f0e
par_8fbf0cfb4a43675630f7,,,True,acy_6425a6926c287a1bc669,acy_6425a6926c287a1bc669
par_8fc011cb6899ade5c7fb,O=C1CN=C(c2ccccn2)N1,scf_a5c85e2510f93e9d1644,False,,scf_a5c85e2510f93e9d1644
par_8fceb209296371ecc654,,,True,acy_45fcbfddf5d1ff154a21,acy_45fcbfddf5d1ff154a21
par_8fd2cfa75669e42f055f,,,True,acy_3e7d00a9816699fc7e2d,acy_3e7d00a9816699fc7e2d
par_8fd5ae884616dce609bd,,,True,acy_02d3c252cb9b05c81215,acy_02d3c252cb9b05c81215
par_8ff4ca2119b8fae44066,C(CNc1nc(NC2CCNCC2)nc(NC2CCNCC2)n1)CN(CCN(CCCNc1nc(NC2CCNCC2)nc(NC2CCNCC2)n1)c1nc(NC2CCNCC2)nc(NC2CCNCC2)n1)c1nc(NC2CCNCC2)nc(NC2CCNCC2)n1,scf_36866b0536d10196d833,False,,scf_36866b0536d10196d833
par_8ff5834808e4e85b6a21,O=C1/C(=N/Nc2cccc(Nc3ccncn3)c2)C=Cc2ccc(N=Nc3ccccc3)cc21,scf_cba49f6090acc2c44112,False,,scf_cba49f6090acc2c44112
par_900961b259ed72bec9a0,c1ccc(-c2ccccc2)cc1,scf_27dacb226b18e24b40e3,False,,scf_27dacb226b18e24b40e3
par_900aa50519f86491ad9f,c1ccc(C2CCCCC2)cc1,scf_a1bbe04ccd19ad2d4e6b,False,,scf_a1bbe04ccd19ad2d4e6b
par_900e202744875aec7c6a,C1CCCCCCCCCCC1,scf_900e202744875aec7c6a,False,,scf_900e202744875aec7c6a
par_901670e642b40e2eb20f,C1=CC[NH+](Cc2ccccc2)C=C1,scf_ee0f78c15ed8cbdcd601,False,,scf_ee0f78c15ed8cbdcd601
par_902977b5d4ae22e88578,c1ccccc1,scf_13cad05ca8f49c509e5b,False,,scf_13cad05ca8f49c509e5b
par_9043788a32ce1c97b8cb,,,True,acy_1910708350c6c83fe895,acy_1910708350c6c83fe895
par_9043d9d662082a6bcbb6,,,True,acy_08a9089cdbb301795d70,acy_08a9089cdbb301795d70
par_9044ca3b159e8a1bb13e,,,True,acy_83c8c0cbf57e7e38fc46,acy_83c8c0cbf57e7e38fc46
par_904a7fb4e0dd31cc5c28,c1ccccc1,scf_13cad05ca8f49c509e5b,False,,scf_13cad05ca8f49c509e5b
par_904a9beff004a33869df,c1ccccc1,scf_13cad05ca8f49c509e5b,False,,scf_13cad05ca8f49c509e5b
par_907c5669df3591158dff,,,True,acy_b84891e289fc3b69dd46,acy_b84891e289fc3b69dd46
par_90879436de220b5329bf,,,True,acy_833d95d0c481e77d6300,acy_833d95d0c481e77d6300
par_9090178b8b87a0c5f89f,O=C1c2ccccc2C(=O)C1C(=O)C(c1ccccc1)c1ccccc1,scf_dee318892afbb6aa6dcd,False,,scf_dee318892afbb6aa6dcd
par_9099c8ecc08f97b2e6c1,c1ccc(-c2ccc[nH]2)cc1,scf_6ce0fb785703429fa433,False,,scf_6ce0fb785703429fa433
par_90a0902dcd5e7b7c9c89,C1CCCCC1,scf_a21c4f64dcc59dd2ede8,False,,scf_a21c4f64dcc59dd2ede8
par_90a56c0a90d75487b4cd,,,True,acy_dbdae54709b60499859f,acy_dbdae54709b60499859f
par_90a5cc14435eced938cb,,,True,acy_62a7804279f63d8f3012,acy_62a7804279f63d8f3012
par_90b2f8cb22ae68f859b1,,,True,acy_9820bf90d5696e37c7f3,acy_9820bf90d5696e37c7f3
par_90b4853e06e722c63b42,,,True,acy_29ee5938438f08275440,acy_29ee5938438f08275440
par_90b580cc034e55e9cb47,c1ccccc1,scf_13cad05ca8f49c509e5b,False,,scf_13cad05ca8f49c509e5b
par_90cff3b8fdaf991974e3,,,True,acy_9097ed4b8f49fe4b6544,acy_9097ed4b8f49fe4b6544
par_90d8db8563b8dacd1fd8,O=C(C1CCCCC1)N1CC(=O)N2CCc3ccccc3C2C1,scf_90d8db8563b8dacd1fd8,False,,scf_90d8db8563b8dacd1fd8
par_90db46f4e7f27b6d6684,c1ccccc1,scf_13cad05ca8f49c509e5b,False,,scf_13cad05ca8f49c509e5b
par_90ebfbf763ba5331d5b5,,,True,acy_4c01044c1d86aaae4805,acy_4c01044c1d86aaae4805
par_90ec2653dac4e3eaf486,O=c1ccc2ccccc2o1,scf_b66459934f5276fb66a7,False,,scf_b66459934f5276fb66a7
par_90f59b3644af1269478d,C1CCNCC1,scf_daa04a326d407f1003f7,False,,scf_daa04a326d407f1003f7
par_90fa1ab89e185ef0e412,,,True,acy_47625d229106dfcbc81c,acy_47625d229106dfcbc81c
par_911736764a881e55560e,,,True,acy_8ae7d968fb2adf7f5cc4,acy_8ae7d968fb2adf7f5cc4
par_913cbccb200cc2ff6b83,O=c1ccn(C2CC2)c2cc(N3CCCC3)ccc12,scf_a7d897641ce8aaee21e2,False,,scf_a7d897641ce8aaee21e2
par_9176053c0500afac6806,c1ccccc1,scf_13cad05ca8f49c509e5b,False,,scf_13cad05ca8f49c509e5b
par_91797df62408b5f5203a,c1ccccc1,scf_13cad05ca8f49c509e5b,False,,scf_13cad05ca8f49c509e5b
par_9180dc5e6cf35a69fb85,,,True,acy_e16402b097de380f2fb5,acy_e16402b097de380f2fb5
par_91909c065de5bc5d8a4e,,,True,acy_3f736bdd8e11e12acaec,acy_3f736bdd8e11e12acaec
par_9191fea452718f2f2330,,,True,acy_6425a6926c287a1bc669,acy_6425a6926c287a1bc669
par_9194e1ad6831ebe39bd4,,,True,acy_1294dfa78825ff4f2e6a,acy_1294dfa78825ff4f2e6a
par_9199455b2f5d05dc061e,O=C1c2ccccc2C(=O)c2ccccc21,scf_f0c6b09cfc7aa95a3893,False,,scf_f0c6b09cfc7aa95a3893
par_91a37429a094820bd110,c1ncncn1,scf_89055dbbabf38236f98e,False,,scf_89055dbbabf38236f98e
par_91ab6c3c3e6177fe5320,,,True,acy_3bd1ae811acb1961295f,acy_3bd1ae811acb1961295f
par_91aea2334835151df8a9,,,True,acy_9a17fc10cc4f05520186,acy_9a17fc10cc4f05520186
par_91f56b0d87bea8dce0cd,S=c1[nH][nH]c(=S)s1,scf_91f56b0d87bea8dce0cd,False,,scf_91f56b0d87bea8dce0cd
par_920896bdaea308d57d9d,c1ccccc1,scf_13cad05ca8f49c509e5b,False,,scf_13cad05ca8f49c509e5b
par_9210f2cfc0f4d4bf13fb,C1=CC2CCC1C2,scf_4803c0f3b9aad24aab1b,False,,scf_4803c0f3b9aad24aab1b
par_9217e631f8cf9b5ed506,c1ccc(-c2ncnn2-c2ccccc2)cc1,scf_9b530dab408f7aa61613,False,,scf_9b530dab408f7aa61613
par_921d2220372b143e8dee,,,True,acy_60ee40e9778323b7fb2f,acy_60ee40e9778323b7fb2f
par_921f0a77b2051d27b895,,,True,acy_305f2028a718b987686e,acy_305f2028a718b987686e
par_9230574cd40fe8894a70,,,True,acy_9d85ff69c349a8a519ef,acy_9d85ff69c349a8a519ef
par_923d3bc17348bab5d6c4,,,True,acy_eea38149f065c494db07,acy_eea38149f065c494db07
par_9240db5e6cafae538e10,c1cc[c]([SnH]([c]2ccccc2)[c]2ccccc2)cc1,scf_ab22ab55703fb1b49ad1,False,,scf_ab22ab55703fb1b49ad1
par_925c9da51194414d3abd,c1ccc(-c2cccnn2)cc1,scf_c77fa66a1f6164df5f69,False,,scf_c77fa66a1f6164df5f69
par_92623ccd36bc322bf260,C1CCOC1,scf_92623ccd36bc322bf260,False,,scf_92623ccd36bc322bf260
par_92631ac48d82641b7022,,,True,acy_014324b7400446a94ab8,acy_014324b7400446a94ab8
par_926ce497f4684fba2cb0,c1ccc(Nc2ccccc2)cc1,scf_66594b79d38dcf0e9b76,False,,scf_66594b79d38dcf0e9b76
par_927617f46f2fe0268c2b,C=C1CC2CCC1C2,scf_d8273ede8b27353622ad,False,,scf_d8273ede8b27353622ad
par_927795ebe6169f7b1a86,,,True,acy_f2097066b862c21a1d5a,acy_f2097066b862c21a1d5a
par_927c25914e9be10d1098,,,True,acy_450bfbbc526e4f5e9ace,acy_450bfbbc526e4f5e9ace
par_9283ecdd3eb9aad17cfa,O=C(CNc1ccccc1)OCc1cccc(Oc2ccccc2)c1,scf_4520b7f599181c271aab,False,,scf_4520b7f599181c271aab
par_92882e6f628428b0595d,c1ccc2cc(N=Nc3ccc(Nc4ncncn4)cc3)ccc2c1,scf_3b30972b0ca9cb09aa75,False,,scf_3b30972b0ca9cb09aa75
par_92887686b9fcd5d7b4ff,,,True,acy_17874da922f5d6c29d69,acy_17874da922f5d6c29d69
par_928b59c2a28e6a58de5a,c1ccc2cnccc2c1,scf_928b59c2a28e6a58de5a,False,,scf_928b59c2a28e6a58de5a
par_92908f16380fb1ce1a11,C1CO1,scf_59b1a7b29b6a5f8bc1b8,False,,scf_59b1a7b29b6a5f8bc1b8
par_92a25739aebde477cedb,,,True,acy_f4512bff978fcbe6a2d9,acy_f4512bff978fcbe6a2d9
par_92b43966c7f0af5fee37,O=C1C=CC(=O)N1c1ccc(Cc2ccc(N3C(=O)C=CC3=O)cc2)cc1,scf_92b43966c7f0af5fee37,False,,scf_92b43966c7f0af5fee37
par_92c47ddb5bde9e7b5347,,,True,acy_c0c5fa814e67025d11bf,acy_c0c5fa814e67025d11bf
par_92cbfa4bd7665d6f4dcc,c1ccccc1,scf_13cad05ca8f49c509e5b,False,,scf_13cad05ca8f49c509e5b
par_92d8e68401b6cd4198e2,c1ccc2sc(SNSc3nc4ccccc4s3)nc2c1,scf_f033a5e8702c69bd73a2,False,,scf_f033a5e8702c69bd73a2
par_92dc16f6d4ffea7559a8,,,True,acy_7e57c0ef5674348fc826,acy_7e57c0ef5674348fc826
par_92e3a012ab0e2254b0d0,O=C1CC/C=C\CCCCCCCCCC1,scf_92e3a012ab0e2254b0d0,False,,scf_92e3a012ab0e2254b0d0
par_92f218c8f43b20147cc3,,,True,acy_41b240397ce8bfd62dff,acy_41b240397ce8bfd62dff
par_930195661774a7168d61,O=c1ccn(-c2ccccc2)c2cc(N3CCNCC3)ccc12,scf_6f30c7ed6de3be1efdc2,False,,scf_6f30c7ed6de3be1efdc2
par_9303fbf4422cb921245d,,,True,acy_f5dffe2eb1d1766062a8,acy_f5dffe2eb1d1766062a8
par_931d3943adca0677b6d4,O=C(c1ccccc1)c1ccccc1,scf_113660f6820aa1505046,False,,scf_113660f6820aa1505046
par_9321aa0f7d0c5916c06a,,,True,acy_22995b758cdc80ea5854,acy_22995b758cdc80ea5854
par_934a2689b58e27c87fc2,c1ccccc1,scf_13cad05ca8f49c509e5b,False,,scf_13cad05ca8f49c509e5b
par_9358a0e681880f2dca3d,,,True,acy_2ef1b073477cadcebe04,acy_2ef1b073477cadcebe04
par_9392134eaa5c278403d8,c1ccc(-n2cncn2)cc1,scf_55c9dd900afee4d3b6d1,False,,scf_55c9dd900afee4d3b6d1
par_939816499a9a3a6afee0,,,True,acy_eaa7b4cfb4de1619dc03,acy_eaa7b4cfb4de1619dc03
par_93a47c8aec3287dca7a4,O=C1C=Cc2ccccc2/C1=N\Nc1cccc2ccccc12,scf_ec53cb62ecd4b68f4ceb,False,,scf_ec53cb62ecd4b68f4ceb
par_93a927ebde72a3865192,c1ccccc1,scf_13cad05ca8f49c509e5b,False,,scf_13cad05ca8f49c509e5b
par_93b679f061c292ee06f0,,,True,acy_4d5019fe9e8eb0082722,acy_4d5019fe9e8eb0082722
par_93dc8f96ea7de5ee9557,c1ccccc1,scf_13cad05ca8f49c509e5b,False,,scf_13cad05ca8f49c509e5b
par_93f84b6caf2664e8b1fe,,,True,acy_478b89f8f913a0ce718c,acy_478b89f8f913a0ce718c
par_94028d0820b0c944d9b7,c1ccccc1,scf_13cad05ca8f49c509e5b,False,,scf_13cad05ca8f49c509e5b
par_941b90516c4f66f76492,,,True,acy_666b5217eb9b584788fc,acy_666b5217eb9b584788fc
par_941e218970f5b0c1c956,,,True,acy_22ff57b6927ca9e7cbe7,acy_22ff57b6927ca9e7cbe7
par_9427b2212987212f75fa,c1ccccc1,scf_13cad05ca8f49c509e5b,False,,scf_13cad05ca8f49c509e5b
par_942c31c17859cf0aa184,,,True,acy_49204ec69041de60f892,acy_49204ec69041de60f892
par_942c3cd8d0cc935e3cae,,,True,acy_f7e930e0e9e0ae6cfc7d,acy_f7e930e0e9e0ae6cfc7d
par_9431dc748b893fe4f0b1,,,True,acy_cfa1ad5d537a2d573e0d,acy_cfa1ad5d537a2d573e0d
par_9449472fdaeb3930dbba,C1C[C@H]2C[C@@H](C1)C2,scf_15fcf944b6aeed47c518,False,,scf_15fcf944b6aeed47c518
par_94531f3b6140bfe60239,C1COCOC1,scf_c7850d2c75461ef1f7f6,False,,scf_c7850d2c75461ef1f7f6
par_94780686554af150f1cc,C1CCCCC1,scf_a21c4f64dcc59dd2ede8,False,,scf_a21c4f64dcc59dd2ede8
par_9479a13449a2f324d9c0,c1ccc2c(C[C@H]3CC4CCN3CC4)ccnc2c1,scf_5f0998da8dd29f5f65fd,False,,scf_5f0998da8dd29f5f65fd
par_9489ab91e02f8d8c07c7,c1ccc(Cc2ccccc2)cc1,scf_05784e2ddd36e41751a8,False,,scf_05784e2ddd36e41751a8
par_948bf4b350cbd766fa18,,,True,acy_8f529e8ebad797ad8f06,acy_8f529e8ebad797ad8f06
par_94938759db3b69c4b453,,,True,acy_b232a5d7551818778e4b,acy_b232a5d7551818778e4b
par_9494d5039ccc8ad2ac81,c1ccccc1,scf_13cad05ca8f49c509e5b,False,,scf_13cad05ca8f49c509e5b
par_949c115b76bd23d0e0d3,,,True,acy_d08e9e12a643b119434b,acy_d08e9e12a643b119434b
par_94a1b2700d663f3af7e6,C1CC2C3CCC(C3)C2C1,scf_9a420f6df288969a3ffc,False,,scf_9a420f6df288969a3ffc
par_94ade375bfc9393d6e3a,c1ccccc1,scf_13cad05ca8f49c509e5b,False,,scf_13cad05ca8f49c509e5b
par_94b61c497f902a5b2011,,,True,acy_687642295ed0b9077c08,acy_687642295ed0b9077c08
par_94c325e9337d4947b073,,,True,acy_5ccd6cb836a22fe34d44,acy_5ccd6cb836a22fe34d44
par_94cd4b3b82b3ec643ed2,c1ccccc1,scf_13cad05ca8f49c509e5b,False,,scf_13cad05ca8f49c509e5b
par_94cdf1c2d5d84912da30,,,True,acy_093c294fe37f5d621854,acy_093c294fe37f5d621854
par_94d3cd3ba732a2c7b1ec,c1ccccc1,scf_13cad05ca8f49c509e5b,False,,scf_13cad05ca8f49c509e5b
par_94d405dd20853630aa0f,c1ccccc1,scf_13cad05ca8f49c509e5b,False,,scf_13cad05ca8f49c509e5b
par_94d8944e047d3710f513,c1ccccc1,scf_13cad05ca8f49c509e5b,False,,scf_13cad05ca8f49c509e5b
par_94e9a06e337535d6527e,,,True,acy_e147e5b888950ad60c1c,acy_e147e5b888950ad60c1c
par_94f3fcbe41fec9f7aeaa,c1ccccc1,scf_13cad05ca8f49c509e5b,False,,scf_13cad05ca8f49c509e5b
par_94ff09e79f29488278b6,,,True,acy_01ef74aca8d2fb1e0de0,acy_01ef74aca8d2fb1e0de0
par_953384b9f3612055ec21,c1ccc2ccccc2c1,scf_a896d495b04a450b732a,False,,scf_a896d495b04a450b732a
par_9543426308ee37054196,,,True,acy_bb100319e160eb4e28e8,acy_bb100319e160eb4e28e8
par_955d12a09b877e9a85f3,c1ccc(CNC2CCCC2)cc1,scf_86480df9ff0cf2f954fa,False,,scf_86480df9ff0cf2f954fa
par_956eeab6a8376f86e40f,C1CCNCC1,scf_daa04a326d407f1003f7,False,,scf_daa04a326d407f1003f7
par_95855ea91f50b29124d4,,,True,acy_465d7c426c437bb17370,acy_465d7c426c437bb17370
par_958970c9d3a7710ecd19,c1ccccc1,scf_13cad05ca8f49c509e5b,False,,scf_13cad05ca8f49c509e5b
par_9594d6554481ae705e34,c1ccc(C(Cn2cncn2)Cn2cncn2)cc1,scf_36169d0011c0e3c94b1b,False,,scf_36169d0011c0e3c94b1b
par_95b4d8d6414950b449d3,c1nc[nH]n1,scf_32ca2262b0d7bc622317,False,,scf_32ca2262b0d7bc622317
par_95bdfc6f1c4647b8e3db,c1ccccc1,scf_13cad05ca8f49c509e5b,False,,scf_13cad05ca8f49c509e5b
par_95be970f9f4f348331fd,,,True,acy_709ef2c2f61672a1adfb,acy_709ef2c2f61672a1adfb
par_95e4ec687843a955deab,c1ccccc1,scf_13cad05ca8f49c509e5b,False,,scf_13cad05ca8f49c509e5b
par_95ed286e3c23af513145,,,True,acy_8e90181a5e340fc2946d,acy_8e90181a5e340fc2946d
par_95fae3fbf31cf8bdcb3c,c1ccccc1,scf_13cad05ca8f49c509e5b,False,,scf_13cad05ca8f49c509e5b
par_96018e7699b8040d6d04,c1ccc(CCn2cncn2)cc1,scf_ebc726e7f6b50dd016b3,False,,scf_ebc726e7f6b50dd016b3
par_9607cfa138e2d30f7a9c,,,True,acy_1e632254deceb12dd24a,acy_1e632254deceb12dd24a
par_96122281b681b0aa35e4,c1ccccc1,scf_13cad05ca8f49c509e5b,False,,scf_13cad05ca8f49c509e5b
par_9617c537293bce7d9a3a,,,True,acy_bb307ae71bfb3ba11d32,acy_bb307ae71bfb3ba11d32
par_9618148b508d170c49c6,O=c1[n-]c(=O)[nH]c(=O)[nH]1,scf_0fa6080ae29568858789,False,,scf_0fa6080ae29568858789
par_96226ba065521a24fc6f,c1ccoc1,scf_39d2b6272e06abeff644,False,,scf_39d2b6272e06abeff644
par_9625ea2a010da1aa1add,,,True,acy_4097eeb3f5c7c483dba7,acy_4097eeb3f5c7c483dba7
par_9631da080feee61017b9,C1CCCCC1,scf_a21c4f64dcc59dd2ede8,False,,scf_a21c4f64dcc59dd2ede8
par_9639edc6458d69de8005,,,True,acy_8cb540f18648e94506e7,acy_8cb540f18648e94506e7
par_9642ba6d779db776ffb4,c1ccccc1,scf_13cad05ca8f49c509e5b,False,,scf_13cad05ca8f49c509e5b
par_9651c75eb99afb753672,,,True,acy_fc833b673b90eed0b77f,acy_fc833b673b90eed0b77f
par_9661f4a58960309d37d2,O=c1c(-c2ccccc2)coc2ccccc12,scf_fc820c9a96f9ea22248c,False,,scf_fc820c9a96f9ea22248c
par_966342000f490a143fee,c1cn[nH]c1,scf_bf3a6e744c00a4f42e2b,False,,scf_bf3a6e744c00a4f42e2b
par_9689141f406dc940f946,,,True,acy_ff67d09cd66dee302821,acy_ff67d09cd66dee302821
par_969375e358cd3ee6f58f,C1=CC2[C@@H](O1)O[C@H]1C[C@@H]2C2O[C@@]21C1C[C@@H]2OCC3CCC[C@@]4(COC[C@@H]14)[C@H]32,scf_d4ca9b52a1468d2ca56a,False,,scf_d4ca9b52a1468d2ca56a
par_9694a6ba4a634107f9bb,,,True,acy_9a28c9611455e86c31f4,acy_9a28c9611455e86c31f4
par_96960a6a642d233e37c1,S=[PH](Oc1ccccc1)c1ccccc1,scf_a23dc80aeefca64d7b33,False,,scf_a23dc80aeefca64d7b33
par_96a9909f28cb370cf864,c1ccc2ccccc2c1,scf_a896d495b04a450b732a,False,,scf_a896d495b04a450b732a
par_96bb202bd6b8d15048e6,c1ccc(-c2ccccc2)cc1,scf_27dacb226b18e24b40e3,False,,scf_27dacb226b18e24b40e3
par_96d131278b5f5cb48b84,c1ccc2[nH+]cccc2c1,scf_ca2ca981be5e4ba23418,False,,scf_ca2ca981be5e4ba23418
par_96e0e342ed3563f4a9af,C=C1NC(=O)CCCNC(=O)C[C@H](/C=C/C=C/CCCc2ccccc2)NC(=O)CNC(=O)CCNC(=O)CNC(=O)CNC1=O,scf_d6705e3d7229fbfa3e6a,False,,scf_d6705e3d7229fbfa3e6a
par_96e48e9683c55e720e98,c1ccc2ccccc2c1,scf_a896d495b04a450b732a,False,,scf_a896d495b04a450b732a
par_96e642be5d8bac7ce643,c1ccccc1,scf_13cad05ca8f49c509e5b,False,,scf_13cad05ca8f49c509e5b
par_96e674b9de9f73bbfd21,C=C1C(=O)C[C@@H]2C[C@@H]3Cc4ccccc4C=C3C(=O)C2C1=O,scf_cf99ca29728714ba5236,False,,scf_cf99ca29728714ba5236
par_96eb0cfc7852ca1604f0,O=C(Nc1ccccc1)c1ccccc1,scf_46dbe06a66c3ecbfaeeb,False,,scf_46dbe06a66c3ecbfaeeb
par_970ba7ea53b73a88dbce,c1cn[nH]c1,scf_bf3a6e744c00a4f42e2b,False,,scf_bf3a6e744c00a4f42e2b
par_972ab398d921916a2a98,,,True,acy_f190fb0b14d1b4db2213,acy_f190fb0b14d1b4db2213
par_9735517c8034e765f402,c1ccccc1,scf_13cad05ca8f49c509e5b,False,,scf_13cad05ca8f49c509e5b
par_9737cd3a9befe09c0ca6,,,True,acy_d1665ad5979b8e711fe2,acy_d1665ad5979b8e711fe2
par_973a118e84370d187aa3,c1ccncc1,scf_75c7a4b0b41e43900bfb,False,,scf_75c7a4b0b41e43900bfb
par_973e194831a069aafdee,,,True,acy_896387537df68752402e,acy_896387537df68752402e
par_973f7157288bfbb2aaf9,c1ccccc1,scf_13cad05ca8f49c509e5b,False,,scf_13cad05ca8f49c509e5b
par_974fe51536aaf5826ea1,c1ccccc1,scf_13cad05ca8f49c509e5b,False,,scf_13cad05ca8f49c509e5b
par_9750ae63c7304fa29eac,c1ccc2snnc2c1,scf_27e1e2facef11cf1d405,False,,scf_27e1e2facef11cf1d405
par_97642cc7ae2faff0deb2,,,True,acy_148a3e833acb74479ad6,acy_148a3e833acb74479ad6
par_9765830287c21f365f6e,c1ccccc1,scf_13cad05ca8f49c509e5b,False,,scf_13cad05ca8f49c509e5b
par_9767005ac1b8c1f8a1b6,,,True,acy_7d9c90b9041e2a1e941a,acy_7d9c90b9041e2a1e941a
par_9773c8d6fba2917d8cd4,,,True,acy_a4b3a2823e2d4abd41c0,acy_a4b3a2823e2d4abd41c0
par_9777cc86ffbb1e397f2d,c1ccc(Oc2ccccc2)cc1,scf_9affd80d02f471acfe8b,False,,scf_9affd80d02f471acfe8b
par_977e8c7fa2b02119726d,,,True,acy_af6115aae817761ebe50,acy_af6115aae817761ebe50
par_978bd09cc7c62da02b7f,,,True,acy_b64869fe967b57d4c022,acy_b64869fe967b57d4c022
par_97ae3ce6d66722fd4396,c1cnc2c(c1)ccc1cccnc12,scf_0de407e41eb32f1ef360,False,,scf_0de407e41eb32f1ef360
par_97b3f02fe25eeeb1d91d,c1ccc(-c2ccccc2)cc1,scf_27dacb226b18e24b40e3,False,,scf_27dacb226b18e24b40e3
par_97c9e29115baa62fd12b,O=C(CNCCc1ccccc1)c1ccccc1,scf_a308d251e96e55db91ee,False,,scf_a308d251e96e55db91ee
par_97cf5d4923ec92aa6ef5,O=c1c(=N[N-]c2ccccc2)ccc(=NNc2ccccc2)c1=O,scf_b00b63fb5746fac83809,False,,scf_b00b63fb5746fac83809
par_97d40a22137223e896c5,,,True,acy_8f2186e7c3076c512415,acy_8f2186e7c3076c512415
par_97dac650b8172aa3a9b8,,,True,acy_1a76bba637034a973ece,acy_1a76bba637034a973ece
par_97df6aa4b28db806fa51,,,True,acy_a704a5690f06ac5028ca,acy_a704a5690f06ac5028ca
par_97e710858eb7cd133768,O=C(N[C@@H]1C(=O)N2CCS[C@H]12)c1conc1-c1ccccc1,scf_22646411f92553f8e944,False,,scf_22646411f92553f8e944
par_97ecf10213ae300a427e,c1ccccc1,scf_13cad05ca8f49c509e5b,False,,scf_13cad05ca8f49c509e5b
par_97f13f5f1e99e534963f,,,True,acy_96f60ee6dcefd5f324ca,acy_96f60ee6dcefd5f324ca
par_97ff7cd2bef19819eb40,c1ccccc1,scf_13cad05ca8f49c509e5b,False,,scf_13cad05ca8f49c509e5b
par_981074d0d71d11e8ed8f,C1CC[CH]([Sn][CH]2CCCCC2)CC1,scf_d306109c1d5c9b6377f0,False,,scf_d306109c1d5c9b6377f0
par_981132ea3986b053f329,O=C1c2ccccc2C(=O)N1c1ccccc1,scf_f3a1c9ea7c6c50fd5101,False,,scf_f3a1c9ea7c6c50fd5101
par_98151f13c1b8826453fc,c1ccccc1,scf_13cad05ca8f49c509e5b,False,,scf_13cad05ca8f49c509e5b
par_98303aa5953454c688b8,,,True,acy_93e7c06eb4624decb18c,acy_93e7c06eb4624decb18c
par_983ddad78e5c901c29a7,O=C1C=CC2C(=C1)CC[C@@H]1C2CCC2CCC[C@H]21,scf_f8f7557f1555a95be908,False,,scf_f8f7557f1555a95be908
par_983f12ecf5b0c7b75ef0,c1ccccc1,scf_13cad05ca8f49c509e5b,False,,scf_13cad05ca8f49c509e5b
par_98499e9f7a0f0a99e2fe,,,True,acy_dc3c5eb921aa26eb7e07,acy_dc3c5eb921aa26eb7e07
par_9855045cf0b1e8322691,,,True,acy_14c7e0998d9589fd20a7,acy_14c7e0998d9589fd20a7
par_985605470d2d98132bd7,O=C1CC=NN1c1ccccc1,scf_bf2c5f7d5a13133f4758,False,,scf_bf2c5f7d5a13133f4758
par_985dca58f801305be9a6,c1ccc(-c2c3ccccc3[o+]c3ccccc23)cc1.c1ccc(-c2c3ccccc3[o+]c3ccccc23)cc1,scf_3db21d61b1f0dbeb6161,False,,scf_3db21d61b1f0dbeb6161
par_98603b0034304de782dc,c1ccc(Nc2ccccc2)cc1,scf_66594b79d38dcf0e9b76,False,,scf_66594b79d38dcf0e9b76
par_9861adf9ff8cea1fef75,c1ccc2c(c1)Oc1ccccc1[As]2O[As]1c2ccccc2Oc2ccccc21,scf_9861adf9ff8cea1fef75,False,,scf_9861adf9ff8cea1fef75
par_98627052f9795ce85ed5,c1ccccc1,scf_13cad05ca8f49c509e5b,False,,scf_13cad05ca8f49c509e5b
par_9878fa248c9fce3b8755,,,True,acy_a5d1b1d4caf5d77ab7ef,acy_a5d1b1d4caf5d77ab7ef
par_98831bee1a518db1c9f2,C1CCCCC1,scf_a21c4f64dcc59dd2ede8,False,,scf_a21c4f64dcc59dd2ede8
par_988812199f01a70202b2,,,True,acy_45c6217f9d3b3245d74c,acy_45c6217f9d3b3245d74c
par_988da01a2e7ae6dd23b6,C(CCOCC1CO1)COCC1CO1,scf_988da01a2e7ae6dd23b6,False,,scf_988da01a2e7ae6dd23b6
par_988f294e9b47647525fa,,,True,acy_63ed71db61abfd440dee,acy_63ed71db61abfd440dee
par_9891ad7c047e3f6ea64f,O=C1CCCC1CCC1CC=CCC1,scf_df746589240b9d9b1bb7,False,,scf_df746589240b9d9b1bb7
par_98afba486da202005833,c1ccc2ccccc2c1,scf_a896d495b04a450b732a,False,,scf_a896d495b04a450b732a
par_98b09270f321b4a78253,,,True,acy_f2097066b862c21a1d5a,acy_f2097066b862c21a1d5a
par_98b6b6e81f32d58e3acc,O=C1C=CCCC1,scf_9e258000d96cef27d5aa,False,,scf_9e258000d96cef27d5aa
par_98b781f10901c90a7d0b,O=S(=O)(Oc1ccc(N=Nc2cccc(Nc3ccccc3)c2)cc1)c1ccccc1,scf_d90968dc45d9357f872d,False,,scf_d90968dc45d9357f872d
par_98babf13e4f7d7fa4aaa,c1ccc(CCCc2ccncc2)cc1,scf_98babf13e4f7d7fa4aaa,False,,scf_98babf13e4f7d7fa4aaa
par_98be3a855f8beac04818,O=C1CCN(c2ccccc2)N1,scf_53a8199aaee4e126e651,False,,scf_53a8199aaee4e126e651
par_98bfb5eee720655584c2,c1ccccc1,scf_13cad05ca8f49c509e5b,False,,scf_13cad05ca8f49c509e5b
par_98c49948ce93d9f15f9d,O=C(Nc1ncccn1)NS(=O)(=O)c1ccn[nH]1,scf_13efb1522e0841eb6bf9,False,,scf_13efb1522e0841eb6bf9
par_98c726751cf340703771,,,True,acy_855059b8136946d11f0e,acy_855059b8136946d11f0e
par_98c90c7e65fad889a803,O=C1CCCO1,scf_b2a02ad4ea5295cb11e1,False,,scf_b2a02ad4ea5295cb11e1
par_98cf3a55ac0245bfb97a,O=C(CCC(=O)OC1CCCCC1)OC1CCCCC1,scf_21412bc0dd591bb0f3cb,False,,scf_21412bc0dd591bb0f3cb
par_98d10daa5d2b7fbbc0b2,c1ccccc1,scf_13cad05ca8f49c509e5b,False,,scf_13cad05ca8f49c509e5b
par_98e9fff2786d0e4e8620,,,True,acy_c46854afc6ffe5f249c2,acy_c46854afc6ffe5f249c2
par_98fb4631ce2279e9b51f,,,True,acy_99471c1af5262ff5a556,acy_99471c1af5262ff5a556
par_98fb69fe02daaafc53b8,c1ccccc1,scf_13cad05ca8f49c509e5b,False,,scf_13cad05ca8f49c509e5b
par_98fd06f0c57c1a66a5a6,,,True,acy_783e44322b0a4ba81f7e,acy_783e44322b0a4ba81f7e
par_9907a9a90f847c365e5f,,,True,acy_77a68a00f3bc4dee1932,acy_77a68a00f3bc4dee1932
par_99150469db101ba656e8,c1ccccc1,scf_13cad05ca8f49c509e5b,False,,scf_13cad05ca8f49c509e5b
par_992451a1a66d3007deef,,,True,acy_d1e95ee0450b739e8186,acy_d1e95ee0450b739e8186
par_993366bce4e17d09b9aa,c1ccc(Nc2ccccc2)cc1,scf_66594b79d38dcf0e9b76,False,,scf_66594b79d38dcf0e9b76
par_99381adeb065699818ad,c1ccccc1,scf_13cad05ca8f49c509e5b,False,,scf_13cad05ca8f49c509e5b
par_993f1c5dacfa5fc6f85f,c1ccc(SCCOCOCCSc2ccccc2)cc1,scf_af8f032d12fd52c0e577,False,,scf_af8f032d12fd52c0e577
par_995ca05d5ee73b1513a3,O=C1CCCC1,scf_25ef9bca067efdf83125,False,,scf_25ef9bca067efdf83125
par_9961ea2cbb115a7bba15,,,True,acy_8ba1359a905dabcd3f36,acy_8ba1359a905dabcd3f36
par_996f02c38d9c086e143c,,,True,acy_dd790dc4d7cf776dfde8,acy_dd790dc4d7cf776dfde8
par_997725d8a707f38e9345,C1=CCCCC1,scf_fe8528cff2dfdfccb743,False,,scf_fe8528cff2dfdfccb743
par_997a2aee9687aa7a7ce9,,,True,acy_0fe207cb60986b217575,acy_0fe207cb60986b217575
par_998165ba47ae8f274c65,,,True,acy_b37ecc9683db04478a1c,acy_b37ecc9683db04478a1c
par_998198f571e7173a55b1,,,True,acy_dcfed0e761e5ae900008,acy_dcfed0e761e5ae900008
par_999396720ebdd17b23b1,O=C(Nc1ncccn1)NS(=O)(=O)c1ccccc1,scf_2ecd78b700d5afe2adcd,False,,scf_2ecd78b700d5afe2adcd
par_99a8ff4f86c1571852e9,,,True,acy_9820bf90d5696e37c7f3,acy_9820bf90d5696e37c7f3
par_99b0bf76927ef6cd2d98,O=C(CN=Nc1ccc(-c2ccc(N=NCC(=O)Nc3ccccc3)cc2)cc1)Nc1ccccc1,scf_aca016b018f77b44e647,False,,scf_aca016b018f77b44e647
par_99ceb5d3931572670173,O=C1OC(=O)c2cc(S(=O)(=O)c3ccc4c(c3)C(=O)OC4=O)ccc21,scf_99ceb5d3931572670173,False,,scf_99ceb5d3931572670173
par_99d1e8d1342e39eef94d,c1ccccc1,scf_13cad05ca8f49c509e5b,False,,scf_13cad05ca8f49c509e5b
par_99dcc85bc72216d21ba9,c1ccccc1,scf_13cad05ca8f49c509e5b,False,,scf_13cad05ca8f49c509e5b
par_99e1c9c0ec4c7bdb7375,c1ccc(N2CCCCC2)cc1,scf_09aa934f8c06f0ba2fdc,False,,scf_09aa934f8c06f0ba2fdc
par_99f2d45059f24332ea7f,O=P(Oc1ccccc1)(Oc1ccccc1)Oc1ccccc1,scf_b6533a219393f1129d26,False,,scf_b6533a219393f1129d26
par_9a12636c7a4a2a09affa,,,True,acy_eeebd55baecf69385d3f,acy_eeebd55baecf69385d3f
par_9a1f243b4f4d9ae8d9b5,,,True,acy_5d8bb100f7367d7d7869,acy_5d8bb100f7367d7d7869
par_9a1f69dfdbf6061382bb,c1ccc2sc(SN3CCOCC3)nc2c1,scf_9a1f69dfdbf6061382bb,False,,scf_9a1f69dfdbf6061382bb
par_9a42d1bb724a6d4ddedb,O=C(Nc1ncncn1)NS(=O)(=O)c1ccccc1,scf_16163a52161df90e519d,False,,scf_16163a52161df90e519d
par_9a47fa634b96ef90ad4a,O=C1OC2(C=C1c1ccccc1)CCCCC2,scf_324f6ceb94034c1c64bd,False,,scf_324f6ceb94034c1c64bd
par_9a498c8bbf51eda6b809,c1ccc(-c2ccccc2)cc1,scf_27dacb226b18e24b40e3,False,,scf_27dacb226b18e24b40e3
par_9a4c6ed96238eb7ba5ae,,,True,acy_80826371d5a450d49e05,acy_80826371d5a450d49e05
par_9a57bc93fd008fe01f9e,C1=CCCCC1,scf_fe8528cff2dfdfccb743,False,,scf_fe8528cff2dfdfccb743
par_9a68ebbb77e9df43a4f8,,,True,acy_be391c635909e129eb8f,acy_be391c635909e129eb8f
par_9a7250dd6040c8da2b10,,,True,acy_c64dea6fc02f67d70870,acy_c64dea6fc02f67d70870
par_9a75ba650d468db7d278,,,True,acy_fc2c9a93e05178534edb,acy_fc2c9a93e05178534edb
par_9a84393f9c3c418d4191,c1ccccc1,scf_13cad05ca8f49c509e5b,False,,scf_13cad05ca8f49c509e5b
par_9a865e8670ff05bd53ea,,,True,acy_8ce74cf8386007e25185,acy_8ce74cf8386007e25185
par_9a8bbc1bfc19cbb97f3a,,,True,acy_f6cab5ac78345221ba02,acy_f6cab5ac78345221ba02
par_9a910460e2354756a950,c1ccccc1,scf_13cad05ca8f49c509e5b,False,,scf_13cad05ca8f49c509e5b
par_9a9741a898f5c1862ff7,,,True,acy_dbdae54709b60499859f,acy_dbdae54709b60499859f
par_9aa6ed6fc7b5795cb8a7,c1ccccc1,scf_13cad05ca8f49c509e5b,False,,scf_13cad05ca8f49c509e5b
par_9aa88ae2bd3c1f3d5768,c1ccccc1,scf_13cad05ca8f49c509e5b,False,,scf_13cad05ca8f49c509e5b
par_9ad0c03ad5e3a2bb0a3b,C1CC2CCC1C2,scf_8decb4ecd7f11859f828,False,,scf_8decb4ecd7f11859f828
par_9ad151ded1e7f603be90,,,True,acy_e565adbe17e9ac001b6b,acy_e565adbe17e9ac001b6b
par_9ad4ef78c493cff985b2,c1ccccc1,scf_13cad05ca8f49c509e5b,False,,scf_13cad05ca8f49c509e5b
par_9affd80d02f471acfe8b,c1ccc(Oc2ccccc2)cc1,scf_9affd80d02f471acfe8b,False,,scf_9affd80d02f471acfe8b
par_9b0c75e4f1a6d851aedc,c1ccccc1,scf_13cad05ca8f49c509e5b,False,,scf_13cad05ca8f49c509e5b
par_9b2b071c736917395e33,c1ccc(Nc2ccccc2)cc1,scf_66594b79d38dcf0e9b76,False,,scf_66594b79d38dcf0e9b76
par_9b2d899921bbeec72a30,O=C1CCC(=O)O1,scf_9b2d899921bbeec72a30,False,,scf_9b2d899921bbeec72a30
par_9b30cd15bf0a628c5b9d,c1ccccc1,scf_13cad05ca8f49c509e5b,False,,scf_13cad05ca8f49c509e5b
par_9b3fd1d78a66f83af438,,,True,acy_6f76d3a4d8528f1c6b27,acy_6f76d3a4d8528f1c6b27
par_9b411053876289112606,,,True,acy_7099e5c968261cd12f09,acy_7099e5c968261cd12f09
par_9b41f8d5a4b511074c2e,,,True,acy_94d23df016551ff0682e,acy_94d23df016551ff0682e
par_9b45aab093c3fad7d757,C(C=C1Cc2ccccc2N1)=[NH+]c1ccccc1,scf_b3e4f29f897d1fcf41e6,False,,scf_b3e4f29f897d1fcf41e6
par_9b5a3487c9d7a15cb46f,,,True,acy_41b240397ce8bfd62dff,acy_41b240397ce8bfd62dff
par_9b7dd95f7e9d195cd9d0,O=C(c1ccccc1)C1CCC1,scf_9b7dd95f7e9d195cd9d0,False,,scf_9b7dd95f7e9d195cd9d0
par_9b7faf857bb8ff088130,c1ccc(SSc2ccccc2)cc1,scf_2c72ff7c0cd6f6707dc0,False,,scf_2c72ff7c0cd6f6707dc0
par_9b803d2dfc1a60cd24c3,c1ccccc1,scf_13cad05ca8f49c509e5b,False,,scf_13cad05ca8f49c509e5b
par_9b851d7a31198eed3460,,,True,acy_9a25ac9d66fe0a02d618,acy_9a25ac9d66fe0a02d618
par_9b87df394b36ac3e8714,O=C(CCc1ccccc1)CCc1ccccc1,scf_02424bbe2d307902982d,False,,scf_02424bbe2d307902982d
par_9b8998243f964771368d,,,True,acy_ce2ed8d9ec112c1faa5a,acy_ce2ed8d9ec112c1faa5a
par_9b8999fca90edc77d5fb,c1ccc(N(c2ccccc2)c2ccc(-c3ccc(N(c4ccccc4)c4ccccc4)cc3)cc2)cc1,scf_da21f33f985b6395e52e,False,,scf_da21f33f985b6395e52e
par_9b8d247f0c28eb8900d1,C1OCOCOCO1,scf_a60deefd7608574082cb,False,,scf_a60deefd7608574082cb
par_9b909fcf979ac2f33037,,,True,acy_fcff7d47370fd7eb0bc0,acy_fcff7d47370fd7eb0bc0
par_9b9267a13d90e3e74dad,c1ccccc1,scf_13cad05ca8f49c509e5b,False,,scf_13cad05ca8f49c509e5b
par_9b9eeb4332a7960dd75b,,,True,acy_02d3c252cb9b05c81215,acy_02d3c252cb9b05c81215
par_9ba2f246b2153c47c65a,c1ccc(Oc2ccccc2)cc1,scf_9affd80d02f471acfe8b,False,,scf_9affd80d02f471acfe8b
par_9ba87b34b4482d538937,O=c1cccnn1-c1ccccc1,scf_d92fd55b020cee7b9b79,False,,scf_d92fd55b020cee7b9b79
par_9baef50a263163769173,C1=CCCCC1,scf_fe8528cff2dfdfccb743,False,,scf_fe8528cff2dfdfccb743
par_9bb1eb1bb21298252247,,,True,acy_8a151d8f9b3554d5fb5a,acy_8a151d8f9b3554d5fb5a
par_9bc61ccfed63d1d86010,,,True,acy_4f0295e8803e8c914b5c,acy_4f0295e8803e8c914b5c
par_9bd2f7922f1a60588543,C1CO1,scf_59b1a7b29b6a5f8bc1b8,False,,scf_59b1a7b29b6a5f8bc1b8
par_9bd49822b15a4d35cdf4,c1ccc(CCn2ccnc2)cc1,scf_509472e745b59dca4bad,False,,scf_509472e745b59dca4bad
par_9bdea3dd72f006925f27,c1ccccc1,scf_13cad05ca8f49c509e5b,False,,scf_13cad05ca8f49c509e5b
par_9be2b68187176cbb77af,c1ccccc1,scf_13cad05ca8f49c509e5b,False,,scf_13cad05ca8f49c509e5b
par_9be7b7bee984044c6480,c1ccc(N=Nc2cccc(N=Nc3ccccc3)c2)cc1,scf_d09a01753cdfacc16040,False,,scf_d09a01753cdfacc16040
par_9bf80243c921d6381303,c1nc[nH]n1,scf_32ca2262b0d7bc622317,False,,scf_32ca2262b0d7bc622317
par_9c0240128783bd816cc9,c1ccc2[nH]ccc2c1,scf_e65f5bb7d6337f0d157e,False,,scf_e65f5bb7d6337f0d157e
par_9c1fe632bc230387151a,c1ccncc1,scf_75c7a4b0b41e43900bfb,False,,scf_75c7a4b0b41e43900bfb
par_9c20d725f6cdebc3f460,,,True,acy_8413dda594e8b4beec16,acy_8413dda594e8b4beec16
par_9c21dc5db6dae0ec9706,c1ccccc1,scf_13cad05ca8f49c509e5b,False,,scf_13cad05ca8f49c509e5b
par_9c2ec04df390f6259587,,,True,acy_c1ecd93968030ff682bd,acy_c1ecd93968030ff682bd
par_9c2f79081fc31ff338df,O=C1NCCN1,scf_9c2f79081fc31ff338df,False,,scf_9c2f79081fc31ff338df
par_9c455bcfd3f267138cd9,C1CSCN1,scf_4c9b02829e185ce93423,False,,scf_4c9b02829e185ce93423
par_9c49f5d15e5401b043f2,,,True,acy_9df125afa1f158d08bf8,acy_9df125afa1f158d08bf8
par_9c529de7d8a3579ca80d,c1ccc(Cc2ccccc2)cc1,scf_05784e2ddd36e41751a8,False,,scf_05784e2ddd36e41751a8
par_9c68e50dd14470e0fe58,O=C(OCc1coc(Cc2ccccc2)c1)C1CC1,scf_53064ff64ab798f554dc,False,,scf_53064ff64ab798f554dc
par_9c6b6f474726a8a84225,O=C1/C(=N/Nc2ccc3ccccc3c2)C=Cc2cccc(Nc3ncnc(Nc4ccccc4)n3)c21,scf_5d4154b76f13a201b603,False,,scf_5d4154b76f13a201b603
par_9c708ff341bbf5239db3,c1ccccc1,scf_13cad05ca8f49c509e5b,False,,scf_13cad05ca8f49c509e5b
par_9c7336791ccfff5dbe0c,O=C(OCc1cccc(Oc2ccccc2)c1)C1CC1,scf_dd5d192b016bdf3547cd,False,,scf_dd5d192b016bdf3547cd
par_9c7d62bbf54d6a8ad0f9,c1cc(OCC2CO2)ccc1Cc1ccc(OCC2CO2)cc1,scf_61c96d6d746baa84fe2c,False,,scf_61c96d6d746baa84fe2c
par_9c87cb18cec0308e8eb0,C1=C2CCCCC2[C@H]2CCC3CCC[C@H]3[C@@H]2C1,scf_01eb3d270cf8a94d67b4,False,,scf_01eb3d270cf8a94d67b4
par_9c91de0a46f0501d6c51,O=c1ccn(C2CC2)c2cc(N3CCNCC3)ccc12,scf_ad6c3fa112e81cdee38a,False,,scf_ad6c3fa112e81cdee38a
par_9ca6e1b55336210b2d0b,c1ccc2ccccc2c1,scf_a896d495b04a450b732a,False,,scf_a896d495b04a450b732a
par_9cba20af503a3a76d1b4,,,True,acy_b37ecc9683db04478a1c,acy_b37ecc9683db04478a1c
par_9cbfda3221f5c68aa39a,c1ccc(Oc2ccccc2)cc1,scf_9affd80d02f471acfe8b,False,,scf_9affd80d02f471acfe8b
par_9cc7c5716c3136beb7e7,c1ccc(-c2ccccc2)cc1,scf_27dacb226b18e24b40e3,False,,scf_27dacb226b18e24b40e3
par_9ccaee36dbe6ea9f8136,,,True,acy_1910708350c6c83fe895,acy_1910708350c6c83fe895
par_9cd7e9ee50aa162bc079,,,True,acy_9b2151434d83af3917a6,acy_9b2151434d83af3917a6
par_9cef5bea204a8b4c6ccd,c1ccccc1,scf_13cad05ca8f49c509e5b,False,,scf_13cad05ca8f49c509e5b
par_9cf5b2c40c27221791c5,O=C(Nc1ncccn1)NS(=O)(=O)Cc1ccccc1,scf_5ee6dca4714f11ef5f47,False,,scf_5ee6dca4714f11ef5f47
par_9cf823eb8c15bc1e7e49,N=C1C=CC2=CC=CC(=O)C2=C1NNc1ccccc1S(=O)(=O)NC1CCCCC1,scf_59757ebaab9dab9c6b76,False,,scf_59757ebaab9dab9c6b76
par_9d09c757ff39af5a510b,,,True,acy_4e38782bb1627041b6be,acy_4e38782bb1627041b6be
par_9d0cac3f36280cb228bc,c1ccccc1,scf_13cad05ca8f49c509e5b,False,,scf_13cad05ca8f49c509e5b
par_9d1a360e56976017ec2d,C1=NCCO1,scf_6470cb217a6bfea3a458,False,,scf_6470cb217a6bfea3a458
par_9d24faff45b1de36ebc1,c1ccccc1,scf_13cad05ca8f49c509e5b,False,,scf_13cad05ca8f49c509e5b
par_9d2baf33fd7b681f08fb,C1=C2CCCCC2[C@H]2CCC3CCC[C@H]3[C@@H]2C1,scf_01eb3d270cf8a94d67b4,False,,scf_01eb3d270cf8a94d67b4
par_9d44ac9d30a4daea0ae7,c1ccc([PH+](c2ccccc2)c2ccccc2)cc1,scf_43c650e9ac6792074e61,False,,scf_43c650e9ac6792074e61
par_9d5b236778d761b644c9,,,True,acy_f2097066b862c21a1d5a,acy_f2097066b862c21a1d5a
par_9d62df8342c5ca25b8e4,O=C(NCNC(=O)NC1NC(=O)NC1=O)NC1NC(=O)NC1=O,scf_60c20908ff50fa1ce3c8,False,,scf_60c20908ff50fa1ce3c8
par_9d738cdddf0436bee1a2,O=C1O[C@H]2C[C@@H](CC=CCC/C=C/C=C3\CO[C@@H]4CC=C[C@@H]1C34)O[C@@]1(CCCCO1)C2,scf_e7609b8d7c23653cc5e3,False,,scf_e7609b8d7c23653cc5e3
par_9d7392fccf1f23d40057,,,True,acy_085c3849aa500655ef14,acy_085c3849aa500655ef14
par_9d7d2117107c40e0e2e7,C1=C\CC/C=C/CC/C=C\CC/1,scf_9d7d2117107c40e0e2e7,False,,scf_9d7d2117107c40e0e2e7
par_9d80351c8590bd668061,,,True,acy_01e215675ea4187d1908,acy_01e215675ea4187d1908
par_9d8c5366c0049df56c30,O=C(CN=Nc1ccc(-c2ccc(N=NCC(=O)Nc3ccccc3)cc2)cc1)Nc1ccccc1,scf_aca016b018f77b44e647,False,,scf_aca016b018f77b44e647
par_9d8f7b1b8c37c199a96b,c1ccccc1,scf_13cad05ca8f49c509e5b,False,,scf_13cad05ca8f49c509e5b
par_9d9156b3326459dd3d9c,c1ccc(C(c2cncnc2)C2CC2)cc1,scf_fa3d9e335d09de50425c,False,,scf_fa3d9e335d09de50425c
par_9d920fd4fd36dafc4c07,,,True,acy_eeebd55baecf69385d3f,acy_eeebd55baecf69385d3f
par_9d9904539d36faf4ab50,,,True,acy_4eb3131038811b0da21b,acy_4eb3131038811b0da21b
par_9db88c05897ab8e401a3,,,True,acy_299d97b13375f09dcb46,acy_299d97b13375f09dcb46
par_9dc1e34de261c86e347e,c1ccccc1,scf_13cad05ca8f49c509e5b,False,,scf_13cad05ca8f49c509e5b
par_9dc67f5d1d5fa100e4a6,,,True,acy_be7c7983749095e2989e,acy_be7c7983749095e2989e
par_9dcb44e6d17a22a4621b,,,True,acy_b6b899c4826659bf05cd,acy_b6b899c4826659bf05cd
par_9dd6477011e170df8c6a,,,True,acy_07dfa648aeca496ed019,acy_07dfa648aeca496ed019
par_9ddbb6ff651bae7f0449,c1ccc(Oc2ccccc2)cc1,scf_9affd80d02f471acfe8b,False,,scf_9affd80d02f471acfe8b
par_9de5cb00381b27d34572,c1ccccc1,scf_13cad05ca8f49c509e5b,False,,scf_13cad05ca8f49c509e5b
par_9df0f863ba2c6952d54d,c1ccc2[nH]c(-c3cscn3)nc2c1,scf_9df0f863ba2c6952d54d,False,,scf_9df0f863ba2c6952d54d
par_9df7bec526984daf03e8,,,True,acy_d234ffb6b8e4b516432d,acy_d234ffb6b8e4b516432d
par_9e0975814883e602976b,C=C1CCOCC1,scf_76b6908bb6e591bf3477,False,,scf_76b6908bb6e591bf3477
par_9e12615a9f422cda7b4c,C1=CCCCCC1,scf_9e12615a9f422cda7b4c,False,,scf_9e12615a9f422cda7b4c
par_9e1f1fb966b928a85132,,,True,acy_7fdd2664d01ab4b30430,acy_7fdd2664d01ab4b30430
par_9e2a72c973091205d2bc,c1ccc(-c2nnc(-c3ccccc3)nn2)cc1,scf_c1960b39572ac51d8afc,False,,scf_c1960b39572ac51d8afc
par_9e2fb49fe6998c67649f,,,True,acy_494930b8ece62f7d33b2,acy_494930b8ece62f7d33b2
par_9e37a151b1939a215a88,c1ccccc1,scf_13cad05ca8f49c509e5b,False,,scf_13cad05ca8f49c509e5b
par_9e43cea3e9d1f669e5c5,,,True,acy_96f60ee6dcefd5f324ca,acy_96f60ee6dcefd5f324ca
par_9e4d0bd1c0e21e75083b,c1ccccc1,scf_13cad05ca8f49c509e5b,False,,scf_13cad05ca8f49c509e5b
par_9e66153791dc88b5e5e2,O=c1[nH]ncs1,scf_6155bdf0f4b4109aa2b7,False,,scf_6155bdf0f4b4109aa2b7
par_9e79195a962e3c82c5d0,c1ccccc1,scf_13cad05ca8f49c509e5b,False,,scf_13cad05ca8f49c509e5b
par_9e880ca3eaeb06db0c51,,,True,acy_14e87d620ca72d7278d9,acy_14e87d620ca72d7278d9
par_9e8ecb154072b8f08b13,,,True,acy_75cc5e32ee4b4ca0f63f,acy_75cc5e32ee4b4ca0f63f
par_9e96fbc760d5dafae313,c1ccc2c(c1)[nH]c1ccccc12,scf_9e96fbc760d5dafae313,False,,scf_9e96fbc760d5dafae313
par_9ea9b95074a71926a75c,C1=CC2C=CC1C2,scf_9ea9b95074a71926a75c,False,,scf_9ea9b95074a71926a75c
par_9ed1ad8dd4fa4564cbaf,O=C1O[C@H]2C[C@@H](C/C=C/[C@@H](O[C@H]3CC[C@@H](O[C@H]4CCCCO4)CO3)C/C=C/C=C3\CO[C@@H]4CC=C[C@@H]1C34)O[C@@]1(C=CCCO1)C2.O=C1O[C@H]2C[C@@H](CC=C[C@@H](O[C@H]3CC[C@@H](O[C@H]4CCCCO4)CO3)C/C=C/C=C3\CO[C@@H]4CC=C[C@@H]1C34)O[C@@]1(C=CCCO1)C2,scf_6c5993138645694a2fcc,False,,scf_6c5993138645694a2fcc
par_9ed6a7a568a70b33e9fe,C1=CCCCC1,scf_fe8528cff2dfdfccb743,False,,scf_fe8528cff2dfdfccb743
par_9edcdaa4a21fb6e2bb2b,,,True,acy_fe62ce28b88d109bb842,acy_fe62ce28b88d109bb842
par_9ef28cb8d17eb4b993e8,C=c1[nH]c(=C2C(=O)NC(=O)NC2=O)c2ccccc12,scf_579c0d2f4c39eee67d0f,False,,scf_579c0d2f4c39eee67d0f
par_9ef55e6c908472fdeda9,c1ccccc1,scf_13cad05ca8f49c509e5b,False,,scf_13cad05ca8f49c509e5b
par_9f0a71cfda349a9cb236,c1ccccc1,scf_13cad05ca8f49c509e5b,False,,scf_13cad05ca8f49c509e5b
par_9f0ec90b241b036ba79a,c1ccc2c(c1)Cc1ccccc1N1CCNCC21,scf_4face233f06f8f2b994c,False,,scf_4face233f06f8f2b994c
par_9f200a8361075cd524de,c1ccccc1.c1ccccc1.c1ccccc1,scf_14fb86557d2bb1dc3089,False,,scf_14fb86557d2bb1dc3089
par_9f205ba896d8d4f61832,c1ccccc1,scf_13cad05ca8f49c509e5b,False,,scf_13cad05ca8f49c509e5b
par_9f4b02936fa98e6be10b,c1ccc2ccccc2c1,scf_a896d495b04a450b732a,False,,scf_a896d495b04a450b732a
par_9f4f460ece1f11372d1a,c1ccc(CNCc2ccccc2)cc1.c1ccc(CNCc2ccccc2)cc1,scf_b75971bc29612c36335b,False,,scf_b75971bc29612c36335b
par_9f6f76bf5058301dba56,c1ccccc1,scf_13cad05ca8f49c509e5b,False,,scf_13cad05ca8f49c509e5b
par_9f849f6d23fe5aca709c,C1=NCCN1,scf_e95e80bbbd770e38d2ab,False,,scf_e95e80bbbd770e38d2ab
par_9f85a78a24d918d18a84,O=C1CC=NN1c1ccccc1,scf_bf2c5f7d5a13133f4758,False,,scf_bf2c5f7d5a13133f4758
par_9f8f8539524b57cc4f71,O=C(Cc1ccccc1)N[C@@H]1C(=O)N2CCS[C@H]12,scf_26d7014d9e57bf59cabd,False,,scf_26d7014d9e57bf59cabd
par_9f977bbb683dca28879a,,,True,acy_790fb26744066ff52577,acy_790fb26744066ff52577
par_9fa030175d0764aca4d2,O=C(N=[SH](=O)c1ccccc1)n1nc[nH]c1=O,scf_f10fe316b3d2559720cb,False,,scf_f10fe316b3d2559720cb
par_9fa204dc2a829f03a5b0,c1ccc(-c2ccccc2)cc1,scf_27dacb226b18e24b40e3,False,,scf_27dacb226b18e24b40e3
par_9fa4f128d2758c76e2f8,O=C1/C(=N/Nc2ccccc2)C=Cc2ccccc21,scf_68b41ecda5848447b198,False,,scf_68b41ecda5848447b198
par_9fa80f743c99ff3e2796,,,True,acy_46527a3db33660a138fe,acy_46527a3db33660a138fe
par_9fa8497aab60811964b1,O=c1nc2[nH]c3ccccc3nc-2c(=O)[nH]1,scf_7fb72b75b405fbf8a89d,False,,scf_7fb72b75b405fbf8a89d
par_9fbbec0a851e7a722d45,N=C1NC(=O)N(c2ccccc2)CS1,scf_fa28bc10ca243955d4f0,False,,scf_fa28bc10ca243955d4f0
par_9fbdac65e0c18c18060d,,,True,acy_7b55901e57121536b1f6,acy_7b55901e57121536b1f6
par_9fbec274cb065de1f398,c1ccccc1,scf_13cad05ca8f49c509e5b,False,,scf_13cad05ca8f49c509e5b
par_9fc4508238942e7cf403,,,True,acy_191e7575ddd52e015bc2,acy_191e7575ddd52e015bc2
par_9fc500bd533924ea2d42,,,True,acy_7dc60c54ce2567542800,acy_7dc60c54ce2567542800
par_9fcfa0f8901eccbd8cab,c1ccccc1.c1ccccc1,scf_41f17138a91b62ee11b2,False,,scf_41f17138a91b62ee11b2
par_9fdc890972c4e6330b03,,,True,acy_41b240397ce8bfd62dff,acy_41b240397ce8bfd62dff
par_9fe594d38ae89e7e9692,,,True,acy_da8b3e6d8d9fe7079fb1,acy_da8b3e6d8d9fe7079fb1
par_9ff20ac775739a1258c7,c1ccccc1,scf_13cad05ca8f49c509e5b,False,,scf_13cad05ca8f49c509e5b
par_9ff9317c78b3aed50c50,,,True,acy_1cc7ebfa5e93931ae16d,acy_1cc7ebfa5e93931ae16d
par_a003d70977c1bbf626d9,O=C(Nc1ccccc1)c1ccccc1,scf_46dbe06a66c3ecbfaeeb,False,,scf_46dbe06a66c3ecbfaeeb
par_a0067be3bace13213f88,,,True,acy_dc3c5eb921aa26eb7e07,acy_dc3c5eb921aa26eb7e07
par_a01db08d0c0f231276ef,,,True,acy_2f44f6d7eed823c8f1cb,acy_2f44f6d7eed823c8f1cb
par_a020ff6fe6020ee398b5,c1ccccc1,scf_13cad05ca8f49c509e5b,False,,scf_13cad05ca8f49c509e5b
par_a021b5e01de3565b6ac2,O=C1OC(c2ccc(Oc3ccccc3)cc2)C(=O)N1Nc1ccccc1,scf_a314865c0c6fde4a2524,False,,scf_a314865c0c6fde4a2524
par_a02406a8418f5b0acb96,c1ccccc1,scf_13cad05ca8f49c509e5b,False,,scf_13cad05ca8f49c509e5b
par_a042acadb8f3fb78df28,c1ccccc1,scf_13cad05ca8f49c509e5b,False,,scf_13cad05ca8f49c509e5b
par_a04f3ef98739bf8d69b4,c1ccccc1,scf_13cad05ca8f49c509e5b,False,,scf_13cad05ca8f49c509e5b
par_a053f9c8460a6844cb4e,c1ccc2c(c1)CCO2,scf_303cb872daee0c20fdc5,False,,scf_303cb872daee0c20fdc5
par_a068195e6ff400980d73,c1ccccc1,scf_13cad05ca8f49c509e5b,False,,scf_13cad05ca8f49c509e5b
par_a07486e2c09bb36dd53b,,,True,acy_02d3c252cb9b05c81215,acy_02d3c252cb9b05c81215
par_a08341855df32c755b18,C1C2CC3C1C1C2C2C4OC4C1C32,scf_aaf81fe64d4bb14e52ab,False,,scf_aaf81fe64d4bb14e52ab
par_a088a86b48f404c71475,,,True,acy_de3909ba3b5cd0f7aad6,acy_de3909ba3b5cd0f7aad6
par_a08a7cb4ec8af3b228c6,O=C(c1ccccc1)c1ccccc1,scf_113660f6820aa1505046,False,,scf_113660f6820aa1505046
par_a08c1d71360516139828,C1=C2CC3(CCC2C2CCC4C(CCC4C4OCCO4)C2=C1)OCCO3,scf_de204000e5d833afe7b0,False,,scf_de204000e5d833afe7b0
par_a08fe888656b72d533d8,c1ccccc1,scf_13cad05ca8f49c509e5b,False,,scf_13cad05ca8f49c509e5b
par_a0a005be486f4baa517b,c1ccccc1,scf_13cad05ca8f49c509e5b,False,,scf_13cad05ca8f49c509e5b
par_a0a54be28936e9d177b2,c1ccccc1,scf_13cad05ca8f49c509e5b,False,,scf_13cad05ca8f49c509e5b
par_a0acd8db25d8dc74f3cc,c1ccc2c(c1)-c1cccc3c1c-2cc1ccccc13,scf_a0acd8db25d8dc74f3cc,False,,scf_a0acd8db25d8dc74f3cc
par_a0ad0e77c6ef3973ba2d,O=C(NC1CCCCC1)NS(=O)(=O)c1ccc(CCNC(=O)c2ccccc2)cc1,scf_779dbe3bb0d336fa2d6b,False,,scf_779dbe3bb0d336fa2d6b
par_a0b712af6fed67f797a9,c1ccccc1,scf_13cad05ca8f49c509e5b,False,,scf_13cad05ca8f49c509e5b
par_a0c94dafb5acf9de32b9,,,True,acy_c289fc9d388a3dc97b56,acy_c289fc9d388a3dc97b56
par_a0d0d09a977915358ca8,,,True,acy_f7406b8c58501285f4a7,acy_f7406b8c58501285f4a7
par_a0e590a3abe35b3df9f9,O=c1cc/c(=N/Nc2ccccc2)c(=O)/c1=N/Nc1ccccc1,scf_7af6e333c9f5a776f136,False,,scf_7af6e333c9f5a776f136
par_a0ebc1a7eeb18ccb45aa,,,True,acy_f2097066b862c21a1d5a,acy_f2097066b862c21a1d5a
par_a0f3ac21d369c3a92eec,c1ccccc1,scf_13cad05ca8f49c509e5b,False,,scf_13cad05ca8f49c509e5b
par_a0f41378ea956978a0a5,c1ccccc1,scf_13cad05ca8f49c509e5b,False,,scf_13cad05ca8f49c509e5b
par_a0fd1acbfda282d8fe4b,c1ccccc1,scf_13cad05ca8f49c509e5b,False,,scf_13cad05ca8f49c509e5b
par_a0fed1dee1cc886b4e27,c1ccc(Cc2cncnc2)cc1,scf_544062c57432389a62d0,False,,scf_544062c57432389a62d0
par_a107339b3e06e830031e,c1ccccc1,scf_13cad05ca8f49c509e5b,False,,scf_13cad05ca8f49c509e5b
par_a10c7dfd7d7e9657d61d,O=C(Nc1ccccc1)c1ccccc1,scf_46dbe06a66c3ecbfaeeb,False,,scf_46dbe06a66c3ecbfaeeb
par_a10d6fdd55256aaaaa8e,C(CCc1ccccc1)=Nc1ccccc1,scf_604081e3e466f34749c8,False,,scf_604081e3e466f34749c8
par_a112f501644fe6e7c58c,C1CCCCC1,scf_a21c4f64dcc59dd2ede8,False,,scf_a21c4f64dcc59dd2ede8
par_a11342c3e792c6bea3f5,,,True,acy_d731d91393648b1529a1,acy_d731d91393648b1529a1
par_a115fe170102bed9b60c,,,True,acy_8663023c45c5b4651e81,acy_8663023c45c5b4651e81
par_a11a8d1fce8a1cba255e,c1ccccc1,scf_13cad05ca8f49c509e5b,False,,scf_13cad05ca8f49c509e5b
par_a11b051183134dc8add3,C1CO1,scf_59b1a7b29b6a5f8bc1b8,False,,scf_59b1a7b29b6a5f8bc1b8
par_a11d5410b86104d0d370,c1ccc(Nc2cccs2)cc1,scf_fe5594eceaf602f57744,False,,scf_fe5594eceaf602f57744
par_a1372a0bcad1aad028ff,c1ccc(CNc2ccc(N=Nn3ccn[nH+]3)cc2)cc1,scf_9310dc713bbcd5b15dda,False,,scf_9310dc713bbcd5b15dda
par_a1391557d6ab2c9063f5,c1ccc(Cc2ccccc2)cc1,scf_05784e2ddd36e41751a8,False,,scf_05784e2ddd36e41751a8
par_a13ac9b43631be052aef,O=c1ccn2c3c(cccc13)CCC2,scf_446c065b1bbf30dfddc8,False,,scf_446c065b1bbf30dfddc8
par_a15021c5b97e5a37dd70,c1ccc(SCCSc2ccccc2)cc1,scf_a15021c5b97e5a37dd70,False,,scf_a15021c5b97e5a37dd70
par_a153984d5cbab0fb3001,O=C(CN=Nc1ccc(-c2ccc(N=NCC(=O)Nc3ccccc3)cc2)cc1)Nc1ccccc1,scf_aca016b018f77b44e647,False,,scf_aca016b018f77b44e647
par_a15cda34f1b610eea303,O=C1c2ccc3c4ccc5c6c(ccc(c7ccc(c2c37)C(=O)N1c1ccccc1)c64)C(=O)N(c1ccccc1)C5=O,scf_b7f15f179d29a64028de,False,,scf_b7f15f179d29a64028de
par_a15d35d6112cc016c598,,,True,acy_e8e202acd5625c98a6fb,acy_e8e202acd5625c98a6fb
par_a1abba0598cdad06d939,O=C(Nc1ccccc1)C1=Cc2ccccc2/C(=N/Nc2ccccc2)C1=O,scf_a5219bf34ed4f71ee86e,False,,scf_a5219bf34ed4f71ee86e
par_a1b46024a0636aee1786,,,True,acy_30c1a89cc059dd143c7f,acy_30c1a89cc059dd143c7f
par_a1bbe04ccd19ad2d4e6b,c1ccc(C2CCCCC2)cc1,scf_a1bbe04ccd19ad2d4e6b,False,,scf_a1bbe04ccd19ad2d4e6b
par_a1c177b4cc2f4d637ae5,,,True,acy_77a68a00f3bc4dee1932,acy_77a68a00f3bc4dee1932
par_a1ce0bc7fd7340175a0f,c1ccccc1,scf_13cad05ca8f49c509e5b,False,,scf_13cad05ca8f49c509e5b
par_a1d5add9453f1b6481d3,,,True,acy_2f44f6d7eed823c8f1cb,acy_2f44f6d7eed823c8f1cb
par_a1d924a78ca35d678c8f,O=C(Nc1ccccc1)Oc1ccccc1,scf_e01909f9c04ec4b41f13,False,,scf_e01909f9c04ec4b41f13
par_a1df2fc39577b286f63b,,,True,acy_110bf1e1c9284ab0d501,acy_110bf1e1c9284ab0d501
par_a1dfd6ffac4fa674b4a1,c1ccccc1,scf_13cad05ca8f49c509e5b,False,,scf_13cad05ca8f49c509e5b
par_a1eb85da002a05982c10,c1ccccc1,scf_13cad05ca8f49c509e5b,False,,scf_13cad05ca8f49c509e5b
par_a1ec01b3e472d011d8b8,O=C1CCC2[C@@H](CC[C@H]3[C@@H]4CCCC4CC[C@H]23)C1,scf_8035b999c18074796646,False,,scf_8035b999c18074796646
par_a1fd55ae5a2974c50390,c1ccccc1.c1ccccc1,scf_41f17138a91b62ee11b2,False,,scf_41f17138a91b62ee11b2
par_a21568e234279b333966,O=C(NC[C@@H]1CCCCO1)[C@@H]1CCCN1,scf_5b73377f7bc20121656e,False,,scf_5b73377f7bc20121656e
par_a21c4f64dcc59dd2ede8,C1CCCCC1,scf_a21c4f64dcc59dd2ede8,False,,scf_a21c4f64dcc59dd2ede8
par_a21f8f4ea902da9c1075,c1ccccc1,scf_13cad05ca8f49c509e5b,False,,scf_13cad05ca8f49c509e5b
par_a221e2dd6b59406334aa,c1ccc2n[nH]nc2c1,scf_a221e2dd6b59406334aa,False,,scf_a221e2dd6b59406334aa
par_a24029184d21fa4ba541,,,True,acy_3bd9475255d98a598edf,acy_3bd9475255d98a598edf
par_a25210d2631e3bfdf8fc,c1ccccc1,scf_13cad05ca8f49c509e5b,False,,scf_13cad05ca8f49c509e5b
par_a25833e5016810f3458a,C1=CCCCC1,scf_fe8528cff2dfdfccb743,False,,scf_fe8528cff2dfdfccb743
par_a26fd14da83fbc4816f3,,,True,acy_267bd94cb0f1d50b9a0a,acy_267bd94cb0f1d50b9a0a
par_a288514d8b5847b7476d,,,True,acy_5a0c96ad4121436cfd76,acy_5a0c96ad4121436cfd76
par_a29362cd120c3cd36f15,c1ccccc1,scf_13cad05ca8f49c509e5b,False,,scf_13cad05ca8f49c509e5b
par_a299e2b7bc66100b6d24,O=C1NS(=O)(=O)[N-]c2ccccc21,scf_f289cd64e891df62473f,False,,scf_f289cd64e891df62473f
par_a2ae9b9177ddd10139f4,c1ccc(Nc2ncccn2)cc1,scf_aac6c858d709b7c1a93f,False,,scf_aac6c858d709b7c1a93f
par_a2b07f78bfb8b4fbf470,O=C(OC1CCCCC1)c1ccccc1,scf_776f200b1d8576e229a0,False,,scf_776f200b1d8576e229a0
par_a2b6b1172db3266ac735,,,True,acy_a5d1b1d4caf5d77ab7ef,acy_a5d1b1d4caf5d77ab7ef
par_a2b7940d779571c903ea,C1CCCCC1,scf_a21c4f64dcc59dd2ede8,False,,scf_a21c4f64dcc59dd2ede8
par_a2bc692128239f0d5d2c,c1ccccc1,scf_13cad05ca8f49c509e5b,False,,scf_13cad05ca8f49c509e5b
par_a2cf247e5befc5912fa2,c1ccccc1,scf_13cad05ca8f49c509e5b,False,,scf_13cad05ca8f49c509e5b
par_a2f78b58ab2c0bd51cb9,c1ccc(Oc2ccccc2)cc1,scf_9affd80d02f471acfe8b,False,,scf_9affd80d02f471acfe8b
par_a300e2f2fa0841c0a60c,,,True,acy_bf9e56aedb1ff7592cef,acy_bf9e56aedb1ff7592cef
par_a307e6d910ba1ca7358b,O=C1CN=C(c2ccccn2)N1,scf_a5c85e2510f93e9d1644,False,,scf_a5c85e2510f93e9d1644
par_a30cc7683a624fc02c42,c1ccc(N=Nc2ccccc2)cc1,scf_782452139c6e50ec94b3,False,,scf_782452139c6e50ec94b3
par_a31839a5777291a1c46c,,,True,acy_1aaf3044603eed7fda1a,acy_1aaf3044603eed7fda1a
par_a31acadec7bab62e5f46,C1CO1,scf_59b1a7b29b6a5f8bc1b8,False,,scf_59b1a7b29b6a5f8bc1b8
par_a323cc265d04ef6c7a89,O=C1CCCC(=O)C1C(=O)c1ccccc1,scf_33a62530dd4449af7ff5,False,,scf_33a62530dd4449af7ff5
par_a34999d903fbd995d1ed,,,True,acy_d042f9de01f9d07240a4,acy_d042f9de01f9d07240a4
par_a34c3a4578991f98d2d0,c1ccccc1,scf_13cad05ca8f49c509e5b,False,,scf_13cad05ca8f49c509e5b
par_a355e63a9c87e6258067,c1ccc([S+](c2ccccc2)c2ccccc2)cc1,scf_a355e63a9c87e6258067,False,,scf_a355e63a9c87e6258067
par_a35cbe1411156ddfaedf,O=c1c2ccccc2ccc2ccccc12,scf_a35cbe1411156ddfaedf,False,,scf_a35cbe1411156ddfaedf
par_a35f2a5774ef463622f0,c1ccccc1,scf_13cad05ca8f49c509e5b,False,,scf_13cad05ca8f49c509e5b
par_a366b43c2b03984e2440,,,True,acy_cd822125ad7c3ea6f255,acy_cd822125ad7c3ea6f255
par_a369a7fe51a43064bee5,O=C(NC1CCNCC1)c1cccc(C(=O)NC2CCNCC2)c1,scf_f42bf900c9a98ada5d84,False,,scf_f42bf900c9a98ada5d84
par_a37cb1c526e09cb82a02,,,True,acy_b9ddb85d2e39e2f416df,acy_b9ddb85d2e39e2f416df
par_a3898e4a601c448804ab,O=C1CCCCC1,scf_28ed7f4abc3f360949be,False,,scf_28ed7f4abc3f360949be
par_a3900adc95d5a7026116,C1CCNCC1,scf_daa04a326d407f1003f7,False,,scf_daa04a326d407f1003f7
par_a39d010b39107ce84c25,,,True,acy_4e9869bcf6313a0ea92e,acy_4e9869bcf6313a0ea92e
par_a3af8dbd65d7bffce409,O=C(CN=Nc1ccccc1)Nc1ccccc1,scf_060a10166db1b6dc55ef,False,,scf_060a10166db1b6dc55ef
par_a3be642627652cc97587,O=C1CCC(=O)O1,scf_9b2d899921bbeec72a30,False,,scf_9b2d899921bbeec72a30
par_a3c06f9ab574ccd0bf1b,O=C1C=CC(=O)c2ccccc21,scf_647942daa51930f7d0fc,False,,scf_647942daa51930f7d0fc
par_a3ce4e25bf4409019e85,O=C1CN=C(c2ccccn2)N1,scf_a5c85e2510f93e9d1644,False,,scf_a5c85e2510f93e9d1644
par_a3ceba854fac2f2313c4,O=[SH](=Nc1ccncn1)c1ccccc1,scf_091f88434f055f16fb93,False,,scf_091f88434f055f16fb93
par_a3d04b4136522f8c806f,c1ccc2c(c1)Cc1ccccc1-2,scf_2360397c02f47e5bcade,False,,scf_2360397c02f47e5bcade
par_a3d35b198b5ff19bdde8,c1ccc(Oc2ccccc2)cc1,scf_9affd80d02f471acfe8b,False,,scf_9affd80d02f471acfe8b
par_a3d73117edc421722983,O=C(OC1CCCCC1)c1ccccc1C(=O)OC1CCCCC1,scf_eff858d778beecc6d611,False,,scf_eff858d778beecc6d611
par_a3dbc4b644a9a2c51e74,,,True,acy_098cc3c915ded543ff28,acy_098cc3c915ded543ff28
par_a3eb65c1b97a3dc43f31,c1ccccc1,scf_13cad05ca8f49c509e5b,False,,scf_13cad05ca8f49c509e5b
par_a3ec62c767a139874c9d,,,True,acy_6f5aa014dd8137e157b7,acy_6f5aa014dd8137e157b7
par_a3edc1672f8bc116c93f,C1=CC2CC1C1C3CC(C4OC34)C21,scf_5736c242ca3f664d09c3,False,,scf_5736c242ca3f664d09c3
par_a3f69a7b40ec1f6ecc54,c1ccc([C+](c2ccccc2)c2ccccc2)cc1,scf_f5b1800ae20f7fd460d1,False,,scf_f5b1800ae20f7fd460d1
par_a3f7077aec0f9ccf1e7a,c1ccccc1,scf_13cad05ca8f49c509e5b,False,,scf_13cad05ca8f49c509e5b
par_a3f828c8c1022f3b180a,,,True,acy_ebca1cf57412ec58f38f,acy_ebca1cf57412ec58f38f
par_a3f8b4c283b531d8adf7,O=C1CCc2ccccc2C1,scf_d492190cd061c4b9e4f5,False,,scf_d492190cd061c4b9e4f5
par_a40847777f7aa365847b,C(=NNc1ccccc1)C1=[NH+]c2ccccc2C1,scf_2d23f0f54b12734cb61f,False,,scf_2d23f0f54b12734cb61f
par_a4199e3d1264f86ab9ac,,,True,acy_e126c12bb438a7eaa1ea,acy_e126c12bb438a7eaa1ea
par_a41b02cd1de121b29305,c1ccccc1,scf_13cad05ca8f49c509e5b,False,,scf_13cad05ca8f49c509e5b
par_a41d92322672c8404557,,,True,acy_d5e9ed9d5cddc5657b17,acy_d5e9ed9d5cddc5657b17
par_a42924c1516909a06477,c1ccccc1,scf_13cad05ca8f49c509e5b,False,,scf_13cad05ca8f49c509e5b
par_a42cfffcb427fce4de3d,O=c1[nH]c2ccccc2[nH]1,scf_a42cfffcb427fce4de3d,False,,scf_a42cfffcb427fce4de3d
par_a44b9e572972197b9842,c1ccccc1,scf_13cad05ca8f49c509e5b,False,,scf_13cad05ca8f49c509e5b
par_a455b828ed6fc0a12506,,,True,acy_75cc5e32ee4b4ca0f63f,acy_75cc5e32ee4b4ca0f63f
par_a45831d2b2e8d4a17302,c1ccc(Nc2ccccc2)cc1,scf_66594b79d38dcf0e9b76,False,,scf_66594b79d38dcf0e9b76
par_a45d01ba1758d1006604,,,True,acy_3fce82c50f1ce84e4d65,acy_3fce82c50f1ce84e4d65
par_a46083e4ee90df795060,,,True,acy_746068903c73f36e5764,acy_746068903c73f36e5764
par_a467e0fb5554f8201fa5,O=C1CCCCO1,scf_96c652d8ab2e5765fb8d,False,,scf_96c652d8ab2e5765fb8d
par_a46f45358ba0dff57878,O=C1CN=C(c2ccccc2)c2ccccc2N1,scf_82a902031424450a63f4,False,,scf_82a902031424450a63f4
par_a47e9e5a6e4cfcb83e68,c1ccccc1,scf_13cad05ca8f49c509e5b,False,,scf_13cad05ca8f49c509e5b
par_a489dc4ccb4edb57a0aa,O=C1c2ccccc2C(=O)c2ccccc21,scf_f0c6b09cfc7aa95a3893,False,,scf_f0c6b09cfc7aa95a3893
par_a4989e0f473ee4981c8d,,,True,acy_f8ff292dce4348407802,acy_f8ff292dce4348407802
par_a4a088bdee8aab5776b5,O=c1[nH]sc2ccccc12,scf_a4a088bdee8aab5776b5,False,,scf_a4a088bdee8aab5776b5
par_a4a20cc0c14786fe9376,c1ccccc1,scf_13cad05ca8f49c509e5b,False,,scf_13cad05ca8f49c509e5b
par_a4a3ff5471e4a679d66f,c1ccccc1,scf_13cad05ca8f49c509e5b,False,,scf_13cad05ca8f49c509e5b
par_a4b885ef4616cf71880c,c1ccc(-c2ccccc2)cc1,scf_27dacb226b18e24b40e3,False,,scf_27dacb226b18e24b40e3
par_a4bddc9914f43711cf91,c1ccc2c(c1)CC[C@H]1CCCCC21,scf_60c751778c2e8f0977a2,False,,scf_60c751778c2e8f0977a2
par_a4d2145dded20f35d939,,,True,acy_2eee9716119d658af9b4,acy_2eee9716119d658af9b4
par_a4e1fbcf4031c97ea7a9,c1ccccc1,scf_13cad05ca8f49c509e5b,False,,scf_13cad05ca8f49c509e5b
par_a4e47a389b288e9b3461,c1ccc(Cc2ccccc2)cc1,scf_05784e2ddd36e41751a8,False,,scf_05784e2ddd36e41751a8
par_a4e62f87271072917494,c1ccccc1,scf_13cad05ca8f49c509e5b,False,,scf_13cad05ca8f49c509e5b
par_a4f548f859cc61fddecc,c1ccncc1,scf_75c7a4b0b41e43900bfb,False,,scf_75c7a4b0b41e43900bfb
par_a4fe7c48b7ee2e7b3bf4,O=C1O[C@H]2C[C@@H](C/C=C/[C@@H](O[C@H]3CC[C@@H](O[C@H]4CCCCO4)CO3)C/C=C/C=C3\CO[C@@H]4CC=C[C@@H]1C34)O[C@@]1(C=CCCO1)C2.O=C1O[C@H]2C[C@@H](C/C=C/[C@@H](O[C@H]3CC[C@@H](O[C@H]4CCCCO4)CO3)C/C=C/C=C3\CO[C@@H]4CC=C[C@@H]1C34)O[C@@]1(C=CCCO1)C2,scf_256a7a3f75f4c2dcfb55,False,,scf_256a7a3f75f4c2dcfb55
par_a501299f017d56d4485a,O=c1ccn(C2CC2)c2nc(N3CCCC3)ccc12,scf_ed4be244d4aa8c471e64,False,,scf_ed4be244d4aa8c471e64
par_a507499dcc224b1af333,O=C1C=CCCC1,scf_9e258000d96cef27d5aa,False,,scf_9e258000d96cef27d5aa
par_a5265d207e07bc96b804,O=C1CC(=O)NC(=S)[N-]1,scf_a34c9b5fae2adeeedc36,False,,scf_a34c9b5fae2adeeedc36
par_a5327da4983b717667c2,c1ccccc1,scf_13cad05ca8f49c509e5b,False,,scf_13cad05ca8f49c509e5b
par_a54056834620b3f7d361,c1ccccc1,scf_13cad05ca8f49c509e5b,False,,scf_13cad05ca8f49c509e5b
par_a55b95bc164141ba3164,c1ccccc1,scf_13cad05ca8f49c509e5b,False,,scf_13cad05ca8f49c509e5b
par_a55df3d3bb3847c85804,,,True,acy_e6a8d7c021cb1ec8c75c,acy_e6a8d7c021cb1ec8c75c
par_a56362a10c816abf206d,,,True,acy_3a3ebd069de819e62b85,acy_3a3ebd069de819e62b85
par_a57e29b347aa68cb00b3,,,True,acy_b6e4bbd2e71822f9bb16,acy_b6e4bbd2e71822f9bb16
par_a5899ab7e476d00ab9ee,C1COCCO1,scf_53b5b2411b4bfe41e435,False,,scf_53b5b2411b4bfe41e435
par_a59673533f14270288d5,,,True,acy_4e6fc81348e7707d4030,acy_4e6fc81348e7707d4030
par_a5ad5b9fcde602286ba6,,,True,acy_f2097066b862c21a1d5a,acy_f2097066b862c21a1d5a
par_a5bbb709ee4644c00bcf,c1ccccc1,scf_13cad05ca8f49c509e5b,False,,scf_13cad05ca8f49c509e5b
par_a5c4085ff82e0313e5c9,,,True,acy_75cc5e32ee4b4ca0f63f,acy_75cc5e32ee4b4ca0f63f
par_a5c5ac6fb321c1cd0f1a,O=c1ccn(-c2ccccc2)nc1,scf_e47884409ef0d76218f3,False,,scf_e47884409ef0d76218f3
par_a5d999932529d58e3613,,,True,acy_7fdd2664d01ab4b30430,acy_7fdd2664d01ab4b30430
par_a60379e25c3818d8eea1,,,True,acy_57f510a8f4ce43675fa8,acy_57f510a8f4ce43675fa8
par_a619d54774612c4477f3,,,True,acy_5ccd6cb836a22fe34d44,acy_5ccd6cb836a22fe34d44
par_a61a0f645aa7e975d313,,,True,acy_c043089d5c05e8ba85a0,acy_c043089d5c05e8ba85a0
par_a61b848f40cf2e0a9e81,c1ccc(Cc2ccccc2)cc1,scf_05784e2ddd36e41751a8,False,,scf_05784e2ddd36e41751a8
par_a6285f15e95a59a42399,c1ccccc1,scf_13cad05ca8f49c509e5b,False,,scf_13cad05ca8f49c509e5b
par_a62f868f402662a1cc4e,c1ccccc1,scf_13cad05ca8f49c509e5b,False,,scf_13cad05ca8f49c509e5b
par_a63355ddf066e073c60e,,,True,acy_cc59b279e85af5b77c78,acy_cc59b279e85af5b77c78
par_a63bdc1268af2adc2adc,O=P(Oc1ccccc1)(Oc1ccccc1)Oc1ccccc1,scf_b6533a219393f1129d26,False,,scf_b6533a219393f1129d26
par_a646177464d9fba1b578,,,True,acy_b6cfead2b35676ce511f,acy_b6cfead2b35676ce511f
par_a6773e0a63bff945fb02,c1ccccc1,scf_13cad05ca8f49c509e5b,False,,scf_13cad05ca8f49c509e5b
par_a67a62939bb34c97658f,C1=CCCCC1,scf_fe8528cff2dfdfccb743,False,,scf_fe8528cff2dfdfccb743
par_a6a3a54dd9b87a8a365d,,,True,acy_30c1a89cc059dd143c7f,acy_30c1a89cc059dd143c7f
par_a6a519101e5b076e0254,c1ccccc1,scf_13cad05ca8f49c509e5b,False,,scf_13cad05ca8f49c509e5b
par_a6ba6f571230942b3238,,,True,acy_74693e2860c95ee90ead,acy_74693e2860c95ee90ead
par_a6bc6420c78f6e9e2b02,,,True,acy_afb56916701ccdceee7b,acy_afb56916701ccdceee7b
par_a6be0dc4a35d20276755,,,True,acy_463bd1b8ff2253358eaf,acy_463bd1b8ff2253358eaf
par_a6c54820f0027d5d421a,,,True,acy_f8822e1f9c526e1b0016,acy_f8822e1f9c526e1b0016
par_a6cae4d7379e7c247ac9,c1ccccc1,scf_13cad05ca8f49c509e5b,False,,scf_13cad05ca8f49c509e5b
par_a6d08f57dc023f4d726c,,,True,acy_3e0ea233cde1b6a6b050,acy_3e0ea233cde1b6a6b050
par_a6d7f82acf053a5cec9f,,,True,acy_3c2fea2d994d5bb0d20a,acy_3c2fea2d994d5bb0d20a
par_a6dc816b312d569543d1,O=C1CC[C@@H]2C1CC[C@@H]1c3ccccc3CC[C@H]12,scf_5fe64ae8992e6752b740,False,,scf_5fe64ae8992e6752b740
par_a6dda529886d2a00c346,c1ccccc1,scf_13cad05ca8f49c509e5b,False,,scf_13cad05ca8f49c509e5b
par_a7085584e6d9a69f192f,c1ccccc1,scf_13cad05ca8f49c509e5b,False,,scf_13cad05ca8f49c509e5b
par_a7095c48e717509cc29f,c1ccc(-[n+]2c3ccccc3nc3ccccc32)cc1,scf_29f63f0e3d1dd80e6947,False,,scf_29f63f0e3d1dd80e6947
par_a71624af32659139ab20,,,True,acy_4507ece9acc5b5d3d81e,acy_4507ece9acc5b5d3d81e
par_a71b9974c02a9954a412,,,True,acy_a615fade1b95bd69cd30,acy_a615fade1b95bd69cd30
par_a73efe95637d93d8ec5b,c1ccccc1,scf_13cad05ca8f49c509e5b,False,,scf_13cad05ca8f49c509e5b
par_a7463ae046ce7bd14d96,c1ccccc1,scf_13cad05ca8f49c509e5b,False,,scf_13cad05ca8f49c509e5b
par_a749e6f2ee9fa8f38de9,O=c1ccn(C2CC2)c2cc(N3CCNCC3)ccc12,scf_ad6c3fa112e81cdee38a,False,,scf_ad6c3fa112e81cdee38a
par_a74da779c4483a4b99dd,,,True,acy_0fbe420102233c345609,acy_0fbe420102233c345609
par_a762882c0ad82b67864d,,,True,acy_ed92d396162931086be6,acy_ed92d396162931086be6
par_a766e4927dc03fae2d83,,,True,acy_3e0ea233cde1b6a6b050,acy_3e0ea233cde1b6a6b050
par_a76addba649d06c5899a,O=C1CCCN1,scf_fb7798f75f8e7a9de3c9,False,,scf_fb7798f75f8e7a9de3c9
par_a7727fce0452ed7f5cea,c1ccccc1,scf_13cad05ca8f49c509e5b,False,,scf_13cad05ca8f49c509e5b
par_a77caf6327637d043fec,c1ccccc1,scf_13cad05ca8f49c509e5b,False,,scf_13cad05ca8f49c509e5b
par_a78229f888e65ae93a2e,c1ccccc1,scf_13cad05ca8f49c509e5b,False,,scf_13cad05ca8f49c509e5b
par_a7859cf80a4a6e3b3d34,c1ccccc1,scf_13cad05ca8f49c509e5b,False,,scf_13cad05ca8f49c509e5b
par_a78ec1128bf1e4a68241,c1ccccc1,scf_13cad05ca8f49c509e5b,False,,scf_13cad05ca8f49c509e5b
par_a7b4d663a799c818c589,O=S1(=O)CCCc2ccsc21,scf_b1f0074e041d6b3746bc,False,,scf_b1f0074e041d6b3746bc
par_a7ba6b305c71461864b3,,,True,acy_e5e24fd143331d34eb26,acy_e5e24fd143331d34eb26
par_a7bb5bc451986ead4349,c1ccccc1,scf_13cad05ca8f49c509e5b,False,,scf_13cad05ca8f49c509e5b
par_a7d2b26fce04aa73f4ff,C1COC2(CCCC2)OC1,scf_47f0d1b89bf3ad9d9cff,False,,scf_47f0d1b89bf3ad9d9cff
par_a7d7f3025a8f12d4b9d6,c1ccccc1,scf_13cad05ca8f49c509e5b,False,,scf_13cad05ca8f49c509e5b
par_a7dbaf4da6a230561c28,,,True,acy_12fa28676fabf9c0622c,acy_12fa28676fabf9c0622c
par_a7e97b1f8f7006f7741d,O=c1cccccc1,scf_c326e165ce993ade8cc2,False,,scf_c326e165ce993ade8cc2
par_a7edffd7ee004ce711a9,,,True,acy_1eeab8af7b107ed40b49,acy_1eeab8af7b107ed40b49
par_a816274fbc7281ecf3f9,C1=Cc2ccccc2NC1,scf_1653963e1a6d8177e159,False,,scf_1653963e1a6d8177e159
par_a81a5aa5832f0c6fec82,,,True,acy_02d3c252cb9b05c81215,acy_02d3c252cb9b05c81215
par_a8244e53707c3020d164,C1OCN2COCC12,scf_eb6703bf9e7d1498401c,False,,scf_eb6703bf9e7d1498401c
par_a825fb037f14e4925600,,,True,acy_dd619fed2720344ea57f,acy_dd619fed2720344ea57f
par_a82fc79a6183047c5446,O=S1(=O)CCCO1,scf_a82fc79a6183047c5446,False,,scf_a82fc79a6183047c5446
par_a82ffc75e025367b5813,c1ccccc1,scf_13cad05ca8f49c509e5b,False,,scf_13cad05ca8f49c509e5b
par_a849509b1f70366bb89e,C1=Cc2ccccc2Nc2ccccc21,scf_2389b5714d5e43397cc1,False,,scf_2389b5714d5e43397cc1
par_a84ec9bde8a297659818,O=C1CC(=O)NC(=O)[N-]1,scf_bdcc589ba8109da1f846,False,,scf_bdcc589ba8109da1f846
par_a8555143e47fa8d2b44d,O=c1cc[nH]cn1,scf_e2361e4f37692f093c83,False,,scf_e2361e4f37692f093c83
par_a87dadd5b02dbba382ac,c1ccccc1,scf_13cad05ca8f49c509e5b,False,,scf_13cad05ca8f49c509e5b
par_a896d495b04a450b732a,c1ccc2ccccc2c1,scf_a896d495b04a450b732a,False,,scf_a896d495b04a450b732a
par_a89d6bd0c659b54c6d98,c1ccccc1,scf_13cad05ca8f49c509e5b,False,,scf_13cad05ca8f49c509e5b
par_a8a010b003d13e629959,c1ccc(-c2ccncc2)cc1,scf_a8a010b003d13e629959,False,,scf_a8a010b003d13e629959
par_a8a32ecd92639426d58f,,,True,acy_f5c7d2487996afd4bbbb,acy_f5c7d2487996afd4bbbb
par_a8aa65b5e92097371caf,O=C1NCCN1,scf_9c2f79081fc31ff338df,False,,scf_9c2f79081fc31ff338df
par_a8b27756c04cb681bf39,c1nn[nH]n1,scf_db21a7de61c8be416c31,False,,scf_db21a7de61c8be416c31
par_a8bf586fba6a0df8397a,,,True,acy_57f510a8f4ce43675fa8,acy_57f510a8f4ce43675fa8
par_a8c3ebf79ddace8b6562,c1ccccc1,scf_13cad05ca8f49c509e5b,False,,scf_13cad05ca8f49c509e5b
par_a8cfffa66b23ca8364f3,O=C(CCN1CCOCC1)Nc1ccccc1,scf_669b7f6780aedebd81f7,False,,scf_669b7f6780aedebd81f7
par_a8d1f3da14ad60054550,O=C(Oc1ccccc1)Oc1ccccc1,scf_a8d1f3da14ad60054550,False,,scf_a8d1f3da14ad60054550
par_a8daf8c5800683abd84e,c1ccc2ncccc2c1,scf_a8daf8c5800683abd84e,False,,scf_a8daf8c5800683abd84e
par_a8ef197eb1e695618b56,O=C(Nc1ccccc1)NC1CCCCC1,scf_92d9f7de5058a9548482,False,,scf_92d9f7de5058a9548482
par_a9046b2adc898db03881,O=[PH](OCC1CCC(n2cnc3cncnc32)O1)O[PH](=O)OCC1CCC([n+]2ccccc2)O1,scf_f8612cdf3a58257f1482,False,,scf_f8612cdf3a58257f1482
par_a9071037ddfddb72d49f,C1CNCCNCCNCCN1,scf_a9071037ddfddb72d49f,False,,scf_a9071037ddfddb72d49f
par_a90b6edfb85070111cf3,O=c1cccc[nH]1,scf_06578ea4e88f81e86e01,False,,scf_06578ea4e88f81e86e01
par_a910e51b8ef4ac4d6664,,,True,acy_922c3cb694883a28c01b,acy_922c3cb694883a28c01b
par_a9234cbd443817cc51ad,c1ccc(Oc2ccccc2)cc1,scf_9affd80d02f471acfe8b,False,,scf_9affd80d02f471acfe8b
par_a946637d61a48aec5fb3,c1ccccc1,scf_13cad05ca8f49c509e5b,False,,scf_13cad05ca8f49c509e5b
par_a967797039db5a06fbbb,C1=C2CCCC[C@@H]2C2CCCC[C@@H]2C1,scf_efa50c0076874267cb43,False,,scf_efa50c0076874267cb43
par_a9693a50574f01fcb811,c1ccccc1,scf_13cad05ca8f49c509e5b,False,,scf_13cad05ca8f49c509e5b
par_a9890075c0af3050928c,c1ccc(Cc2ccccc2)cc1,scf_05784e2ddd36e41751a8,False,,scf_05784e2ddd36e41751a8
par_a9890470664b9b7208de,c1ccncc1,scf_75c7a4b0b41e43900bfb,False,,scf_75c7a4b0b41e43900bfb
par_a98d7b4e9cb4741575b3,c1ccccc1,scf_13cad05ca8f49c509e5b,False,,scf_13cad05ca8f49c509e5b
par_a992e5e56a458743b929,,,True,acy_29e17b4746ddbd30372c,acy_29e17b4746ddbd30372c
par_a99406e8be01bf7cd63c,,,True,acy_fe37ab14e0b0c0e7ac1c,acy_fe37ab14e0b0c0e7ac1c
par_a9aaffa9ae8943f1989c,O=C(Nc1ccccc1)Nc1ccccc1,scf_f53c8545aaf2f2b9228f,False,,scf_f53c8545aaf2f2b9228f
par_a9b5f6c3e98db693eef6,C=C(c1ccccc1)c1ccccc1,scf_c14e6511ba811d533156,False,,scf_c14e6511ba811d533156
par_a9b824efc5796b47a100,c1ccccc1,scf_13cad05ca8f49c509e5b,False,,scf_13cad05ca8f49c509e5b
par_a9bb02a9890afcb11aa0,O=C(Nc1ncccn1)NS(=O)(=O)Cc1ccccc1,scf_5ee6dca4714f11ef5f47,False,,scf_5ee6dca4714f11ef5f47
par_a9bbc69cea45d149eb5c,c1ccccc1,scf_13cad05ca8f49c509e5b,False,,scf_13cad05ca8f49c509e5b
par_a9c28100bf1eeeafa350,S=C(Nc1ccccc1)Nc1ccccc1,scf_ace9bc49f41d65a020a7,False,,scf_ace9bc49f41d65a020a7
par_a9ce389b4f23847291c4,C1CCC(NC2CCCCC2)CC1,scf_a9ce389b4f23847291c4,False,,scf_a9ce389b4f23847291c4
par_a9cf0676fe4d69e0c9bf,O=C1CCCCC1,scf_28ed7f4abc3f360949be,False,,scf_28ed7f4abc3f360949be
par_a9d7359a51f9289c9ca3,,,True,acy_35679fac29eb82199fb1,acy_35679fac29eb82199fb1
par_a9d8aee66b7846b70140,,,True,acy_02ff9dde392fc8a169a4,acy_02ff9dde392fc8a169a4
par_a9dcb804276ff4181793,c1ccccc1,scf_13cad05ca8f49c509e5b,False,,scf_13cad05ca8f49c509e5b
par_a9fb021b5bbf60001611,c1ccc(-c2ccccc2)cc1,scf_27dacb226b18e24b40e3,False,,scf_27dacb226b18e24b40e3
par_aa1d4317fe720270f5eb,,,True,acy_0f031f68a0d980cc3555,acy_0f031f68a0d980cc3555
par_aa22db61215268b1b138,c1c[nH]cn1,scf_5c2d4306fe1e3da2ea88,False,,scf_5c2d4306fe1e3da2ea88
par_aa2bd330a7496c470f02,c1ccccc1,scf_13cad05ca8f49c509e5b,False,,scf_13cad05ca8f49c509e5b
par_aa34240966dcbdf68289,,,True,acy_7d3902dca354fca49067,acy_7d3902dca354fca49067
par_aa3d261e26a5d6d760ba,,,True,acy_c66fd80fbe01d9de0884,acy_c66fd80fbe01d9de0884
par_aa5130f1b438b19cb8ff,,,True,acy_e97446a262aa3c7c23ad,acy_e97446a262aa3c7c23ad
par_aa531ec704ef17b4cc04,c1ccc2c(CC3CC4CCN3CC4)ccnc2c1,scf_452c642aaf75250efc55,False,,scf_452c642aaf75250efc55
par_aa5a0393823793d1334d,,,True,acy_bd9ad975290b5dd17a62,acy_bd9ad975290b5dd17a62
par_aa68e5dedc378bae042e,C1CCCCC1,scf_a21c4f64dcc59dd2ede8,False,,scf_a21c4f64dcc59dd2ede8
par_aa776d017a7413eaa98d,,,True,acy_60974d03c3d54d14107c,acy_60974d03c3d54d14107c
par_aa946e305f75d9887aa7,,,True,acy_00f5699d1e744caac8dc,acy_00f5699d1e744caac8dc
par_aa9dca9dc1315be429b6,,,True,acy_58b7e9b22a5ff84ff3e7,acy_58b7e9b22a5ff84ff3e7
par_aaa24e9f1b7e7ee9262c,,,True,acy_4bef73af6003cca739d4,acy_4bef73af6003cca739d4
par_aaa6acb965f9408d1116,,,True,acy_f3e35b6510489197e52a,acy_f3e35b6510489197e52a
par_aaa9e978df8fb59e184b,C1=CCCCC1,scf_fe8528cff2dfdfccb743,False,,scf_fe8528cff2dfdfccb743
par_aab3225a3b40c1a6835c,O=C(Nc1ncccn1)NS(=O)(=O)c1ccccn1,scf_45c8de348487f71d78be,False,,scf_45c8de348487f71d78be
par_aab34ef8f65a7aedddde,c1ccccc1,scf_13cad05ca8f49c509e5b,False,,scf_13cad05ca8f49c509e5b
par_aac828b305aeea2694ff,O=P(Oc1ccccc1)(Oc1ccccc1)Oc1ccccc1,scf_b6533a219393f1129d26,False,,scf_b6533a219393f1129d26
par_aad535dc327fe1885e99,c12c3c4c5c1c1c6c7c2c2c8c3c3c9c4c4c%10c5c5c1c1c6c6c%11c7c2c2c7c8c3c3c8c9c4c4c9c%10c5c5c1c1c6c6c%11c2c2c7c3c3c8c4c4c9c5c1c1c6c2c3c41,scf_aad535dc327fe1885e99,False,,scf_aad535dc327fe1885e99
par_aad6aee15ed02eed99e0,C1CCCCC1,scf_a21c4f64dcc59dd2ede8,False,,scf_a21c4f64dcc59dd2ede8
par_aadd4dcc5abbae5a65c4,c1nc[nH]n1,scf_32ca2262b0d7bc622317,False,,scf_32ca2262b0d7bc622317
par_aadda6e3147a13d4f512,O=C1C=C2CC[C@H]3[C@@H]4CCCC4CC(=O)[C@@H]3C2CC1,scf_95193817879504cbbcaa,False,,scf_95193817879504cbbcaa
par_aaf3cbd52bafc2fb553a,c1ccccc1,scf_13cad05ca8f49c509e5b,False,,scf_13cad05ca8f49c509e5b
par_aaf4367513cd421b561a,,,True,acy_4f3fe0083afcad0b957e,acy_4f3fe0083afcad0b957e
par_ab0a79a156d9ac237efc,c1ccccc1,scf_13cad05ca8f49c509e5b,False,,scf_13cad05ca8f49c509e5b
par_ab1de819ede91df490e6,,,True,acy_c7f21f19721d671b7253,acy_c7f21f19721d671b7253
par_ab32456773a1a791f4f3,O=c1[nH]cnn1-c1ccccc1,scf_7a5d1587314c744a8c29,False,,scf_7a5d1587314c744a8c29
par_ab442fe0e5980551fc67,c1ccc(N=Nc2cnn(-c3ccccc3)c2)cc1.c1ccc(N=Nc2cnn(-c3ccccc3)c2)cc1,scf_3e77874258e1845d4a68,False,,scf_3e77874258e1845d4a68
par_ab46aad2482d3ea0b15a,c1ccc(C(c2ccccc2)c2ccccc2)cc1,scf_58cb07e9f5840413c314,False,,scf_58cb07e9f5840413c314
par_ab4b0dd8425e06aab692,C1CC2CCC1C2,scf_8decb4ecd7f11859f828,False,,scf_8decb4ecd7f11859f828
par_ab53972a2bf1bcf3f5b7,c1ncncn1,scf_89055dbbabf38236f98e,False,,scf_89055dbbabf38236f98e
par_ab5d0d45a21f88d98b97,,,True,acy_e5b95792e9d210f270cd,acy_e5b95792e9d210f270cd
par_ab646cb8a12d7830c6ef,O=C1CCCCC1,scf_28ed7f4abc3f360949be,False,,scf_28ed7f4abc3f360949be
par_ab6da0c969c02e0f3b8b,,,True,acy_02d3c252cb9b05c81215,acy_02d3c252cb9b05c81215
par_ab79e841af27f1ac24d5,,,True,acy_1715aeafa9edbb618c0e,acy_1715aeafa9edbb618c0e
par_ab86a1d17935c21f3ded,c1ncncn1,scf_89055dbbabf38236f98e,False,,scf_89055dbbabf38236f98e
par_ab8f09fbaae8ac5a37d7,c1ccccc1,scf_13cad05ca8f49c509e5b,False,,scf_13cad05ca8f49c509e5b
par_ab9139a165f23db4eafa,c1ccccc1,scf_13cad05ca8f49c509e5b,False,,scf_13cad05ca8f49c509e5b
par_ab99e763c249dbbf14eb,c1ccc2[s+]c3ccccc3nc2c1,scf_a8bb5c2918a53be0df11,False,,scf_a8bb5c2918a53be0df11
par_ab9d05f7f792a19a03b2,,,True,acy_14c7e0998d9589fd20a7,acy_14c7e0998d9589fd20a7
par_abb4ca1b769701ee6a2b,,,True,acy_87be56a146d07bd7b693,acy_87be56a146d07bd7b693
par_abbfe2935b8343429a03,,,True,acy_f2097066b862c21a1d5a,acy_f2097066b862c21a1d5a
par_abcbe8a3db7cf6dabd00,c1ccccc1,scf_13cad05ca8f49c509e5b,False,,scf_13cad05ca8f49c509e5b
par_abcc90da070f8da84653,,,True,acy_dc3c5eb921aa26eb7e07,acy_dc3c5eb921aa26eb7e07
par_abcff472d9474cfbc77b,,,True,acy_fbbf77f1d39435d851b7,acy_fbbf77f1d39435d851b7
par_abdb4aada71d29a5e6ea,O=C(OOC(=O)OC1CCCCC1)OC1CCCCC1,scf_2782e716db3269ff508c,False,,scf_2782e716db3269ff508c
par_abe6a8eadb8a9d64e629,,,True,acy_f2097066b862c21a1d5a,acy_f2097066b862c21a1d5a
par_abed1b18c26ab28a8910,c1ccccc1,scf_13cad05ca8f49c509e5b,False,,scf_13cad05ca8f49c509e5b
par_abed4a1569623d633843,c1ccc2ncccc2c1,scf_a8daf8c5800683abd84e,False,,scf_a8daf8c5800683abd84e
par_abf82e47f8a6f7fa9f48,c1ccoc1,scf_39d2b6272e06abeff644,False,,scf_39d2b6272e06abeff644
par_abfb247b65d73ec88248,,,True,acy_eea40da2135f8f6caa5e,acy_eea40da2135f8f6caa5e
par_ac0976888542f6eda929,,,True,acy_a129252ba788e06bbc77,acy_a129252ba788e06bbc77
par_ac18bd0cfc60600c31fd,c1ccc(-n2nc3ccccc3n2)cc1,scf_b889f6cb826d30b728ad,False,,scf_b889f6cb826d30b728ad
par_ac1e2f5412fe39c026ce,,,True,acy_703dfcb0c6990350631b,acy_703dfcb0c6990350631b
par_ac2723bc35afaa602860,,,True,acy_5237380d907e81fc9baf,acy_5237380d907e81fc9baf
par_ac345419a8a5341a2df1,c1ccc(C[NH2+]CCOCCOc2ccccc2)cc1,scf_8f5614cb9d4e183ebdb5,False,,scf_8f5614cb9d4e183ebdb5
par_ac495df92ef24b24220a,,,True,acy_0d167ddda31ef4a958aa,acy_0d167ddda31ef4a958aa
par_ac543cd7a0c1b3ac52fb,C1CC[CH]([SnH]([CH]2CCCCC2)[CH]2CCCCC2)CC1,scf_2440263bbc62858fb219,False,,scf_2440263bbc62858fb219
par_ac6249efc8b3f6811964,,,True,acy_4e9869bcf6313a0ea92e,acy_4e9869bcf6313a0ea92e
par_ac71467c540dcabc3c7d,,,True,acy_b9e2cd24d82136a01a61,acy_b9e2cd24d82136a01a61
par_ac80007a9099d7380b2e,,,True,acy_641500e1039860479579,acy_641500e1039860479579
par_ac8552dbd2beffb14d30,,,True,acy_ac2121884e34a5e3a386,acy_ac2121884e34a5e3a386
par_ac892452b78fa5d6966f,C1=CCCCC1,scf_fe8528cff2dfdfccb743,False,,scf_fe8528cff2dfdfccb743
par_ac8995ba144ae6847b4d,O=C1O[C@H]2C[C@@H](C/C=C/C(O[C@H]3CCC(O[C@H]4CCCCO4)CO3)C/C=C/C=C3\CO[C@@H]4CC=C[C@@H]1C34)O[C@@]1(C=CC[C@@H](C3CCCCC3)O1)C2,scf_af51739d55fe9fdc0902,False,,scf_af51739d55fe9fdc0902
par_ac9517ce94e793c3cea3,O=C(Cc1ccccc1)OC1CC2CCC(C1)N2.O=C(Cc1ccccc1)OC1CC2CCC(C1)N2,scf_cdc09fcb2ab33ebbb97f,False,,scf_cdc09fcb2ab33ebbb97f
par_ac9799ffe5bb0c4181c5,O=C1C=Cc2ccccc2/C1=N\Nc1ccccc1,scf_5db4f6e46e49716b6b17,False,,scf_5db4f6e46e49716b6b17
par_aca1ac1901d44d66d9be,,,True,acy_7677f89b7cd74171faf2,acy_7677f89b7cd74171faf2
par_aca828b2559618e581c0,O=C1NCCCN1,scf_5ee1fe502400d24713d1,False,,scf_5ee1fe502400d24713d1
par_acc950996b70fe32f0d2,,,True,acy_6a2ed24bad1b123395e0,acy_6a2ed24bad1b123395e0
par_ace4fd17aabfc615e4bc,,,True,acy_43f0c8ae555cc08c0b80,acy_43f0c8ae555cc08c0b80
par_ace95b9034686c408b14,,,True,acy_00f5699d1e744caac8dc,acy_00f5699d1e744caac8dc
par_ace9bc49f41d65a020a7,S=C(Nc1ccccc1)Nc1ccccc1,scf_ace9bc49f41d65a020a7,False,,scf_ace9bc49f41d65a020a7
par_ace9c152d35ea307c485,c1ccc(Nc2ncncn2)cc1,scf_fede06289cf13ef3a8a2,False,,scf_fede06289cf13ef3a8a2
par_acea9bbeb39f5ff3651c,,,True,acy_f2097066b862c21a1d5a,acy_f2097066b862c21a1d5a
par_acfd6c3f8444f349469b,C1CC2CCC1C2,scf_8decb4ecd7f11859f828,False,,scf_8decb4ecd7f11859f828
par_acfdaa02d2fa8d2791ae,c1ccc2c(c1)ccc1c3ccccc3ccc21,scf_acfdaa02d2fa8d2791ae,False,,scf_acfdaa02d2fa8d2791ae
par_ad0f9f6d497ca1961d9a,C1CCC(O[C@@H]2OCC[C@H]2O[C@H]2CCCCO2)CC1,scf_de07aa60fdc9a26d6eea,False,,scf_de07aa60fdc9a26d6eea
par_ad19e0f2b6acee8dae23,c1ccccc1,scf_13cad05ca8f49c509e5b,False,,scf_13cad05ca8f49c509e5b
par_ad2e64dffedc6a11ce5b,,,True,acy_b9150a34ebaa4038f101,acy_b9150a34ebaa4038f101
par_ad31c09ef5457c70e871,O=C1CC(=O)NC(=O)[N-]1,scf_bdcc589ba8109da1f846,False,,scf_bdcc589ba8109da1f846
par_ad3ef032f8a1755916ff,O=c1cnnc[nH]1,scf_b1d2bc0939b996ed18a3,False,,scf_b1d2bc0939b996ed18a3
par_ad4f9e0d50c79c33a6ac,,,True,acy_f0100c730bf506895d40,acy_f0100c730bf506895d40
par_ad526e93cc108edcac07,,,True,acy_ad623c0bf22be33a65dd,acy_ad623c0bf22be33a65dd
par_ad590099887252b88ea8,,,True,acy_eeebd55baecf69385d3f,acy_eeebd55baecf69385d3f
par_ad68160f40eaf5886a5b,c1ccccc1,scf_13cad05ca8f49c509e5b,False,,scf_13cad05ca8f49c509e5b
par_ad69196ee315265d4787,c1ccc(N=Nc2nc(-c3ccccc3)ns2)cc1,scf_4714eaf1006237b84562,False,,scf_4714eaf1006237b84562
par_ad6b0070c55dc1452bea,C1=CCCCC1,scf_fe8528cff2dfdfccb743,False,,scf_fe8528cff2dfdfccb743
par_ad6fe5d1bc52662859f4,c1ccccc1,scf_13cad05ca8f49c509e5b,False,,scf_13cad05ca8f49c509e5b
par_ad79e428fc1c0917ca88,,,True,acy_64b6f935b1ef639296f4,acy_64b6f935b1ef639296f4
par_ad7b2640d4b76a6a6a51,,,True,acy_a45976fc80f2af938c6a,acy_a45976fc80f2af938c6a
par_ad7bb201bef0c36207fa,,,True,acy_e0a514e6bd16df05ef74,acy_e0a514e6bd16df05ef74
par_ad8669e65c04edf639d3,c1ccc2[nH]ccc2c1,scf_e65f5bb7d6337f0d157e,False,,scf_e65f5bb7d6337f0d157e
par_ad92837b8413d7fffe9a,,,True,acy_7adb0b5d5bb3d6b4fb5e,acy_7adb0b5d5bb3d6b4fb5e
par_ada2cb9996ac4a02ed8d,c1ccc(COC2CC3CCC2O3)cc1,scf_d2f9b07a0f7d6f488693,False,,scf_d2f9b07a0f7d6f488693
par_adad590f8c8f23c55049,,,True,acy_77952e0f93c63cc32898,acy_77952e0f93c63cc32898
par_adb36d48b1d73310c5f7,,,True,acy_bfb9748d87aa9858cae9,acy_bfb9748d87aa9858cae9
par_adc188a4af5ef447d502,c1cc(CN2CCCC2)cc(Nc2ccnc3ccccc23)c1,scf_8c772424d3577beac710,False,,scf_8c772424d3577beac710
par_add25e051bee4571ed0b,C1CCCCC1,scf_a21c4f64dcc59dd2ede8,False,,scf_a21c4f64dcc59dd2ede8
par_add4757fb77db09a4a3b,,,True,acy_f2097066b862c21a1d5a,acy_f2097066b862c21a1d5a
par_add8c558013de474c9c2,,,True,acy_d45b8f97aa4694424835,acy_d45b8f97aa4694424835
par_ade9399d4f0daf994d9e,c1ccc(-c2ccc(OCn3cncn3)cc2)cc1,scf_5cc3db17d8ce98cba6a2,False,,scf_5cc3db17d8ce98cba6a2
par_adf618afaa85de0ef89e,O=C1C=CC(=O)N1c1ccccc1,scf_adf618afaa85de0ef89e,False,,scf_adf618afaa85de0ef89e
par_ae1227c5b5b70f452222,C1OCN2COCC12,scf_eb6703bf9e7d1498401c,False,,scf_eb6703bf9e7d1498401c
par_ae1676f383534b62daf7,O=c1[n-]c(=O)[nH]c(=O)[nH]1.O=c1[nH]c(=O)[nH]c(=O)[nH]1,scf_1327ac3dc7f51778bf8c,False,,scf_1327ac3dc7f51778bf8c
par_ae19eb673d2ad2922e52,O=C1C=CC(=O)C=C1,scf_8cdfcd7b604185b8463f,False,,scf_8cdfcd7b604185b8463f
par_ae206b79f2212ccdbf90,c1ccccc1,scf_13cad05ca8f49c509e5b,False,,scf_13cad05ca8f49c509e5b
par_ae29e7c31b56198a7e79,,,True,acy_0d167ddda31ef4a958aa,acy_0d167ddda31ef4a958aa
par_ae3c9400c43a5e9ec5ed,C1CCCCC1,scf_a21c4f64dcc59dd2ede8,False,,scf_a21c4f64dcc59dd2ede8
par_ae3fe82c7152a14bebb9,O=C1CCCN1,scf_fb7798f75f8e7a9de3c9,False,,scf_fb7798f75f8e7a9de3c9
par_ae5d0b26237e9cae2bef,C1CN1,scf_ae5d0b26237e9cae2bef,False,,scf_ae5d0b26237e9cae2bef
par_ae6158053f4e8c142578,,,True,acy_296fd715e4aaae3ed40c,acy_296fd715e4aaae3ed40c
par_ae6243fac95eb6c3a39a,c1ccc(-c2ccc(-c3ccccc3)cc2)cc1,scf_eee78afb54bb95a71d06,False,,scf_eee78afb54bb95a71d06
par_ae7ba7e9b8e2e638090a,O=C1NC(=O)c2ccccc21,scf_755cd7d31d8401b962e7,False,,scf_755cd7d31d8401b962e7
par_ae82d9c96763afd942d8,,,True,acy_416f1b9b3f5ac16e6b4f,acy_416f1b9b3f5ac16e6b4f
par_ae8311a9cd4736bdbd53,c1ccc(Oc2cnc3ccccc3n2)cc1,scf_1c3ce9d8c7a50f462203,False,,scf_1c3ce9d8c7a50f462203
par_aea3687162773fe5d172,c1ccccc1,scf_13cad05ca8f49c509e5b,False,,scf_13cad05ca8f49c509e5b
par_aeb19f450bee80fb1096,,,True,acy_db0bafcee2ed0f6b6c79,acy_db0bafcee2ed0f6b6c79
par_aec6d389be6c188a13c1,c1ccc2c(c1)-c1nc-2nc2[n-]c(nc3nc(nc4[n-]c(n1)c1ccccc41)-c1ccccc1-3)c1ccccc21,scf_aec6d389be6c188a13c1,False,,scf_aec6d389be6c188a13c1
par_aece2e97a54d8057b5ec,,,True,acy_eea40da2135f8f6caa5e,acy_eea40da2135f8f6caa5e
par_aed998cbe39c16408ca9,,,True,acy_49cada32b342641a44f1,acy_49cada32b342641a44f1
par_aee167c1feabd4103d6a,,,True,acy_96f73fba8bf52cf4dcad,acy_96f73fba8bf52cf4dcad
par_aeec579df906ef98cf1b,,,True,acy_9edca392787d3c577eaa,acy_9edca392787d3c577eaa
par_aefd1532768fce85cc80,O=C(c1ccccc1)c1ccccc1,scf_113660f6820aa1505046,False,,scf_113660f6820aa1505046
par_af137fc90515c3523312,,,True,acy_b9ddb85d2e39e2f416df,acy_b9ddb85d2e39e2f416df
par_af16704bdc7aa3ac31d0,c1ccccc1,scf_13cad05ca8f49c509e5b,False,,scf_13cad05ca8f49c509e5b
par_af1770cfa0bc1be1e934,O=S1OC[C@@H]2C3C=CC(C3)[C@@H]2CO1,scf_0862cf954700fb21deaa,False,,scf_0862cf954700fb21deaa
par_af27455f1a486c775b37,c1ccccc1,scf_13cad05ca8f49c509e5b,False,,scf_13cad05ca8f49c509e5b
par_af324c9f05c67a7a98be,O=C(OCc1coc(Cc2ccccc2)c1)C1CC1.c1ccc2c(c1)OCO2,scf_a78cc8be0321735fcec4,False,,scf_a78cc8be0321735fcec4
par_af41550b829a0e4dfab6,O=C1C=CC(=O)CC1,scf_483b3f4c96cb28ac2813,False,,scf_483b3f4c96cb28ac2813
par_af42692b0fe865e37407,c1ccc2nc3ccccc3cc2c1,scf_f08dbc8e15ee95f3c572,False,,scf_f08dbc8e15ee95f3c572
par_af4bad46404285128ce0,c1ncsn1,scf_6488b80253ecbf39ab22,False,,scf_6488b80253ecbf39ab22
par_af52e41395c3b29c446f,,,True,acy_c46854afc6ffe5f249c2,acy_c46854afc6ffe5f249c2
par_af580f2e15065f4a047d,O=C1OC2(c3ccccc3Oc3ccccc32)c2ccccc21,scf_c14809c4399a897b6e91,False,,scf_c14809c4399a897b6e91
par_af5cd4b858a5cc2c153c,O=C1CCCN1.c1c[nH+]c[nH]1,scf_2bff7fe9f23b12808357,False,,scf_2bff7fe9f23b12808357
par_af66b96fd6550b81bd2a,O=C(COc1nc2ccccc2s1)Nc1ccccc1,scf_e255bb0312da9ac5aa8e,False,,scf_e255bb0312da9ac5aa8e
par_af7c3b74e9631c47a7fa,O=c1cccnn1-c1ccccc1,scf_d92fd55b020cee7b9b79,False,,scf_d92fd55b020cee7b9b79
par_af8939b1c4bba9ec88e6,,,True,acy_aa77e82f29969afe84e6,acy_aa77e82f29969afe84e6
par_af93166ff6b5eb582483,O=c1cccnn1-c1ccccc1,scf_d92fd55b020cee7b9b79,False,,scf_d92fd55b020cee7b9b79
par_af948137250823d5d705,O=C1C=C2CC[C@H]3[C@@H]4CCCC4CC[C@@H]3C2CC1,scf_02f9fbcd400f7be38003,False,,scf_02f9fbcd400f7be38003
par_afab001928bc03f2477c,O=c1ccs[nH]1,scf_e9594c1d6bf486c43ac1,False,,scf_e9594c1d6bf486c43ac1
par_afada748f6ce802e168b,c1ccccc1,scf_13cad05ca8f49c509e5b,False,,scf_13cad05ca8f49c509e5b
par_afb9184c6875164d53a6,c1ccc2ncccc2c1,scf_a8daf8c5800683abd84e,False,,scf_a8daf8c5800683abd84e
par_afc330288265acad8e19,,,True,acy_e126c12bb438a7eaa1ea,acy_e126c12bb438a7eaa1ea
par_afc5544be1c425293350,,,True,acy_4b8a183749d252197540,acy_4b8a183749d252197540
par_afc86c8443b30ddbd30a,c1ccccc1,scf_13cad05ca8f49c509e5b,False,,scf_13cad05ca8f49c509e5b
par_afcd08cbdcc23f29eeec,,,True,acy_f2097066b862c21a1d5a,acy_f2097066b862c21a1d5a
par_afcdcf962e39ee6e2ad0,C1CCCCC1,scf_a21c4f64dcc59dd2ede8,False,,scf_a21c4f64dcc59dd2ede8
par_afd67e68e261378f0e38,,,True,acy_36418803578fa61fe1e0,acy_36418803578fa61fe1e0
par_afe3675d26720a2d6b9c,C1CCCCC1.c1ccccc1,scf_e0097b03a1accc6a6a0a,False,,scf_e0097b03a1accc6a6a0a
par_aff14661a177fb9a7eb0,c1ccc([C@H]2COc3ccccc3C2)cc1,scf_a887ca4c9a21325e57f1,False,,scf_a887ca4c9a21325e57f1
par_affd8352a595b47e2478,,,True,acy_5988b2318651564c1ee2,acy_5988b2318651564c1ee2
par_b00014bedbaba3c96c5a,,,True,acy_fbe066af7feed17eaf6c,acy_fbe066af7feed17eaf6c
par_b00246ed014f9d99b206,c1ccc2ccccc2c1,scf_a896d495b04a450b732a,False,,scf_a896d495b04a450b732a
par_b01c40339506e3329b69,c1ccc(N=Nc2[nH+]c3ccccc3s2)cc1,scf_018d3ee07b9b1761d3a5,False,,scf_018d3ee07b9b1761d3a5
par_b03e54816cd764fc9472,c1ccc(Cc2cccc(Cc3ccccc3)c2)cc1.c1ccc(Cc2cccc(Cc3ccccc3)c2)cc1,scf_4c34bd6cc8f2252446b9,False,,scf_4c34bd6cc8f2252446b9
par_b03f2520ee2250a740b7,,,True,acy_8e6ffb366a5e9a5fb688,acy_8e6ffb366a5e9a5fb688
par_b05331e03c94173c8974,,,True,acy_90976668fa27673c29a3,acy_90976668fa27673c29a3
par_b063b5cbc4f7ffefb0d3,,,True,acy_b15beb8007700458ceb3,acy_b15beb8007700458ceb3
par_b06cd68ac7d7f3e9260c,,,True,acy_dbdae54709b60499859f,acy_dbdae54709b60499859f
par_b074029cb8fee4f41bc7,,,True,acy_b2977e62c5875780893f,acy_b2977e62c5875780893f
par_b0818422dc5b5f9e952d,O=C1C=CCCC1,scf_9e258000d96cef27d5aa,False,,scf_9e258000d96cef27d5aa
par_b0840719f53ea5f6ff6d,,,True,acy_2f10d9d0a292161d775c,acy_2f10d9d0a292161d775c
par_b087d688b9146a717bf8,,,True,acy_c295980eefc6614520f6,acy_c295980eefc6614520f6
par_b08c56ff1582f2c05ce5,O=C1C=CC(=CNOc2ccccc2)C=C1,scf_20ae07bada315d474cde,False,,scf_20ae07bada315d474cde
par_b094b3295afc868c90b1,C1CCOCC1,scf_e0a38598de1d53573ce8,False,,scf_e0a38598de1d53573ce8
par_b095923a3d5ca5b1e37b,,,True,acy_e24f44891b3cdf67507c,acy_e24f44891b3cdf67507c
par_b09a13473e5e9e0679ab,,,True,acy_6bd041ab29879a4b63c1,acy_6bd041ab29879a4b63c1
par_b0bf8f2a449878ffd27b,,,True,acy_4fd5c48a7edeb47631e6,acy_4fd5c48a7edeb47631e6
par_b0c42b6467b5510ecd00,,,True,acy_261eeacbfed6503f57f6,acy_261eeacbfed6503f57f6
par_b0cdfa3e734783ef230a,,,True,acy_4605b300cc9e3518e021,acy_4605b300cc9e3518e021
par_b0e79c53ba07e7a3d299,c1ccccc1,scf_13cad05ca8f49c509e5b,False,,scf_13cad05ca8f49c509e5b
par_b0f1c3443827efccc59d,c1ccc(Cc2ccccc2)cc1,scf_05784e2ddd36e41751a8,False,,scf_05784e2ddd36e41751a8
par_b0f5dfec34f126414170,,,True,acy_c3fb55248eb0288af31c,acy_c3fb55248eb0288af31c
par_b0ff28be19fb550517b0,O=C1Nc2ccccc2/C1=C/c1ccc[nH]1,scf_adbaa051229a173c2f47,False,,scf_adbaa051229a173c2f47
par_b10d8f4531100ec77ab9,c1ccccc1,scf_13cad05ca8f49c509e5b,False,,scf_13cad05ca8f49c509e5b
par_b10eddbf9ae2daeef8c8,c1ccccc1,scf_13cad05ca8f49c509e5b,False,,scf_13cad05ca8f49c509e5b
par_b12280aa75845e05f271,c1ccc2n[nH]nc2c1,scf_a221e2dd6b59406334aa,False,,scf_a221e2dd6b59406334aa
par_b1265f6aa0b1126b5ed8,O=C1C=CC(=O)c2ccccc21,scf_647942daa51930f7d0fc,False,,scf_647942daa51930f7d0fc
par_b12cd5c156c144a994c2,c1ccccc1,scf_13cad05ca8f49c509e5b,False,,scf_13cad05ca8f49c509e5b
par_b12d2d40198a0d3d30c3,C1CCC(O[C@@H]2CCCCO2)CC1,scf_e4e9758520d4e81c2b89,False,,scf_e4e9758520d4e81c2b89
par_b1314c693b853857bd1d,,,True,acy_b2b62ed7f72cac2c7532,acy_b2b62ed7f72cac2c7532
par_b146620c7aabe3a01a02,c1ccccc1,scf_13cad05ca8f49c509e5b,False,,scf_13cad05ca8f49c509e5b
par_b1521e0bc42d73ce03a0,,,True,acy_bf1bda37ca1ce1d5039b,acy_bf1bda37ca1ce1d5039b
par_b178ca7f7f3a39f34348,,,True,acy_7b1f9a91f9984223a824,acy_7b1f9a91f9984223a824
par_b179bd420339ad6aacc0,O=[PH](Oc1ccccc1)Oc1ccccc1,scf_908c711887c972964b2e,False,,scf_908c711887c972964b2e
par_b1801397067753435719,c1ccc(NNc2ccccc2)cc1,scf_b1801397067753435719,False,,scf_b1801397067753435719
par_b184694ee7d99ac11722,c1ccncc1,scf_75c7a4b0b41e43900bfb,False,,scf_75c7a4b0b41e43900bfb
par_b193b41ad1b145bde2d1,c1ccccc1,scf_13cad05ca8f49c509e5b,False,,scf_13cad05ca8f49c509e5b
par_b1948cb7f406ef0df658,,,True,acy_c458f9eaba618386b013,acy_c458f9eaba618386b013
par_b194f85489b4c930d38a,c1ccc2[nH]ccc2c1,scf_e65f5bb7d6337f0d157e,False,,scf_e65f5bb7d6337f0d157e
par_b1a4856d72d81e390976,O=C1C=Cc2ccccc2/C1=N/Nc1ccccc1,scf_f914e167a5b755d1ce69,False,,scf_f914e167a5b755d1ce69
par_b1b8676decafa093e3c2,,,True,acy_42fad99340318e7863d8,acy_42fad99340318e7863d8
par_b1beba0d6925c06a45cf,,,True,acy_43f55c273a44d55d8a6a,acy_43f55c273a44d55d8a6a
par_b1ca1147f5d0e7caa7d0,c1ccccc1,scf_13cad05ca8f49c509e5b,False,,scf_13cad05ca8f49c509e5b
par_b1cef776bea87f25e0ef,c1ccccc1,scf_13cad05ca8f49c509e5b,False,,scf_13cad05ca8f49c509e5b
par_b1d2f859c10d44d72ad0,C1=CCCCC1,scf_fe8528cff2dfdfccb743,False,,scf_fe8528cff2dfdfccb743
par_b1d5f5cb335d33e1c739,c1ccccc1,scf_13cad05ca8f49c509e5b,False,,scf_13cad05ca8f49c509e5b
par_b1dae0b41810f0d3e9d2,c1ccccc1,scf_13cad05ca8f49c509e5b,False,,scf_13cad05ca8f49c509e5b
par_b1dc3cf418250fe334db,O=C1NCCN1,scf_9c2f79081fc31ff338df,False,,scf_9c2f79081fc31ff338df
par_b1e649da997be3f04110,c1ccccc1,scf_13cad05ca8f49c509e5b,False,,scf_13cad05ca8f49c509e5b
par_b1e84af38615924c9239,,,True,acy_299d97b13375f09dcb46,acy_299d97b13375f09dcb46
par_b1fe588f1dc40640ed52,,,True,acy_3dc99a62a36ddc79ebba,acy_3dc99a62a36ddc79ebba
par_b2125536fd28463ec9af,,,True,acy_3e0ea233cde1b6a6b050,acy_3e0ea233cde1b6a6b050
par_b221a3541ba418edd84a,c1ccccc1,scf_13cad05ca8f49c509e5b,False,,scf_13cad05ca8f49c509e5b
par_b225e583df6a2c800c47,,,True,acy_da842db2b3e03be9a819,acy_da842db2b3e03be9a819
par_b22c7e7e8456e44897e6,,,True,acy_b2f74a8904f0417506ea,acy_b2f74a8904f0417506ea
par_b232f86e9d0582b71da9,O=C(CN=Nc1ccc(-c2ccc(N=NCC(=O)Nc3ccccc3)cc2)cc1)Nc1ccccc1,scf_aca016b018f77b44e647,False,,scf_aca016b018f77b44e647
par_b2370a1577dc45a17feb,c1ccc(C2=NCCN2)cc1.c1ccc(C2=NCCN2)cc1.c1ccccc1,scf_16a8a990d7eb37b6df77,False,,scf_16a8a990d7eb37b6df77
par_b23c7b376a12e5110200,,,True,acy_f79e2bd7d657836f3bfe,acy_f79e2bd7d657836f3bfe
par_b24a0f520d22b04747f0,,,True,acy_821a8f89e7243c85df16,acy_821a8f89e7243c85df16
par_b24e031ecf2cbd974904,O=C1NC2CSCC2N1,scf_9abbe530643c6991cc56,False,,scf_9abbe530643c6991cc56
par_b262b2b94c0eb249a976,,,True,acy_90b6f6013b81ff87cf66,acy_90b6f6013b81ff87cf66
par_b26b2b523cff0339c364,,,True,acy_a58cd97d3685f29237e5,acy_a58cd97d3685f29237e5
par_b27647bf2ebb33d1a92c,,,True,acy_31f7d294e30c490a202f,acy_31f7d294e30c490a202f
par_b27bd0a2843e6563da3d,O=C(Cc1ccccc1)OCc1cccc(Oc2ccccc2)c1,scf_d5a184cd42d31e589119,False,,scf_d5a184cd42d31e589119
par_b287058554dbb4e97488,,,True,acy_9d3a2c087a496e8c17a3,acy_9d3a2c087a496e8c17a3
par_b28893ad7e0c9ca846da,,,True,acy_52935990705c9aed80ea,acy_52935990705c9aed80ea
par_b2917a4477af1ec76143,c1ccc2ccccc2c1,scf_a896d495b04a450b732a,False,,scf_a896d495b04a450b732a
par_b2a02ad4ea5295cb11e1,O=C1CCCO1,scf_b2a02ad4ea5295cb11e1,False,,scf_b2a02ad4ea5295cb11e1
par_b2a989a03b5c3751c797,c1ccc2ccccc2c1,scf_a896d495b04a450b732a,False,,scf_a896d495b04a450b732a
par_b2c4bea78e7299ed406d,,,True,acy_acbdccca7d09be8ad944,acy_acbdccca7d09be8ad944
par_b2c64740ce5637421502,c1ccc2ccccc2c1.c1ccccc1,scf_c2bb701d8ed2521027d4,False,,scf_c2bb701d8ed2521027d4
par_b2d0c4d338f36aa52203,,,True,acy_90485bf7cf57a8c223d8,acy_90485bf7cf57a8c223d8
par_b2d2932aa3f5565b51fb,c1ccccc1,scf_13cad05ca8f49c509e5b,False,,scf_13cad05ca8f49c509e5b
par_b2e6f8808028fa242ee6,,,True,acy_04640cc7a2b377098f31,acy_04640cc7a2b377098f31
par_b2eb82cda88456189401,c1ccccc1,scf_13cad05ca8f49c509e5b,False,,scf_13cad05ca8f49c509e5b
par_b2eb8a1ce78f4743f86b,,,True,acy_65ebe1faa7b4f31a0bbb,acy_65ebe1faa7b4f31a0bbb
par_b2f81eab4bef200f70be,,,True,acy_4aa9f6b47df2274f6ac4,acy_4aa9f6b47df2274f6ac4
par_b301593dc62dba07e8dc,c1ccccc1,scf_13cad05ca8f49c509e5b,False,,scf_13cad05ca8f49c509e5b
par_b317989fad2b67626840,O=C1C=COC1,scf_13b27243e160e03eff85,False,,scf_13b27243e160e03eff85
par_b31c431c3d8a94b739f3,c1ncnc(NC2CC2)n1,scf_7b7d60bbfc49845bb5f5,False,,scf_7b7d60bbfc49845bb5f5
par_b32a356ffcd63b954218,,,True,acy_465d7c426c437bb17370,acy_465d7c426c437bb17370
par_b32cd3de767d16339d82,c1ccccc1,scf_13cad05ca8f49c509e5b,False,,scf_13cad05ca8f49c509e5b
par_b32f213e573a05bdcf57,c1ccccc1,scf_13cad05ca8f49c509e5b,False,,scf_13cad05ca8f49c509e5b
par_b336526087302099b4ce,c1ccccc1,scf_13cad05ca8f49c509e5b,False,,scf_13cad05ca8f49c509e5b
par_b337b0f5fa5bf9f890db,c1ccc2ccccc2c1,scf_a896d495b04a450b732a,False,,scf_a896d495b04a450b732a
par_b344c055a72351d0fa6e,,,True,acy_465d7c426c437bb17370,acy_465d7c426c437bb17370
par_b369cb7adf348cf8a776,c1ccc(-c2cc(-c3ccccc3)[nH+][nH]2)cc1,scf_f35100eb33283c3c877a,False,,scf_f35100eb33283c3c877a
par_b39165ef45dbe10e7db1,c1ccc2c(c1)CCCO2,scf_8a78b1bc84578bad5663,False,,scf_8a78b1bc84578bad5663
par_b396b6861392c3eb529d,,,True,acy_f4c5655076c0545e2d59,acy_f4c5655076c0545e2d59
par_b39a8386f51e83a445e9,,,True,acy_c948ab2a946b4f50dcf7,acy_c948ab2a946b4f50dcf7
par_b39eaa4d226fcd318611,,,True,acy_3fb93b89d5a7069695ab,acy_3fb93b89d5a7069695ab
par_b3a13c0e7e7aa1c79b39,,,True,acy_6e45b1bb1d2bf30fc5a8,acy_6e45b1bb1d2bf30fc5a8
par_b3b8b2b19620535349fc,,,True,acy_03b9d48e96f0242476d4,acy_03b9d48e96f0242476d4
par_b3c348141c439ed566a7,c1ccncc1,scf_75c7a4b0b41e43900bfb,False,,scf_75c7a4b0b41e43900bfb
par_b3df6321b36868eb7d2e,,,True,acy_c639d5187b1b954d4ecc,acy_c639d5187b1b954d4ecc
par_b3e6f5f7de5ccd3d07ac,C1CC2CC3CCCC3(C1)C2,scf_5929af1e83c731106577,False,,scf_5929af1e83c731106577
par_b3eaf3348f6594c181d0,c1ccc(C2OCCO2)cc1,scf_5eb584069477893b5246,False,,scf_5eb584069477893b5246
par_b401cc1efc9032b4fe00,C(=C1CCCCC1)c1ccccc1,scf_03ce27d1370ff4e7afbd,False,,scf_03ce27d1370ff4e7afbd
par_b4268eb34ba76f6c17e9,,,True,acy_e8c12b75eb1f832d83c5,acy_e8c12b75eb1f832d83c5
par_b4278a0ac0817bc73e9c,c1ccccc1,scf_13cad05ca8f49c509e5b,False,,scf_13cad05ca8f49c509e5b
par_b42bf080323213d2a0e4,,,True,acy_75cc5e32ee4b4ca0f63f,acy_75cc5e32ee4b4ca0f63f
par_b44c58d3e4f594564d10,c1ccc(Oc2ccccn2)cc1,scf_78397fed9a32a9cf351f,False,,scf_78397fed9a32a9cf351f
par_b4518f61796109bc4bb9,c1ccc(Oc2ccccc2)cc1,scf_9affd80d02f471acfe8b,False,,scf_9affd80d02f471acfe8b
par_b46a102183fe4de3072c,C1CC[CH]([SnH]([CH]2CCCCC2)[CH]2CCCCC2)CC1,scf_2440263bbc62858fb219,False,,scf_2440263bbc62858fb219
par_b46fbc4aae22f4e69a5f,,,True,acy_e93b34eae2b74509c560,acy_e93b34eae2b74509c560
par_b47fccd7ebab402ade58,O=c1cc[nH]c2ccccc12,scf_84f0cfe1224701e65a71,False,,scf_84f0cfe1224701e65a71
par_b4831d38c4e7bc865d5d,c1ccccc1,scf_13cad05ca8f49c509e5b,False,,scf_13cad05ca8f49c509e5b
par_b488f418db36d9e5d6c8,O=C(O[C@@H]1Cc2ccccc2O[C@@H]1c1ccccc1)c1ccccc1,scf_cbea7b1eb7e230f78379,False,,scf_cbea7b1eb7e230f78379
par_b493bc6c11367d09f84a,c1cocn1,scf_7612215cfbc3edeb7247,False,,scf_7612215cfbc3edeb7247
par_b497de807147abcc6660,,,True,acy_f82b8e4593ca66dbcbfa,acy_f82b8e4593ca66dbcbfa
par_b4b2e41c2d1e36c7c588,C1CCCCC1,scf_a21c4f64dcc59dd2ede8,False,,scf_a21c4f64dcc59dd2ede8
par_b4bd9e70c98a5c1b7e03,C=C1C(=O)C=C2CCOC=C2C1=O,scf_33cfe1ea70556bca60eb,False,,scf_33cfe1ea70556bca60eb
par_b4dfafa4d1ed7eca4414,,,True,acy_176fd8a85d8551eb5e94,acy_176fd8a85d8551eb5e94
par_b4e4b983ec83613418ac,c1ccccc1,scf_13cad05ca8f49c509e5b,False,,scf_13cad05ca8f49c509e5b
par_b4e816ad97e6757ad523,,,True,acy_f2097066b862c21a1d5a,acy_f2097066b862c21a1d5a
par_b508dd02bcade2978b93,C1CCCCC1,scf_a21c4f64dcc59dd2ede8,False,,scf_a21c4f64dcc59dd2ede8
par_b50ba8343c5cb7f5b929,c1ccc(N=Nc2[nH+]ncs2)cc1,scf_d8207614d31816da669d,False,,scf_d8207614d31816da669d
par_b50ec532dcd59609d28a,,,True,acy_2ad02d99d944239eca56,acy_2ad02d99d944239eca56
par_b513cf282cf1a294068a,C1CCCC1.C1CCCC1,scf_04fab83d8cbf8ad6d51a,False,,scf_04fab83d8cbf8ad6d51a
par_b549dcfd7f5cd5a792a3,c1ccccc1,scf_13cad05ca8f49c509e5b,False,,scf_13cad05ca8f49c509e5b
par_b551480d0abb38cf0bec,O=C1CCC(=O)N1c1ccccc1,scf_94f9d492410f2f56a9b6,False,,scf_94f9d492410f2f56a9b6
par_b56283ccd2aa68a54d62,c1ccc2n[nH]nc2c1,scf_a221e2dd6b59406334aa,False,,scf_a221e2dd6b59406334aa
par_b567103dc04a3bc947d8,c1ccc2c(c1)sc1nncn12,scf_7fe122ba43e57e27c551,False,,scf_7fe122ba43e57e27c551
par_b573dab2ad092d529ed9,O=c1ccc2ccccc2o1,scf_b66459934f5276fb66a7,False,,scf_b66459934f5276fb66a7
par_b57be8bedf1ce35c5dfb,c1ccc(Oc2ccc(OCCOc3ccccn3)cc2)cc1,scf_568b82168d9657aac8b6,False,,scf_568b82168d9657aac8b6
par_b58632b336170bd85058,,,True,acy_27e26dba2621ee5faa9a,acy_27e26dba2621ee5faa9a
par_b5a0554dcf96e05e0156,O=C(Nc1ncncn1)NS(=O)(=O)c1ccccc1,scf_16163a52161df90e519d,False,,scf_16163a52161df90e519d
par_b5a28838fa5037ab5cf0,C1C2C3C4CC5C3C1C5C24,scf_1df57876083adff9605e,False,,scf_1df57876083adff9605e
par_b5b9c172edd323e1bce9,,,True,acy_5b247a10e38141f60479,acy_5b247a10e38141f60479
par_b5c1059827cdc558d8aa,O=C1CCC2[C@H]3Cc4cccc5c4[C@@]2(CCN3)[C@H]1O5,scf_ba236a69c9c7a62a2dc6,False,,scf_ba236a69c9c7a62a2dc6
par_b5c61f110ed2e29c6079,,,True,acy_8e4e78322be4b4524ef0,acy_8e4e78322be4b4524ef0
par_b5db870e872fb267590f,O=C1CC2CCC1C2,scf_5e320b5c0847a58397b7,False,,scf_5e320b5c0847a58397b7
par_b5de09c4923f73800213,c1ccc(Cc2ccccc2)cc1,scf_05784e2ddd36e41751a8,False,,scf_05784e2ddd36e41751a8
par_b618141070e6e1952d72,c1ccc(N=Nc2ccccc2)cc1,scf_782452139c6e50ec94b3,False,,scf_782452139c6e50ec94b3
par_b61fa8c569ba392da09e,,,True,acy_4b2b05c38a3acadf8239,acy_4b2b05c38a3acadf8239
par_b62e7c70b17a120d8f66,c1ncncn1,scf_89055dbbabf38236f98e,False,,scf_89055dbbabf38236f98e
par_b630c3a3bfa9c2a1e98e,,,True,acy_1a1d8d417f8bbda9b2f8,acy_1a1d8d417f8bbda9b2f8
par_b6533a219393f1129d26,O=P(Oc1ccccc1)(Oc1ccccc1)Oc1ccccc1,scf_b6533a219393f1129d26,False,,scf_b6533a219393f1129d26
par_b66459934f5276fb66a7,O=c1ccc2ccccc2o1,scf_b66459934f5276fb66a7,False,,scf_b66459934f5276fb66a7
par_b66fbf1565b4af45d6be,,,True,acy_a327f8f240f5f1d92530,acy_a327f8f240f5f1d92530
par_b66ff0d1ae1fe98f45bc,O=C1CCC2[C@H](CC[C@H]3[C@@H]4CCCC4CC[C@H]23)C1,scf_e7aeed659a51a189ff8d,False,,scf_e7aeed659a51a189ff8d
par_b675f7b6e4d2f21169b5,,,True,acy_eeebd55baecf69385d3f,acy_eeebd55baecf69385d3f
par_b6bba8f3a91254b08f8c,c1ccccc1,scf_13cad05ca8f49c509e5b,False,,scf_13cad05ca8f49c509e5b
par_b6ccf6603b11b791c779,,,True,acy_1c5b067caf62b58503fa,acy_1c5b067caf62b58503fa
par_b6d942e5717f6a27d6b7,O=C(Nc1ccccc1)c1c[nH]c(-c2ccccc2)c1-c1ccccc1,scf_31da33a55d48df0630c4,False,,scf_31da33a55d48df0630c4
par_b6d98a5ce2a1282193e8,,,True,acy_0b04164fa54a29d80b22,acy_0b04164fa54a29d80b22
par_b6dbd4e9871e29dbdeaf,C=C1CCC2CC1C2,scf_c9fbadd940f589e46cfc,False,,scf_c9fbadd940f589e46cfc
par_b6e9874997904ed9bd19,,,True,acy_106943fc961458e4a591,acy_106943fc961458e4a591
par_b6edeeb0b0b534ef0429,,,True,acy_9c5f96a049aeeb25f37a,acy_9c5f96a049aeeb25f37a
par_b6f4932adf54276d7454,,,True,acy_ee4382fb155d1fb80d56,acy_ee4382fb155d1fb80d56
par_b6f986a2de22aeb8049c,O=C1CCCCOC(=O)C[C@@H](O[C@H]2CCCCO2)C[C@@H](O[C@H]2CCCCO2)CCC1,scf_01125a10317ba620d38c,False,,scf_01125a10317ba620d38c
par_b6faa67f78f4d2590fee,c1ccc(-c2ccccc2)cc1,scf_27dacb226b18e24b40e3,False,,scf_27dacb226b18e24b40e3
par_b70a5f6fdf0c8d7144d0,O=S(=O)(Nc1ncccn1)c1ccccc1,scf_4dee91a179f7c5c1d533,False,,scf_4dee91a179f7c5c1d533
par_b71cbbd4c9df5ab8d46d,O=C1CCCCCO1,scf_b71cbbd4c9df5ab8d46d,False,,scf_b71cbbd4c9df5ab8d46d
par_b73823a16f94ac7a61fb,c1ccc2ccccc2c1,scf_a896d495b04a450b732a,False,,scf_a896d495b04a450b732a
par_b7391db810024da6e759,,,True,acy_b4074d9082f2435692bd,acy_b4074d9082f2435692bd
par_b7514de5332e05dd5b9c,c1ccccc1,scf_13cad05ca8f49c509e5b,False,,scf_13cad05ca8f49c509e5b
par_b7545b0f44b2b3632956,O=C(Nc1ncncn1)NS(=O)(=O)c1ccccc1,scf_16163a52161df90e519d,False,,scf_16163a52161df90e519d
par_b77a023080feb0b0e32e,,,True,acy_52bd0146af88dbc6fc6c,acy_52bd0146af88dbc6fc6c
par_b786eeadd1d84841ad1a,c1ccccc1,scf_13cad05ca8f49c509e5b,False,,scf_13cad05ca8f49c509e5b
par_b78f818608268820d131,c1ccccc1,scf_13cad05ca8f49c509e5b,False,,scf_13cad05ca8f49c509e5b
par_b7938467940db69a6ff1,,,True,acy_83aaf117681bf1b3e51c,acy_83aaf117681bf1b3e51c
par_b79643ec58c04266ad05,c1ccccc1,scf_13cad05ca8f49c509e5b,False,,scf_13cad05ca8f49c509e5b
par_b79651214220e0ddcfb6,O=C1c2ccccc2C(=O)c2cc(Oc3ccccc3)c(Oc3ccccc3)cc21,scf_e81370b13a07027ec208,False,,scf_e81370b13a07027ec208
par_b797befaec6f5ff7aa48,O=C(OC1CCNCC1)C(=Cc1ccccc1)C(=O)OC1CCNCC1,scf_70163f0977cd95b8e415,False,,scf_70163f0977cd95b8e415
par_b79dd912b6229e9f1546,,,True,acy_57933553e9ee5b648a57,acy_57933553e9ee5b648a57
par_b7a0d732130b3e1b6c10,,,True,acy_02d3c252cb9b05c81215,acy_02d3c252cb9b05c81215
par_b7a53c6669ce991cd25d,c1cc2c3c(cccc3c1)NCN2,scf_8d1d2947c6d7f573c855,False,,scf_8d1d2947c6d7f573c855
par_b7a6633adc491b9a36aa,,,True,acy_5b1b64cbe56a1d2e3514,acy_5b1b64cbe56a1d2e3514
par_b7a86514366f54f936a1,O=C1CCc2c1c(=O)oc1c3c(ccc21)OC1OC=CC31,scf_c88d11d5bc6aa1930142,False,,scf_c88d11d5bc6aa1930142
par_b7ac7be5f76e27e3aa86,c1ccccc1,scf_13cad05ca8f49c509e5b,False,,scf_13cad05ca8f49c509e5b
par_b7db0eee7197f13770c0,c1ccc2[nH]cnc2c1,scf_567811b65bb1b5dd8977,False,,scf_567811b65bb1b5dd8977
par_b7de5b6d9d63a2bca028,c1ccc2c(C[C@H]3CC4CCN3CC4)ccnc2c1,scf_5f0998da8dd29f5f65fd,False,,scf_5f0998da8dd29f5f65fd
par_b7f99314648fcbf47c90,O=C(Nc1ccccc1)c1cccnc1Oc1ccccc1,scf_d4edb032f1fe04c32016,False,,scf_d4edb032f1fe04c32016
par_b7ffaac10a259b3b606f,,,True,acy_c97cdb4352626309d12a,acy_c97cdb4352626309d12a
par_b8037066aafd68d6d391,c1ccccc1,scf_13cad05ca8f49c509e5b,False,,scf_13cad05ca8f49c509e5b
par_b80543948a7e5f746e29,,,True,acy_6ef608788a9e5c2cf531,acy_6ef608788a9e5c2cf531
par_b808525c2b5545cfa793,O=C1C=C2CC[C@H]3[C@@H]4CCCC4CC[C@@H]3C2CC1,scf_02f9fbcd400f7be38003,False,,scf_02f9fbcd400f7be38003
par_b8224aef3e6e9ee25a1b,c1ccc(-c2ncncn2)cc1,scf_748daa26a6b544739801,False,,scf_748daa26a6b544739801
par_b82d9d45418ddc4da2aa,c1ccccc1,scf_13cad05ca8f49c509e5b,False,,scf_13cad05ca8f49c509e5b
par_b832b130d359b117eb1c,,,True,acy_04e91a28cf831703428e,acy_04e91a28cf831703428e
par_b8508335d72619901d8c,c1ccccc1,scf_13cad05ca8f49c509e5b,False,,scf_13cad05ca8f49c509e5b
par_b851dba1c19f570b0a34,c1ccc(Oc2ccccc2)cc1,scf_9affd80d02f471acfe8b,False,,scf_9affd80d02f471acfe8b
par_b85d766cc3667c3fa3aa,c1ccccc1,scf_13cad05ca8f49c509e5b,False,,scf_13cad05ca8f49c509e5b
par_b87863bbeee600b2aea1,,,True,acy_c4e3368da58342b62d8f,acy_c4e3368da58342b62d8f
par_b880f05e953ae2b6b31f,c1ccc2ncccc2c1,scf_a8daf8c5800683abd84e,False,,scf_a8daf8c5800683abd84e
par_b8849aa35b78bc8a1eb4,c1ccccc1,scf_13cad05ca8f49c509e5b,False,,scf_13cad05ca8f49c509e5b
par_b888def8e3c7a9551c0b,,,True,acy_1bfa4082a0e33f1ab53d,acy_1bfa4082a0e33f1ab53d
par_b88c5257c97de4a4cd20,,,True,acy_a90f2f338f8b2f75f09c,acy_a90f2f338f8b2f75f09c
par_b893139bb91008222851,,,True,acy_6a0b351b9fcde580eebd,acy_6a0b351b9fcde580eebd
par_b896ecb18afd3cae8861,,,True,acy_661317a119299e4fd8bd,acy_661317a119299e4fd8bd
par_b898d0cf9fcca11ab417,O=c1[nH]c(=O)c2cc3c(=O)c4ccccc4c(=O)c3cc12,scf_c9eecf7bead627b3a4ba,False,,scf_c9eecf7bead627b3a4ba
par_b8a9229c9f62bb9ddc9d,,,True,acy_f715f99fb418942e6dd8,acy_f715f99fb418942e6dd8
par_b8bb80bb41bc93969bb5,,,True,acy_92566ede050cd947bbca,acy_92566ede050cd947bbca
par_b8ca18aad99c66c417a6,C1CO1,scf_59b1a7b29b6a5f8bc1b8,False,,scf_59b1a7b29b6a5f8bc1b8
par_b8decfefb845277a83de,,,True,acy_7fdd2664d01ab4b30430,acy_7fdd2664d01ab4b30430
par_b8e38a2ca7c03cf06188,c1ccccc1,scf_13cad05ca8f49c509e5b,False,,scf_13cad05ca8f49c509e5b
par_b8eb0c065ae0e4a29165,,,True,acy_60ee40e9778323b7fb2f,acy_60ee40e9778323b7fb2f
par_b8eb89b8ab7a2b084874,C=C1C=CC=CC1=O,scf_74bb2656a585782634a7,False,,scf_74bb2656a585782634a7
par_b9000ed35b3921e43a24,,,True,acy_64431dddc933c2e3f6aa,acy_64431dddc933c2e3f6aa
par_b9049f15e991b89066ba,,,True,acy_aa8847e4bc9e74a6ebd3,acy_aa8847e4bc9e74a6ebd3
par_b915af549f884274360f,,,True,acy_9a25ac9d66fe0a02d618,acy_9a25ac9d66fe0a02d618
par_b91b6ef0ad8195cc17d2,O=S(=O)(SCCCSS(=O)(=O)c1ccccc1)c1ccccc1,scf_1dbbf34b153161550135,False,,scf_1dbbf34b153161550135
par_b93d861f01a655cb507b,,,True,acy_b20614319721a05e3176,acy_b20614319721a05e3176
par_b93fb2bf6bb9b0cc6803,,,True,acy_29b48d565d8535e3c945,acy_29b48d565d8535e3c945
par_b9454266ff816d924ef9,c1ccccc1,scf_13cad05ca8f49c509e5b,False,,scf_13cad05ca8f49c509e5b
par_b9678a2861e406c383cc,,,True,acy_0d167ddda31ef4a958aa,acy_0d167ddda31ef4a958aa
par_b973a67080217e92d84f,c1ccccc1,scf_13cad05ca8f49c509e5b,False,,scf_13cad05ca8f49c509e5b
par_b984b15abb2db1fde369,,,True,acy_6dc158e2e65eb0a253a0,acy_6dc158e2e65eb0a253a0
par_b9a8016a4365fd0644ee,,,True,acy_d5bbffe6810e1fdbbfa1,acy_d5bbffe6810e1fdbbfa1
par_b9db286c1b2a639b1673,C1NCNCN1,scf_83a4733f71e79fbfab98,False,,scf_83a4733f71e79fbfab98
par_b9f02b1f7887f1ffecd6,c1cc[c]([SnH]([c]2ccccc2)[c]2ccccc2)cc1,scf_ab22ab55703fb1b49ad1,False,,scf_ab22ab55703fb1b49ad1
par_b9f62ce9ff5d879093df,O=C1CCN(c2ccccc2)N1,scf_53a8199aaee4e126e651,False,,scf_53a8199aaee4e126e651
par_b9ffdf80705e852fe79d,O=C1NC(=O)C(c2ccccc2)N1,scf_7c8ca104c1ba5e14d47b,False,,scf_7c8ca104c1ba5e14d47b
par_ba019d5a39a304dd6352,,,True,acy_3195694f27d2ab110927,acy_3195694f27d2ab110927
par_ba0648fb02396ce7f622,c1ccccc1,scf_13cad05ca8f49c509e5b,False,,scf_13cad05ca8f49c509e5b
par_ba1e09d7b0e36d763522,[BH2-]1OO[BH2-]OO1,scf_dc06071172fdb0de716e,False,,scf_dc06071172fdb0de716e
par_ba1e0a5e461a53603132,,,True,acy_1cbe72cfe886a6d608ef,acy_1cbe72cfe886a6d608ef
par_ba2834ce55b83469f1a8,,,True,acy_d3ed1353442f2be40c38,acy_d3ed1353442f2be40c38
par_ba5086d872d8c9cc2cba,O=c1ccs[nH]1,scf_e9594c1d6bf486c43ac1,False,,scf_e9594c1d6bf486c43ac1
par_ba5e7a056a6748099de6,O=C(OCC1c2ccccc2-c2ccccc21)ON1C(=O)CCC1=O,scf_ba5e7a056a6748099de6,False,,scf_ba5e7a056a6748099de6
par_ba5f2394f4194483751a,c1ccccc1,scf_13cad05ca8f49c509e5b,False,,scf_13cad05ca8f49c509e5b
par_ba6bfba081ee4dfe4d0b,O=C1CCCO1,scf_b2a02ad4ea5295cb11e1,False,,scf_b2a02ad4ea5295cb11e1
par_ba6c40d3726d16919ab2,,,True,acy_89b5124cf05ccdaeec8a,acy_89b5124cf05ccdaeec8a
par_ba79c4d02a6e70f712b8,,,True,acy_305f2028a718b987686e,acy_305f2028a718b987686e
par_ba7d13d3e3cb95e5e303,N=C1CC2CCC1C2,scf_04cc1de8e85bc9a84c0a,False,,scf_04cc1de8e85bc9a84c0a
par_ba8ecd7d3fd0125b8fb0,,,True,acy_e5b95792e9d210f270cd,acy_e5b95792e9d210f270cd
par_ba90eac9a1f9f1afe764,c1ccc(-c2ccc[nH]2)cc1,scf_6ce0fb785703429fa433,False,,scf_6ce0fb785703429fa433
par_ba9ab79cf13aa1bcce48,,,True,acy_99b18b18accd5b59e536,acy_99b18b18accd5b59e536
par_baacb37b639f08af8ac1,C1=CC2CC1C1C3C=CC(C3)C21,scf_3a984ffcd47413be660a,False,,scf_3a984ffcd47413be660a
par_baae442efbcb898569ee,c1ccc2scnc2c1,scf_5a0630b242bf5e7865cb,False,,scf_5a0630b242bf5e7865cb
par_bab18220d0673b1860b2,c1ccccc1,scf_13cad05ca8f49c509e5b,False,,scf_13cad05ca8f49c509e5b
par_babad5ffdf2146669e41,c1ccccc1,scf_13cad05ca8f49c509e5b,False,,scf_13cad05ca8f49c509e5b
par_bac22116c6e287ba9a81,C1CCCCCC1,scf_bac22116c6e287ba9a81,False,,scf_bac22116c6e287ba9a81
par_bad10f1fc5612f6d7210,,,True,acy_2f44f6d7eed823c8f1cb,acy_2f44f6d7eed823c8f1cb
par_bae1996e21e6f4e899d5,,,True,acy_d2ba8da278b8100b5cb9,acy_d2ba8da278b8100b5cb9
par_baeb1d1ab8256c3fc415,,,True,acy_958c5495eb4271ffde73,acy_958c5495eb4271ffde73
par_baee7f146a34fd621b07,,,True,acy_37243fcbcc46d6573ffe,acy_37243fcbcc46d6573ffe
par_baf10c6263079f541fdd,,,True,acy_ccca03e81f5b04ea2da2,acy_ccca03e81f5b04ea2da2
par_baf29cac7f56d0abba01,O=C(c1ccccc1)c1ccccc1,scf_113660f6820aa1505046,False,,scf_113660f6820aa1505046
par_bb000f027887e56d54f1,c1ccccc1,scf_13cad05ca8f49c509e5b,False,,scf_13cad05ca8f49c509e5b
par_bb100d10930d7b71db38,,,True,acy_ace102bbb34fb76d2227,acy_ace102bbb34fb76d2227
par_bb12f1eb3e40be6abd8e,,,True,acy_1a16f3d6047e9cc5af5f,acy_1a16f3d6047e9cc5af5f
par_bb141376000eb95d77b8,c1nc[nH]n1,scf_32ca2262b0d7bc622317,False,,scf_32ca2262b0d7bc622317
par_bb1f25b0593aee41ce62,,,True,acy_5ccd6cb836a22fe34d44,acy_5ccd6cb836a22fe34d44
par_bb20905eb09c1df0ddc0,O=c1nc[nH]c2c1ncn2[C@H]1CC[C@@H](COC(c2ccccc2)(c2ccccc2)c2ccccc2)O1,scf_c290d441699a830f9b34,False,,scf_c290d441699a830f9b34
par_bb36e186d83e4160bad7,,,True,acy_bca5fbcf525ac7ba2a16,acy_bca5fbcf525ac7ba2a16
par_bb3785fb1978e3aa3ce6,O=C(COc1ccc(Oc2cnc3ccccc3n2)cc1)OCC1CCCO1,scf_f5d4d422f8ce34672425,False,,scf_f5d4d422f8ce34672425
par_bb3d452f3995cfbf5caf,c1ccc(Oc2ccccc2)cc1,scf_9affd80d02f471acfe8b,False,,scf_9affd80d02f471acfe8b
par_bb48d81307c407f2b571,c1ccc(Oc2cnc3ccccc3n2)cc1,scf_1c3ce9d8c7a50f462203,False,,scf_1c3ce9d8c7a50f462203
par_bb5c95d311594c16fb1e,c1ccccc1,scf_13cad05ca8f49c509e5b,False,,scf_13cad05ca8f49c509e5b
par_bb69b67fa1c8b8677683,O=C(Nc1ccccc1)c1ccccc1,scf_46dbe06a66c3ecbfaeeb,False,,scf_46dbe06a66c3ecbfaeeb
par_bb7748a94b7d851a8c74,c1ccccc1,scf_13cad05ca8f49c509e5b,False,,scf_13cad05ca8f49c509e5b
par_bb799e1f94f39ded4469,c1ccc2ccccc2c1,scf_a896d495b04a450b732a,False,,scf_a896d495b04a450b732a
par_bb7e16201de45ca35399,c1ccc(Cc2ccccc2)cc1,scf_05784e2ddd36e41751a8,False,,scf_05784e2ddd36e41751a8
par_bb81be95719e892a58a9,,,True,acy_05bacb48b6b3510e2e2a,acy_05bacb48b6b3510e2e2a
par_bb94d82c86a50b674cf7,c1ccccc1,scf_13cad05ca8f49c509e5b,False,,scf_13cad05ca8f49c509e5b
par_bba74c38626cfccc3a08,c1ccccc1,scf_13cad05ca8f49c509e5b,False,,scf_13cad05ca8f49c509e5b
par_bbb504cc1e819a6f6d1e,,,True,acy_3e0ea233cde1b6a6b050,acy_3e0ea233cde1b6a6b050
par_bbba3e5d720da7c8a701,O=C1/C(=N/Nc2cccc3ccccc23)C=Cc2ccccc21,scf_ed410d3539792f60c779,False,,scf_ed410d3539792f60c779
par_bbc17d2deae53e036153,C1CC2OCC1OC1CCC(CO1)OC1CCC(CO1)OC1CCC(CO1)OC1CCC(CO1)OC1CCC(CO1)OC1CCC(CO1)O2,scf_723a0c43b85b59a42a8c,False,,scf_723a0c43b85b59a42a8c
par_bbcaf56b39f6e07a2b54,O=C1C=C/C(=N/Nc2cccc(Nc3ncnc(Nc4ccccc4)n3)c2)C(=O)N1,scf_c485e2513a744db3cdcd,False,,scf_c485e2513a744db3cdcd
par_bc04dafa684c727a2412,,,True,acy_617a18df40b7ffb7b00f,acy_617a18df40b7ffb7b00f
par_bc0880af224680f7d59d,c1ccc2ccccc2c1,scf_a896d495b04a450b732a,False,,scf_a896d495b04a450b732a
par_bc0a0576d3dffbaefe9d,c1ccccc1,scf_13cad05ca8f49c509e5b,False,,scf_13cad05ca8f49c509e5b
par_bc1dbeee2cdf3f7a8da2,,,True,acy_be391c635909e129eb8f,acy_be391c635909e129eb8f
par_bc26303cdcb2227a4de0,,,True,acy_b25cb753184da62ded87,acy_b25cb753184da62ded87
par_bc38eba584d6b867a47b,C1CCCCC1.C1CCCCC1,scf_c5df02dc22e7e8d1df57,False,,scf_c5df02dc22e7e8d1df57
par_bc3f2407fb0d183d5623,,,True,acy_dbdae54709b60499859f,acy_dbdae54709b60499859f
par_bc54765ab849c2636cca,,,True,acy_b15beb8007700458ceb3,acy_b15beb8007700458ceb3
par_bc5e1e0d91cdd822f210,c1ccc2ccccc2c1,scf_a896d495b04a450b732a,False,,scf_a896d495b04a450b732a
par_bc6ccb58c03c63ba3269,C1CCCCC1,scf_a21c4f64dcc59dd2ede8,False,,scf_a21c4f64dcc59dd2ede8
par_bc7bf2b6713085c95721,,,True,acy_41b240397ce8bfd62dff,acy_41b240397ce8bfd62dff
par_bc7cdcc35463ccc8c010,,,True,acy_a5d1b1d4caf5d77ab7ef,acy_a5d1b1d4caf5d77ab7ef
par_bc7e6fc0e61c3ba0fc8f,,,True,acy_d5e9ed9d5cddc5657b17,acy_d5e9ed9d5cddc5657b17
par_bc9c7d80e18ed37152f0,,,True,acy_e35fe077aba3aece3ff3,acy_e35fe077aba3aece3ff3
par_bca34f13a2b12e501cd9,,,True,acy_8ed2f4ef3614b1040f86,acy_8ed2f4ef3614b1040f86
par_bcc05322aa630175ae87,c1ccc(C(c2ccccc2)c2ccccc2)cc1,scf_58cb07e9f5840413c314,False,,scf_58cb07e9f5840413c314
par_bcca364abaf9e38b72e6,O=C1c2ccccc2-c2cc(=O)[nH]c3ccc(Nc4ccccc4)c1c23,scf_23e2185fc77ef40fa99a,False,,scf_23e2185fc77ef40fa99a
par_bccdfd5ec274b2feab3e,,,True,acy_44dbe37806020b71cb7a,acy_44dbe37806020b71cb7a
par_bcce22e10a8ac1936c62,O=C1C=C2CC[C@H]3[C@@H]4CCCC4CC[C@@H]3C2CC1,scf_02f9fbcd400f7be38003,False,,scf_02f9fbcd400f7be38003
par_bced412de85a67d816c8,,,True,acy_f2097066b862c21a1d5a,acy_f2097066b862c21a1d5a
par_bcff76ab193ea02e1a1d,c1ccccc1,scf_13cad05ca8f49c509e5b,False,,scf_13cad05ca8f49c509e5b
par_bd032a60376dce415282,c1ccncc1,scf_75c7a4b0b41e43900bfb,False,,scf_75c7a4b0b41e43900bfb
par_bd19898f5787916ead8e,c1ccccc1,scf_13cad05ca8f49c509e5b,False,,scf_13cad05ca8f49c509e5b
par_bd1efb67f7dd639d6888,c1ccc(Oc2ccccc2)cc1,scf_9affd80d02f471acfe8b,False,,scf_9affd80d02f471acfe8b
par_bd3119b7d5c68120b0eb,O=C(N=Nc1ccccc1)NNc1ccccc1,scf_bd3119b7d5c68120b0eb,False,,scf_bd3119b7d5c68120b0eb
par_bd3922599406f5a50dfe,,,True,acy_83aaf117681bf1b3e51c,acy_83aaf117681bf1b3e51c
par_bd4063fce253bdd28fac,O=C(C[NH2+]Cc1ccccc1)Nc1ccccc1.c1ccccc1,scf_335cc17a1e96b3849eeb,False,,scf_335cc17a1e96b3849eeb
par_bd44f2e80b07f3268f7c,,,True,acy_2020cb049831420ce792,acy_2020cb049831420ce792
par_bd4cc5bbe947da1bd744,,,True,acy_a5d1b1d4caf5d77ab7ef,acy_a5d1b1d4caf5d77ab7ef
par_bd4f1d6c7b9a81a84c54,,,True,acy_3e0ea233cde1b6a6b050,acy_3e0ea233cde1b6a6b050
par_bd6c4eb57a88d8dd56ce,,,True,acy_577629ee1f91cee37a86,acy_577629ee1f91cee37a86
par_bda586a7ac58bc4fa27f,,,True,acy_82a817248ecc1a6a42ff,acy_82a817248ecc1a6a42ff
par_bdba6dad8c824a51aa44,O=C(Cc1ccccc1)OCCc1ccccc1,scf_bdba6dad8c824a51aa44,False,,scf_bdba6dad8c824a51aa44
par_bdbca34a430f91933b47,,,True,acy_1c4187fa993581281dd1,acy_1c4187fa993581281dd1
par_bdc68504171d2e034f04,,,True,acy_3795ceef2649d199e00d,acy_3795ceef2649d199e00d
par_bdc90bfd4873219f64e3,c1ccccc1,scf_13cad05ca8f49c509e5b,False,,scf_13cad05ca8f49c509e5b
par_bdc9d5aea88bb534d562,C1CCCCC1,scf_a21c4f64dcc59dd2ede8,False,,scf_a21c4f64dcc59dd2ede8
par_bdcfd05a2e20015cf3df,c1ccncc1,scf_75c7a4b0b41e43900bfb,False,,scf_75c7a4b0b41e43900bfb
par_bdd73d94272c61352f79,C1CCCCC1,scf_a21c4f64dcc59dd2ede8,False,,scf_a21c4f64dcc59dd2ede8
par_bdda05b4ea7bb2117bf5,[N+]=C1C=Cc2ccccc2C1=O,scf_0a89b19dcdef40aec9f0,False,,scf_0a89b19dcdef40aec9f0
par_bddcca1fbce7c960acd9,C(=NNCc1ccccc1)C1=[NH+]c2ccccc2C1,scf_489c0d1a59bdad560704,False,,scf_489c0d1a59bdad560704
par_bddde2deb6f564282787,c1ccc2c(c1)-c1ccc3ccc4cccc5cc-2c1c3c45,scf_bddde2deb6f564282787,False,,scf_bddde2deb6f564282787
par_bddf4829135a3e103560,c1cscn1,scf_8529372f407e1ce0108b,False,,scf_8529372f407e1ce0108b
par_bdeaea37fd7590faf9c5,,,True,acy_7896afc3541b83adde7b,acy_7896afc3541b83adde7b
par_bdeb760e8da1ab5af044,O=C(Nc1ncccn1)NS(=O)(=O)c1[nH]ncc1-c1nn[nH]n1,scf_94cf7a84699164268f83,False,,scf_94cf7a84699164268f83
par_be0cab4075afbf7b3ac4,O=C1/C(=N/Nc2ccccc2)C=Cc2cccc(Nc3ncnc(Nc4ccccc4)n3)c21,scf_ac3406a4ce5c24950759,False,,scf_ac3406a4ce5c24950759
par_be0d2ae5298ed141c905,,,True,acy_ff4b3afae71ca96f4fc9,acy_ff4b3afae71ca96f4fc9
par_be16428b71fb55a84b53,c1ccc([SiH2]c2ccccc2)cc1,scf_53f9b5229442a2c279af,False,,scf_53f9b5229442a2c279af
par_be17c2d81e7c01037de5,c1ccccc1,scf_13cad05ca8f49c509e5b,False,,scf_13cad05ca8f49c509e5b
par_be1c160d44309281cf1c,,,True,acy_aa62ada96748db4cba4b,acy_aa62ada96748db4cba4b
par_be25dd08929794569e47,c1ccncc1,scf_75c7a4b0b41e43900bfb,False,,scf_75c7a4b0b41e43900bfb
par_be2e413c8306c73c28b2,c1ccccc1,scf_13cad05ca8f49c509e5b,False,,scf_13cad05ca8f49c509e5b
par_be3a195daa3029465e55,,,True,acy_6e14086bfef2b6049592,acy_6e14086bfef2b6049592
par_be4718db499bbbebe109,c1ccccc1,scf_13cad05ca8f49c509e5b,False,,scf_13cad05ca8f49c509e5b
par_be4d0660c09925e92f51,c1ccccc1.c1ccccc1,scf_41f17138a91b62ee11b2,False,,scf_41f17138a91b62ee11b2
par_be502a7696496c0d93c2,,,True,acy_dc3c5eb921aa26eb7e07,acy_dc3c5eb921aa26eb7e07
par_be849a7e4890e5feac82,,,True,acy_f08ffbbca19729297c4a,acy_f08ffbbca19729297c4a
par_be84e9d409557201db6d,c1ccc(-c2ccccc2)cc1,scf_27dacb226b18e24b40e3,False,,scf_27dacb226b18e24b40e3
par_be85dac104f88d7fd63b,,,True,acy_c3a8f7384572f225c978,acy_c3a8f7384572f225c978
par_be9f513787dadd907c06,c1ccccc1,scf_13cad05ca8f49c509e5b,False,,scf_13cad05ca8f49c509e5b
par_bea2b76df45729379d50,,,True,acy_465d7c426c437bb17370,acy_465d7c426c437bb17370
par_beac9aed897603923715,O=C(OC1CCNCC1)C(Cc1ccccc1)C(=O)OC1CCNCC1,scf_0e4abc1c6dc73bc386a2,False,,scf_0e4abc1c6dc73bc386a2
par_beb70c6e28ac7e75a5dd,C(=NNc1ccccc1)C1=[NH+]c2ccccc2C1,scf_2d23f0f54b12734cb61f,False,,scf_2d23f0f54b12734cb61f
par_bed7353c1242ec06a02f,N=C(C1=NOCCO1)c1ccccc1Oc1cc(Oc2ccccc2)ncn1,scf_69b6767fd805c5836cb9,False,,scf_69b6767fd805c5836cb9
par_bee55903f3e98ba38dd7,c1ccc(-c2cccc(-c3ccccc3)c2)cc1,scf_9befda2b08e772dca704,False,,scf_9befda2b08e772dca704
par_bef5f9f39ebf14a5ff69,c1ccncc1,scf_75c7a4b0b41e43900bfb,False,,scf_75c7a4b0b41e43900bfb
par_bf0b7f58151c67183604,O=c1cc(-c2ccccc2)oc2ccccc12,scf_bf0b7f58151c67183604,False,,scf_bf0b7f58151c67183604
par_bf0cfd96603def26f589,O=C(Nc1ncncn1)NS(=O)(=O)c1ccccc1,scf_16163a52161df90e519d,False,,scf_16163a52161df90e519d
par_bf1e6e17f939c83787c4,c1ccc2c(c1)CCC2,scf_67b8126d52a60ce881a5,False,,scf_67b8126d52a60ce881a5
par_bf2f5e1ab1a9e51f783d,O=C(OCc1cccc(Oc2ccccc2)c1)C1CC1,scf_dd5d192b016bdf3547cd,False,,scf_dd5d192b016bdf3547cd
par_bf3a6e744c00a4f42e2b,c1cn[nH]c1,scf_bf3a6e744c00a4f42e2b,False,,scf_bf3a6e744c00a4f42e2b
par_bf60968d3a093c2151ed,c1ccccc1,scf_13cad05ca8f49c509e5b,False,,scf_13cad05ca8f49c509e5b
par_bf6e5841059328141350,,,True,acy_f751a7a07ceff8bdb285,acy_f751a7a07ceff8bdb285
par_bf84b978565f06bca553,O=C(Nc1ncccn1)NS(=O)(=O)c1ccccc1,scf_2ecd78b700d5afe2adcd,False,,scf_2ecd78b700d5afe2adcd
par_bf8d37d641ac6be2edde,c1ccccc1,scf_13cad05ca8f49c509e5b,False,,scf_13cad05ca8f49c509e5b
par_bf9301f3805745f9ceeb,c1ccccc1,scf_13cad05ca8f49c509e5b,False,,scf_13cad05ca8f49c509e5b
par_bf9812ccc09d39ab68dd,S=c1nc[nH]c2nc[nH]c12,scf_bf9812ccc09d39ab68dd,False,,scf_bf9812ccc09d39ab68dd
par_bfa6bcdbfd30c8530b8f,,,True,acy_5bf16af1d29d0dd95c1c,acy_5bf16af1d29d0dd95c1c
par_bfaf330924885eb135d2,,,True,acy_871de69342ad7cdb6d59,acy_871de69342ad7cdb6d59
par_bfb253d2d5a41cb8b239,O=C(Oc1ccccc1)c1ccccc1,scf_4324e925570ad7d142a2,False,,scf_4324e925570ad7d142a2
par_bfb4afa483bef089059a,c1ccccc1,scf_13cad05ca8f49c509e5b,False,,scf_13cad05ca8f49c509e5b
par_bfb916a7dc01b5baf804,O=C(OCC1CCC(COC(=O)c2ccccc2)CC1)c1ccccc1,scf_bfb916a7dc01b5baf804,False,,scf_bfb916a7dc01b5baf804
par_bfbcafa1d2a07463141a,,,True,acy_9820bf90d5696e37c7f3,acy_9820bf90d5696e37c7f3
par_bfc77dd64a2acb9a1607,O=C1C=CC(=Cc2ccccc2)C=C1,scf_2d5c610437f2ec2a3625,False,,scf_2d5c610437f2ec2a3625
par_bfc9071259f87345819b,C1=CC2CCC1C2,scf_4803c0f3b9aad24aab1b,False,,scf_4803c0f3b9aad24aab1b
par_bfdde6fbf64fa0e888c1,c1ccccc1,scf_13cad05ca8f49c509e5b,False,,scf_13cad05ca8f49c509e5b
par_bfe1c182df7fa3155e40,,,True,acy_488d63fb2eaec8b96978,acy_488d63fb2eaec8b96978
par_bfe56d77f434bcfe534d,c1ccccc1,scf_13cad05ca8f49c509e5b,False,,scf_13cad05ca8f49c509e5b
par_bfec0ed58e4a48a68d2e,,,True,acy_a8fe903388192a8a4407,acy_a8fe903388192a8a4407
par_bffc4bd1af455d6b3b6b,c1ccc(-c2ccccc2)cc1,scf_27dacb226b18e24b40e3,False,,scf_27dacb226b18e24b40e3
par_c02e4a4cf3cd22741a64,C1CCCCCCCCCCC1,scf_900e202744875aec7c6a,False,,scf_900e202744875aec7c6a
par_c04479dacc1b5291f147,c1ccccc1,scf_13cad05ca8f49c509e5b,False,,scf_13cad05ca8f49c509e5b
par_c04663f7f46a5ec93df2,N=C(C(=O)N[C@H]1C(=O)N2C=CCS[C@@H]12)c1cscn1,scf_49ff93013cef1589c9df,False,,scf_49ff93013cef1589c9df
par_c05d8828e81d4d1c2f53,,,True,acy_93f6315776aa75129c14,acy_93f6315776aa75129c14
par_c06aefc8748934fecf1c,,,True,acy_be57ce2f40733b3d13e3,acy_be57ce2f40733b3d13e3
par_c06d63669cfde8c7f64b,,,True,acy_c9d2c94bc54b9be0f2b9,acy_c9d2c94bc54b9be0f2b9
par_c0791455cf6aaecad51c,,,True,acy_cf35071011117493c5be,acy_cf35071011117493c5be
par_c080832991cad4f57feb,,,True,acy_b37ecc9683db04478a1c,acy_b37ecc9683db04478a1c
par_c088194bb610573bf904,,,True,acy_f3e35b6510489197e52a,acy_f3e35b6510489197e52a
par_c0985cd9cfa95452d488,,,True,acy_ad2f483e7c070f5bfa55,acy_ad2f483e7c070f5bfa55
par_c0a04447956b8da21884,,,True,acy_e16402b097de380f2fb5,acy_e16402b097de380f2fb5
par_c0a60cfb061a4839e5b6,,,True,acy_5a64702bda444983a6c2,acy_5a64702bda444983a6c2
par_c0aa7fecf0f757cbb883,c1ccc(COc2ccccc2)cc1,scf_048c0536cc6b34f786fd,False,,scf_048c0536cc6b34f786fd
par_c0c3b108dfa28247e67f,O=C1c2ccccc2C(=O)c2ccccc21,scf_f0c6b09cfc7aa95a3893,False,,scf_f0c6b09cfc7aa95a3893
par_c0c9e3e0fa126046d9bf,,,True,acy_43545e286d6496807631,acy_43545e286d6496807631
par_c0ceb5ae84c8c5e620ce,,,True,acy_51331778582b5fc78434,acy_51331778582b5fc78434
par_c0d22b5f44c4ee10006d,,,True,acy_f3e35b6510489197e52a,acy_f3e35b6510489197e52a
par_c0d2783c561863c7d246,c1ccccc1,scf_13cad05ca8f49c509e5b,False,,scf_13cad05ca8f49c509e5b
par_c0d8767363a49e45c715,c1ccc(-c2ccccc2)cc1,scf_27dacb226b18e24b40e3,False,,scf_27dacb226b18e24b40e3
par_c0dd01d1b91c97e033bc,,,True,acy_b510e3ee1c883ed49885,acy_b510e3ee1c883ed49885
par_c0de9eba324133c669da,c1ccccc1,scf_13cad05ca8f49c509e5b,False,,scf_13cad05ca8f49c509e5b
par_c0e31f3cd782d978424e,c1ccccc1,scf_13cad05ca8f49c509e5b,False,,scf_13cad05ca8f49c509e5b
par_c0e6b4df61d9c0d299cb,,,True,acy_c823037abe228582392a,acy_c823037abe228582392a
par_c0f40211c54354d56e63,O=C(Nc1ccccc1)c1ccccc1,scf_46dbe06a66c3ecbfaeeb,False,,scf_46dbe06a66c3ecbfaeeb
par_c1049456ce001eb1ff3b,O=C(c1ccccc1)c1ccccc1,scf_113660f6820aa1505046,False,,scf_113660f6820aa1505046
par_c1136ae42dbd43745d4d,,,True,acy_f2097066b862c21a1d5a,acy_f2097066b862c21a1d5a
par_c113f5faa94410e3fd79,,,True,acy_5043e025c06e4c530b34,acy_5043e025c06e4c530b34
par_c11c718055e384da1484,c1ccc2[nH]cnc2c1,scf_567811b65bb1b5dd8977,False,,scf_567811b65bb1b5dd8977
par_c129a2fedf7fa4b3a3d2,,,True,acy_204cf8356f144797b67a,acy_204cf8356f144797b67a
par_c12c5507799aa5c8ea7e,,,True,acy_83aaf117681bf1b3e51c,acy_83aaf117681bf1b3e51c
par_c13aa16dcf2437ec76b7,,,True,acy_85b2c67543f0751ddef9,acy_85b2c67543f0751ddef9
par_c14e6511ba811d533156,C=C(c1ccccc1)c1ccccc1,scf_c14e6511ba811d533156,False,,scf_c14e6511ba811d533156
par_c159c203d6b952a182a5,O=c1nc[nH]c(=O)n1C1CCCCC1,scf_4c4b296a58ac3d7f964b,False,,scf_4c4b296a58ac3d7f964b
par_c15a445b6101fafddd9c,,,True,acy_c59288a568dd2b06aa45,acy_c59288a568dd2b06aa45
par_c15b8fe60b904f632545,c1ccc(Oc2ccccc2)cc1,scf_9affd80d02f471acfe8b,False,,scf_9affd80d02f471acfe8b
par_c15c74d6e02ec46a9838,C=C1CC2O[C@]3(CC[C@H](/C=C/C[C@@H]4CC=C[C@]5(CCCCO5)O4)O3)CC[C@H]2O[C@@H]1CCCC1CCC[C@]2(CCCCO2)O1,scf_2b30abe672216da93c7b,False,,scf_2b30abe672216da93c7b
par_c16d26373e8d1e5693d5,O=C(Nc1ccc2[nH]c(=O)[nH]c2c1)C1=Cc2ccccc2/C(=N/Nc2cccc(C(=O)Nc3ccccc3)c2)C1=O,scf_d76ff9d4ff1f30f54ddb,False,,scf_d76ff9d4ff1f30f54ddb
par_c17c996842667fbf82c1,,,True,acy_07a6a917ed0b3429023e,acy_07a6a917ed0b3429023e
par_c192c4847e77056dfebe,C(CC1=NCCN1)N=NCCC1=NCCN1,scf_1c270147d1e8290077ad,False,,scf_1c270147d1e8290077ad
par_c198a8c78892bb894343,c1ccccc1,scf_13cad05ca8f49c509e5b,False,,scf_13cad05ca8f49c509e5b
par_c19e4b31c6c6cfd14de5,,,True,acy_98a7ed003f1d21b76ba9,acy_98a7ed003f1d21b76ba9
par_c1b43fb4f5dfe0829d74,c1ccccc1,scf_13cad05ca8f49c509e5b,False,,scf_13cad05ca8f49c509e5b
par_c1d616b6431c004289bf,c1ccccc1,scf_13cad05ca8f49c509e5b,False,,scf_13cad05ca8f49c509e5b
par_c1dff2872d0a7372c400,O=C1c2ccccc2C(=O)c2ccccc21,scf_f0c6b09cfc7aa95a3893,False,,scf_f0c6b09cfc7aa95a3893
par_c1e70822ca354564b0a7,O=C1CCNCC1,scf_ed34a6864c3543af6a7e,False,,scf_ed34a6864c3543af6a7e
par_c1f4316b5ae991a34237,O=C(OCc1ccccc1)C1CC1,scf_496de4055ae18cabf336,False,,scf_496de4055ae18cabf336
par_c1fc65ef9a80fcff2f98,O=C(C[NH+]1CC[NH2+]CC1)Nc1ccccc1,scf_13047a897cd47893714b,False,,scf_13047a897cd47893714b
par_c2071a8264ff66bd9d76,C1COCC[NH2+]1,scf_a2ba211abe6b447edc92,False,,scf_a2ba211abe6b447edc92
par_c208adb38d658e409101,c1ccccc1,scf_13cad05ca8f49c509e5b,False,,scf_13cad05ca8f49c509e5b
par_c20dbf670e879b036572,c1ccc(-c2ccccc2)cc1,scf_27dacb226b18e24b40e3,False,,scf_27dacb226b18e24b40e3
par_c217acd5e9df88e72327,O=C(C1CC1)C1CC1,scf_c217acd5e9df88e72327,False,,scf_c217acd5e9df88e72327
par_c241d264768176dcf87b,c1ccccc1,scf_13cad05ca8f49c509e5b,False,,scf_13cad05ca8f49c509e5b
par_c24468b603753caa8507,,,True,acy_9eae4619043c48c0c109,acy_9eae4619043c48c0c109
par_c24e8be614470e046658,,,True,acy_f3e35b6510489197e52a,acy_f3e35b6510489197e52a
par_c24ffa8675f80930c4ec,O=c1ccocc1,scf_403a29d7f17251eec974,False,,scf_403a29d7f17251eec974
par_c26106c7658644cb5850,C1CCCCC1,scf_a21c4f64dcc59dd2ede8,False,,scf_a21c4f64dcc59dd2ede8
par_c26cb43890decb50b688,c1ccccc1,scf_13cad05ca8f49c509e5b,False,,scf_13cad05ca8f49c509e5b
par_c29085349d6e36407ff7,,,True,acy_1cc099c5fe5493987d57,acy_1cc099c5fe5493987d57
par_c2a0d6f97ed9c915e554,O=c1cccc[nH]1,scf_06578ea4e88f81e86e01,False,,scf_06578ea4e88f81e86e01
par_c2a1ce1bda9acfc77a75,,,True,acy_e3e6fa3e33660a5e6c41,acy_e3e6fa3e33660a5e6c41
par_c2b478c0288b35e9287f,c1ccccc1,scf_13cad05ca8f49c509e5b,False,,scf_13cad05ca8f49c509e5b
par_c2c0df9e89b8a7d34a41,c1ccccc1,scf_13cad05ca8f49c509e5b,False,,scf_13cad05ca8f49c509e5b
par_c2d0c2bea50dd620bd11,,,True,acy_27b2bfa696792244551c,acy_27b2bfa696792244551c
par_c2d77b6234c09ee533ac,O=C(CN=Nc1ccc(-c2ccc(N=NCC(=O)Nc3ccccc3)cc2)cc1)Nc1ccccc1,scf_aca016b018f77b44e647,False,,scf_aca016b018f77b44e647
par_c2d9e360545b7b0fd982,c1ccccc1,scf_13cad05ca8f49c509e5b,False,,scf_13cad05ca8f49c509e5b
par_c2dfd1b450ec07b80d8c,,,True,acy_a5d1b1d4caf5d77ab7ef,acy_a5d1b1d4caf5d77ab7ef
par_c2f48265a476cf9130ee,,,True,acy_6b2b296689d6537d9ac4,acy_6b2b296689d6537d9ac4
par_c2fc6037d360eb6d3964,O=C(Cc1ccccc1)OCc1ccccc1,scf_c2fc6037d360eb6d3964,False,,scf_c2fc6037d360eb6d3964
par_c3059252560cdca81de5,,,True,acy_1825afeea7961a0ea912,acy_1825afeea7961a0ea912
par_c31388593dee8da92732,c1ccccc1,scf_13cad05ca8f49c509e5b,False,,scf_13cad05ca8f49c509e5b
par_c314815cfe33a4eee7a0,,,True,acy_19dd4660046aa6a8bf70,acy_19dd4660046aa6a8bf70
par_c316cf4e361d81c87cad,,,True,acy_e0a514e6bd16df05ef74,acy_e0a514e6bd16df05ef74
par_c31b518a82b99ea15e9d,,,True,acy_9e311a63f0ea076905c0,acy_9e311a63f0ea076905c0
par_c32cb46c4fe8fce9ed94,C(=Cc1ccccc1)C1=[NH+]c2ccccc2C1,scf_6e95e51986fc9341f3a2,False,,scf_6e95e51986fc9341f3a2
par_c32fceecaa280268e3fa,O=C1c2ccccc2C(=O)c2c(Nc3ccccc3)cccc21,scf_67e62ad7cc6ca1d7287e,False,,scf_67e62ad7cc6ca1d7287e
par_c347af3e1637eb6ed81a,C(=C/c1ccc(-c2nc3ccccc3o2)cc1)\c1ccc(-c2nc3ccccc3o2)cc1,scf_c347af3e1637eb6ed81a,False,,scf_c347af3e1637eb6ed81a
par_c34bb9d5e2000c4364de,c1ccccc1,scf_13cad05ca8f49c509e5b,False,,scf_13cad05ca8f49c509e5b
par_c34c32615049f4d412c7,,,True,acy_e2c07825f5df57deb752,acy_e2c07825f5df57deb752
par_c3573d3740689d47e9ee,c1ccccc1,scf_13cad05ca8f49c509e5b,False,,scf_13cad05ca8f49c509e5b
par_c35d5293ffce1beed653,,,True,acy_dd790dc4d7cf776dfde8,acy_dd790dc4d7cf776dfde8
par_c36593aa4e2e2562a136,,,True,acy_f2097066b862c21a1d5a,acy_f2097066b862c21a1d5a
par_c3664436b7eaf3f5b699,,,True,acy_d1e95ee0450b739e8186,acy_d1e95ee0450b739e8186
par_c36b0ec24e7909258844,c1ccc(C(c2ccccc2)C2CC2)cc1,scf_dbce4af66ff290a53a7c,False,,scf_dbce4af66ff290a53a7c
par_c3797c0e75a568dd1aeb,c1ccccc1,scf_13cad05ca8f49c509e5b,False,,scf_13cad05ca8f49c509e5b
par_c3881ec32d352ffcbfab,C1CCC2(CC1)OCCO2,scf_50f7737c16aa531cd21f,False,,scf_50f7737c16aa531cd21f
par_c388e55219dce9a1833e,c1ccccc1,scf_13cad05ca8f49c509e5b,False,,scf_13cad05ca8f49c509e5b
par_c39102619bf08bf791e3,,,True,acy_09f793dd5df1c71e3993,acy_09f793dd5df1c71e3993
par_c3943aceb9512f497bb4,,,True,acy_de38f904cd403f94b82a,acy_de38f904cd403f94b82a
par_c3ac92c8da929ef3e6a6,O=C1OCCN1/N=C/c1ccco1,scf_db2bf7fa0ffa985150aa,False,,scf_db2bf7fa0ffa985150aa
par_c3b3083d15dc8133d84a,O=C1CC(CC[C@@H]2CCCCC2=O)CC(=O)N1,scf_9b5d6667dbd8134161f4,False,,scf_9b5d6667dbd8134161f4
par_c3bce36fd6d6e045a8c5,,,True,acy_d3f036a53db816c81945,acy_d3f036a53db816c81945
par_c3d32abd9d9eef1d35dc,c1ccoc1,scf_39d2b6272e06abeff644,False,,scf_39d2b6272e06abeff644
par_c3d9526e263a099b9204,,,True,acy_cc59b279e85af5b77c78,acy_cc59b279e85af5b77c78
par_c3e363d55fc00e2b7080,O=C(NC(=O)c1ccccc1)Nc1ccccc1,scf_93d1c3930dd8f14249c4,False,,scf_93d1c3930dd8f14249c4
par_c3eb86281c448b181767,c1ccccc1,scf_13cad05ca8f49c509e5b,False,,scf_13cad05ca8f49c509e5b
par_c3f61a8eff66ffdaac5c,,,True,acy_98b3360c4be9569cbc64,acy_98b3360c4be9569cbc64
par_c4067126deb7ff4c9ef7,c1ccccc1,scf_13cad05ca8f49c509e5b,False,,scf_13cad05ca8f49c509e5b
par_c4166ce8948eb2a81b32,c1ccc(Sc2ccc3nc[nH]c3c2)cc1,scf_286d8798b736bb30482e,False,,scf_286d8798b736bb30482e
par_c41857d7f55f465008c1,,,True,acy_a5d1b1d4caf5d77ab7ef,acy_a5d1b1d4caf5d77ab7ef
par_c41dfadf7e9e38e05a23,,,True,acy_3a83a1ec5b248669f8f7,acy_3a83a1ec5b248669f8f7
par_c42084b744d19093f6e2,,,True,acy_3fbe86f7d5798bed8f1f,acy_3fbe86f7d5798bed8f1f
par_c4517cce0fe8a097b7cf,c1ccccc1,scf_13cad05ca8f49c509e5b,False,,scf_13cad05ca8f49c509e5b
par_c458c472531fe4059e35,c1ccccc1,scf_13cad05ca8f49c509e5b,False,,scf_13cad05ca8f49c509e5b
par_c45ca71a1e88c0e79f63,,,True,acy_8751be68c6f43c13e3a6,acy_8751be68c6f43c13e3a6
par_c45ef401c6776d4db300,,,True,acy_ae3a6f65c38d6a948ab0,acy_ae3a6f65c38d6a948ab0
par_c461f8f536cb003ef31c,c1ccc(CCNc2ncncc2N=Nc2ccccc2)cc1,scf_cac6aa17b88d82d9473f,False,,scf_cac6aa17b88d82d9473f
par_c46396ec6426b9e7a52d,,,True,acy_9d85ff69c349a8a519ef,acy_9d85ff69c349a8a519ef
par_c469def366502ecf12fc,c1ccncc1,scf_75c7a4b0b41e43900bfb,False,,scf_75c7a4b0b41e43900bfb
par_c46fa660f2e3e90dc744,,,True,acy_218dad91722dd764f3f0,acy_218dad91722dd764f3f0
par_c471b9239f6b0b4c86f4,c1ccccc1,scf_13cad05ca8f49c509e5b,False,,scf_13cad05ca8f49c509e5b
par_c4757af92fc7389de7cd,,,True,acy_1825afeea7961a0ea912,acy_1825afeea7961a0ea912
par_c49a822a883a22027a76,c1ccc(-c2ccccc2)cc1,scf_27dacb226b18e24b40e3,False,,scf_27dacb226b18e24b40e3
par_c49b034cf58a0b178b4f,,,True,acy_a5d1b1d4caf5d77ab7ef,acy_a5d1b1d4caf5d77ab7ef
par_c49cfbd7d933d67b8070,O=C(Oc1cccc2ccccc12)c1ccccc1,scf_ab8283bf6c6da3bb977f,False,,scf_ab8283bf6c6da3bb977f
par_c49f525fd6e90dfa5c80,,,True,acy_f69ebed865ab1c45d627,acy_f69ebed865ab1c45d627
par_c4a76e09f29b3c5334cf,,,True,acy_97a098c89bcfe1051ea7,acy_97a098c89bcfe1051ea7
par_c4a9b106555ef3870492,,,True,acy_d5601f7e67ea080bf7b4,acy_d5601f7e67ea080bf7b4
par_c4b8e33c4b150bfff2a1,,,True,acy_87cbf458eaf317f2cde5,acy_87cbf458eaf317f2cde5
par_c4cc9df065bf38a18f63,,,True,acy_c606d20e6449ca80bab8,acy_c606d20e6449ca80bab8
par_c4e647ccb4bd9379a41a,c1ccc2sccc2c1,scf_031e1ae944a270c0fe7f,False,,scf_031e1ae944a270c0fe7f
par_c4eec731e130e155b754,O=C1Nc2cccnc2Nc2ccccc21,scf_c7dd73f2c16eda7dbd9f,False,,scf_c7dd73f2c16eda7dbd9f
par_c4fefe57b3d3ea338f1a,c1ccc([C@]2(Cn3ccnc3)OC[C@@H](COc3ccc(N4CCNCC4)cc3)O2)cc1,scf_08c4dc38e05eff125fef,False,,scf_08c4dc38e05eff125fef
par_c5004b1379ecc7bdeeb2,c1ccccc1,scf_13cad05ca8f49c509e5b,False,,scf_13cad05ca8f49c509e5b
par_c5107245d3db6e01a699,c1ccc2ccccc2c1,scf_a896d495b04a450b732a,False,,scf_a896d495b04a450b732a
par_c51141463c9cc6cb9397,c1ccc2ccccc2c1,scf_a896d495b04a450b732a,False,,scf_a896d495b04a450b732a
par_c51ef5b002d9675b19b0,c1ccccc1,scf_13cad05ca8f49c509e5b,False,,scf_13cad05ca8f49c509e5b
par_c51f920a22fbf28a321b,,,True,acy_183cf6078ca3bb7e4596,acy_183cf6078ca3bb7e4596
par_c521c0d67302f8db4cfd,C=C1CC2CCC1C2,scf_d8273ede8b27353622ad,False,,scf_d8273ede8b27353622ad
par_c524ceb2bd4e9226f7c3,,,True,acy_7a704f9f74079bc08c0f,acy_7a704f9f74079bc08c0f
par_c528a8b6819c0ed80563,,,True,acy_c1a09f5884546297ebbf,acy_c1a09f5884546297ebbf
par_c5319402961f3b3915fb,c1ccccc1,scf_13cad05ca8f49c509e5b,False,,scf_13cad05ca8f49c509e5b
par_c53f40452fdb7f200cab,,,True,acy_2f44f6d7eed823c8f1cb,acy_2f44f6d7eed823c8f1cb
par_c549ebe3eb6de86317b7,C1CC2CC(C1)C2,scf_ed4f329b1902a6fcd134,False,,scf_ed4f329b1902a6fcd134
par_c55f6f3cc3494b792a81,c1ccncc1,scf_75c7a4b0b41e43900bfb,False,,scf_75c7a4b0b41e43900bfb
par_c563db84320a3e0ee445,,,True,acy_3e0ea233cde1b6a6b050,acy_3e0ea233cde1b6a6b050
par_c56d63359450864d018d,c1ccc(C(c2ccccc2)c2ccccc2)cc1,scf_58cb07e9f5840413c314,False,,scf_58cb07e9f5840413c314
par_c56da1fccd5dc9d12434,,,True,acy_a5d1b1d4caf5d77ab7ef,acy_a5d1b1d4caf5d77ab7ef
par_c57d2273a6e07dbe478a,,,True,acy_6c3fda70562f40d04a58,acy_6c3fda70562f40d04a58
par_c5855347dc671ad36515,C1CCC(O[C@@H]2CO[C@@H](O[C@@H]3CCCC[C@H]3O[C@@H]3CCCCO3)C2)OC1,scf_477df9a9a5048564b6bb,False,,scf_477df9a9a5048564b6bb
par_c589f49a2948d81f7841,,,True,acy_f2097066b862c21a1d5a,acy_f2097066b862c21a1d5a
par_c5903e99b2034bdad4ac,c1ccccc1,scf_13cad05ca8f49c509e5b,False,,scf_13cad05ca8f49c509e5b
par_c59d785364cc73f4bce0,c1ccc(Oc2ccccc2)cc1,scf_9affd80d02f471acfe8b,False,,scf_9affd80d02f471acfe8b
par_c5a12d6bae0f8952bcab,O=C(Nc1ccccc1)c1ccccc1,scf_46dbe06a66c3ecbfaeeb,False,,scf_46dbe06a66c3ecbfaeeb
par_c5abb5ef8fa68919e46d,c1ccccc1,scf_13cad05ca8f49c509e5b,False,,scf_13cad05ca8f49c509e5b
par_c5b7b4484930ebcc98b1,c1ccc2sc(SNC3CCCCC3)nc2c1,scf_c5b7b4484930ebcc98b1,False,,scf_c5b7b4484930ebcc98b1
par_c5cd699135f2718435eb,c1ccccc1,scf_13cad05ca8f49c509e5b,False,,scf_13cad05ca8f49c509e5b
par_c5d19258be2b3bf2dc71,,,True,acy_b3aeb716550b44c7ad7b,acy_b3aeb716550b44c7ad7b
par_c5e8b669e0e5fc384d6b,,,True,acy_58254fd5bd0b64ada635,acy_58254fd5bd0b64ada635
par_c5f272b939824aaad89f,O=c1cnnc[nH]1,scf_b1d2bc0939b996ed18a3,False,,scf_b1d2bc0939b996ed18a3
par_c5faa3fc1a0d25b7c964,,,True,acy_e86a1c719100742afe22,acy_e86a1c719100742afe22
par_c60a7e4a016ee82a449f,c1ccc2[nH]ccc2c1,scf_e65f5bb7d6337f0d157e,False,,scf_e65f5bb7d6337f0d157e
par_c60bb28ee1b6a16cf012,c1ccccc1,scf_13cad05ca8f49c509e5b,False,,scf_13cad05ca8f49c509e5b
par_c614a88be010b3330186,O=C1CN(Cc2ccccc2)C(=O)N1,scf_aa5fd6d986eb0a4b6329,False,,scf_aa5fd6d986eb0a4b6329
par_c61f1375bb4a2e791738,c1ccccc1,scf_13cad05ca8f49c509e5b,False,,scf_13cad05ca8f49c509e5b
par_c621cb8cd26b6528e04b,C1CCCCC1,scf_a21c4f64dcc59dd2ede8,False,,scf_a21c4f64dcc59dd2ede8
par_c63cd9158ef8e383cdf0,,,True,acy_eb38cc823f18a856131f,acy_eb38cc823f18a856131f
par_c63ec018d728e790de8d,,,True,acy_02d3c252cb9b05c81215,acy_02d3c252cb9b05c81215
par_c65aff9e706821779d4f,c1ccccc1,scf_13cad05ca8f49c509e5b,False,,scf_13cad05ca8f49c509e5b
par_c664efe74c39e098d893,c1ccncc1,scf_75c7a4b0b41e43900bfb,False,,scf_75c7a4b0b41e43900bfb
par_c6723274281f0329632c,,,True,acy_dbdae54709b60499859f,acy_dbdae54709b60499859f
par_c676475ba2ab1100ae60,c1ccc(Oc2ccccc2)cc1,scf_9affd80d02f471acfe8b,False,,scf_9affd80d02f471acfe8b
par_c6785ad169585bee1733,O=C1CCCCC1,scf_28ed7f4abc3f360949be,False,,scf_28ed7f4abc3f360949be
par_c678b171308812a98e13,c1ccccc1,scf_13cad05ca8f49c509e5b,False,,scf_13cad05ca8f49c509e5b
par_c67d013e55846446cb8c,c1ccccc1,scf_13cad05ca8f49c509e5b,False,,scf_13cad05ca8f49c509e5b
par_c67e1f62e3c9b27ba8cc,,,True,acy_147ed7f8b721f176673c,acy_147ed7f8b721f176673c
par_c688391a852288a6af79,,,True,acy_083a07dd1d473ac5dce0,acy_083a07dd1d473ac5dce0
par_c691247c613f7a0ce715,,,True,acy_2f44f6d7eed823c8f1cb,acy_2f44f6d7eed823c8f1cb
par_c693a68ad1e23a1cbbcc,,,True,acy_bab46f7ee5daf3f9f3a3,acy_bab46f7ee5daf3f9f3a3
par_c69874c922b888ecba0a,c1ccccc1,scf_13cad05ca8f49c509e5b,False,,scf_13cad05ca8f49c509e5b
par_c699535c8a54a97522d5,,,True,acy_6e87a992b82917a5377a,acy_6e87a992b82917a5377a
par_c69af49093c741ce4412,c1ccccc1,scf_13cad05ca8f49c509e5b,False,,scf_13cad05ca8f49c509e5b
par_c69dec033446b4d0c2a4,c1c[nH]cn1,scf_5c2d4306fe1e3da2ea88,False,,scf_5c2d4306fe1e3da2ea88
par_c6a3394b51460b312a17,c1ccccc1,scf_13cad05ca8f49c509e5b,False,,scf_13cad05ca8f49c509e5b
par_c6ada028f68beb0e2c8c,,,True,acy_0ca19ea1ea8f9e693c2d,acy_0ca19ea1ea8f9e693c2d
par_c6b581b477de2a586de5,c1ccccc1,scf_13cad05ca8f49c509e5b,False,,scf_13cad05ca8f49c509e5b
par_c6b64b5a019a3981df3f,c1ccccc1,scf_13cad05ca8f49c509e5b,False,,scf_13cad05ca8f49c509e5b
par_c6bee725b36c730f35e7,c1ccccc1,scf_13cad05ca8f49c509e5b,False,,scf_13cad05ca8f49c509e5b
par_c6c184692f91f3739df6,c1ccccc1,scf_13cad05ca8f49c509e5b,False,,scf_13cad05ca8f49c509e5b
par_c6d24aeb92f08a9c0449,,,True,acy_b9ddb85d2e39e2f416df,acy_b9ddb85d2e39e2f416df
par_c6d7ba830f6311505311,c1ccccc1,scf_13cad05ca8f49c509e5b,False,,scf_13cad05ca8f49c509e5b
par_c6d86443d4634cf77c22,c1cn[nH]c1,scf_bf3a6e744c00a4f42e2b,False,,scf_bf3a6e744c00a4f42e2b
par_c6e008c01b99300d2ea2,c1ccc2c(c1)ccc1ncccc12,scf_c6e008c01b99300d2ea2,False,,scf_c6e008c01b99300d2ea2
par_c6ec268e1bd97224e8ef,c1ccccc1,scf_13cad05ca8f49c509e5b,False,,scf_13cad05ca8f49c509e5b
par_c6eda03482ebcff03c62,c1ccc(Cc2ccccc2)cc1,scf_05784e2ddd36e41751a8,False,,scf_05784e2ddd36e41751a8
par_c6f9296d8bce581d7dc6,O=C(Nc1ccccc1)N(Cc1ccccc1)C1CCCC1,scf_c4a9dc5418327f386612,False,,scf_c4a9dc5418327f386612
par_c6fd7756c467100ae285,,,True,acy_bfdc0e216fea7c5b8f8a,acy_bfdc0e216fea7c5b8f8a
par_c705113a75a15dd6262d,O=C1C(N=Nc2ccccc2)C=NN1c1ccccc1,scf_959c2a804d0b336c3fc0,False,,scf_959c2a804d0b336c3fc0
par_c711596f7b72194199fc,c1ccc2c(c1)Nc1ccccc1S2,scf_e6008ac24d4134696247,False,,scf_e6008ac24d4134696247
par_c7125ed3224472c6d43d,,,True,acy_c422ea14e888b4f55ddd,acy_c422ea14e888b4f55ddd
par_c71b043ec56361e258be,,,True,acy_8b896850fbe28c234d77,acy_8b896850fbe28c234d77
par_c72d8472ed2ea4a4a275,C1CCC(N=NC2CCCCC2)CC1,scf_63942d52e6fa6b84d57f,False,,scf_63942d52e6fa6b84d57f
par_c72fc8587170dc71c787,,,True,acy_8600fed94d263dd0c2fb,acy_8600fed94d263dd0c2fb
par_c739d03f910d834f8ff3,O=C1C=CC(=O)c2ccccc21,scf_647942daa51930f7d0fc,False,,scf_647942daa51930f7d0fc
par_c754dcb593a591403642,,,True,acy_3e0ea233cde1b6a6b050,acy_3e0ea233cde1b6a6b050
par_c75ddd94b9c037b61464,,,True,acy_ed0c0fa90b32973dd615,acy_ed0c0fa90b32973dd615
par_c771732068937bde0636,O=C1C=C2CC[C@H]3[C@@H]4CCCC4CC[C@@H]3C2CC1,scf_02f9fbcd400f7be38003,False,,scf_02f9fbcd400f7be38003
par_c7790a0a28f0b1aa79cc,,,True,acy_6dc158e2e65eb0a253a0,acy_6dc158e2e65eb0a253a0
par_c784b3b88dad3f81bbda,,,True,acy_e0a514e6bd16df05ef74,acy_e0a514e6bd16df05ef74
par_c7916cf543cc1e932d70,c1ccc2scnc2c1,scf_5a0630b242bf5e7865cb,False,,scf_5a0630b242bf5e7865cb
par_c7a68eae10ccca07345f,,,True,acy_48135f86e42811f77fa2,acy_48135f86e42811f77fa2
par_c7b02b09e8602cc0acc8,c1ccccc1,scf_13cad05ca8f49c509e5b,False,,scf_13cad05ca8f49c509e5b
par_c7b0f7e011ba8d3174d1,S=C(SN1CCOCC1)N1CCOCC1,scf_c7b0f7e011ba8d3174d1,False,,scf_c7b0f7e011ba8d3174d1
par_c7c1ca8fbb5646e85013,c1ccccc1,scf_13cad05ca8f49c509e5b,False,,scf_13cad05ca8f49c509e5b
par_c7c63df1a42eac8a5cd9,c1ccccc1,scf_13cad05ca8f49c509e5b,False,,scf_13cad05ca8f49c509e5b
par_c80409638f3ad570037d,c1ccccc1,scf_13cad05ca8f49c509e5b,False,,scf_13cad05ca8f49c509e5b
par_c80bbc3caaff3c5e317a,,,True,acy_b7a4a2546dd42138eb44,acy_b7a4a2546dd42138eb44
par_c81985d667bb4e9772b9,,,True,acy_f82b8e4593ca66dbcbfa,acy_f82b8e4593ca66dbcbfa
par_c81e86d080082727f9a4,c1ccc(CN2CCNCC2)cc1,scf_fba8ed2fbe55b1a3bf76,False,,scf_fba8ed2fbe55b1a3bf76
par_c82adf8ea91722a5bc59,,,True,acy_f9548bc32312371a97e0,acy_f9548bc32312371a97e0
par_c82ef68565043f239bb0,O=C1C[C@@H]2C(=C[C@@H]3[C@H]2C=C[C@@H]2C[C@@H](O[C@H]4CCCCO4)C[C@@H]32)C(=O)C[C@@H](O[C@H]2CCCCO2)CCCCO1,scf_d43d6be590e71b1c75a5,False,,scf_d43d6be590e71b1c75a5
par_c834462d0554c6418861,c1ccncc1,scf_75c7a4b0b41e43900bfb,False,,scf_75c7a4b0b41e43900bfb
par_c83fe2575b52094e5aaa,c1ccc2ccccc2c1,scf_a896d495b04a450b732a,False,,scf_a896d495b04a450b732a
par_c8434f94dcf37cb528a7,C1CCCCC1,scf_a21c4f64dcc59dd2ede8,False,,scf_a21c4f64dcc59dd2ede8
par_c84a4d0afa637ac146ac,,,True,acy_29e17b4746ddbd30372c,acy_29e17b4746ddbd30372c
par_c87505c7f294f7429a12,c1ccccc1,scf_13cad05ca8f49c509e5b,False,,scf_13cad05ca8f49c509e5b
par_c88e6f8e2033949d140a,c1ccccc1,scf_13cad05ca8f49c509e5b,False,,scf_13cad05ca8f49c509e5b
par_c890e5f814526bf5707d,,,True,acy_d3ed1353442f2be40c38,acy_d3ed1353442f2be40c38
par_c8993cbf0766b1b32e7f,O=C1C=CC=C/C1=C1/N=C(c2ccccc2)N/C(=C2/C=CC=CC2=O)N1,scf_8efe8cdf8ed8495d9b90,False,,scf_8efe8cdf8ed8495d9b90
par_c8a33c10b1bbd5e612da,,,True,acy_439a8f6440929d7b4492,acy_439a8f6440929d7b4492
par_c8aa160df29da3c46858,c1ccccc1,scf_13cad05ca8f49c509e5b,False,,scf_13cad05ca8f49c509e5b
par_c8b57425d6e3530f4f5a,c1ccccc1,scf_13cad05ca8f49c509e5b,False,,scf_13cad05ca8f49c509e5b
par_c8bafbcf4dc81a0be280,,,True,acy_e01b4fdecbcf1d40b163,acy_e01b4fdecbcf1d40b163
par_c8cd19a477b4b4f303c4,,,True,acy_02d3c252cb9b05c81215,acy_02d3c252cb9b05c81215
par_c8cd46b5538fd5b113bb,C1COCCN1,scf_f2e394232156ef1f934e,False,,scf_f2e394232156ef1f934e
par_c8e817ddf39ced0ca989,O=C1CCCO1,scf_b2a02ad4ea5295cb11e1,False,,scf_b2a02ad4ea5295cb11e1
par_c8f1704c2c4c0c1a1d1d,C1=CCCC=C1,scf_3b1dd4020ec1fa70a57a,False,,scf_3b1dd4020ec1fa70a57a
par_c8f2d5a639196f15aa45,c1ccccc1,scf_13cad05ca8f49c509e5b,False,,scf_13cad05ca8f49c509e5b
par_c8f5b8de9ab3d5766e73,c1ccccc1,scf_13cad05ca8f49c509e5b,False,,scf_13cad05ca8f49c509e5b
par_c8f83842fd5f0597ecef,,,True,acy_7fdd2664d01ab4b30430,acy_7fdd2664d01ab4b30430
par_c90c73f1c6c8260f98b5,c1ccccc1,scf_13cad05ca8f49c509e5b,False,,scf_13cad05ca8f49c509e5b
par_c9124629a5e19fe7503a,,,True,acy_02d3c252cb9b05c81215,acy_02d3c252cb9b05c81215
par_c9161eebdaae1f7ed370,O=S(=O)(Nc1ncccn1)c1ccccc1,scf_4dee91a179f7c5c1d533,False,,scf_4dee91a179f7c5c1d533
par_c9234c7b8f5e4ea75512,,,True,acy_4a859606e0321ed0c65f,acy_4a859606e0321ed0c65f
par_c93b8a6bc79d3d3737e3,,,True,acy_7a29383cd794cce27f3a,acy_7a29383cd794cce27f3a
par_c9459201e6c975ba389c,O=C1CCCN1,scf_fb7798f75f8e7a9de3c9,False,,scf_fb7798f75f8e7a9de3c9
par_c9485a0096eb020c006f,N=C1NCOCN1Cc1cncs1,scf_2ca86a711401cf0c19a4,False,,scf_2ca86a711401cf0c19a4
par_c94bd2f0fe31bb967bd1,,,True,acy_0d167ddda31ef4a958aa,acy_0d167ddda31ef4a958aa
par_c95caad1eb32f99fda42,O=C1/C(=C2/Nc3ccccc3C2=O)Nc2ccccc21,scf_c95caad1eb32f99fda42,False,,scf_c95caad1eb32f99fda42
par_c95dd42a0e8770daccc2,,,True,acy_6d94f1a7bf864154ab07,acy_6d94f1a7bf864154ab07
par_c967f382b185e1578cb9,,,True,acy_f8536569b8c5de6be18a,acy_f8536569b8c5de6be18a
par_c9957317b1444b673dd7,c1ccc2[nH]nnc2c1,scf_2946d62ff091ec30c7f5,False,,scf_2946d62ff091ec30c7f5
par_c9a54790f0e0661c4ca3,,,True,acy_41b101ecc456f54e539a,acy_41b101ecc456f54e539a
par_c9a643f94e2f1c11c70a,O=C(CCCCCCCCC(=O)OC1CCNCC1)OC1CCNCC1,scf_cec6fbf4b28c8bae9517,False,,scf_cec6fbf4b28c8bae9517
par_c9a9835f141febd015d2,,,True,acy_3e0ea233cde1b6a6b050,acy_3e0ea233cde1b6a6b050
par_c9b1b7e3a9a23dd96970,c1cscn1,scf_8529372f407e1ce0108b,False,,scf_8529372f407e1ce0108b
par_c9b7b94015fa01300f6d,c1ccc(Oc2ccccn2)cc1,scf_78397fed9a32a9cf351f,False,,scf_78397fed9a32a9cf351f
par_c9bbed37e074a0cb0a2a,O=C1CNC(=S)N1,scf_c9bbed37e074a0cb0a2a,False,,scf_c9bbed37e074a0cb0a2a
par_c9bea181ac379571240f,,,True,acy_3e0ea233cde1b6a6b050,acy_3e0ea233cde1b6a6b050
par_c9dded409f6b60d94ec4,c1ccc(-c2cc(-c3ccccc3)[nH+][nH]2)cc1,scf_f35100eb33283c3c877a,False,,scf_f35100eb33283c3c877a
par_c9e22f873b29391cf238,,,True,acy_aac9ed3f1aa13097f2e4,acy_aac9ed3f1aa13097f2e4
par_ca0302c76acc36200bd1,c1ccccc1,scf_13cad05ca8f49c509e5b,False,,scf_13cad05ca8f49c509e5b
par_ca06b0e7ba2afeff44c3,O=C1c2ccccc2C(=O)c2ccccc21,scf_f0c6b09cfc7aa95a3893,False,,scf_f0c6b09cfc7aa95a3893
par_ca0af711370533f6f704,,,True,acy_3554dea978341c0b2312,acy_3554dea978341c0b2312
par_ca1d70c078cba5f7aee9,O=C(Nc1ncccn1)NS(=O)(=O)c1ccccn1,scf_45c8de348487f71d78be,False,,scf_45c8de348487f71d78be
par_ca2dabb7cedb821f45c8,c1ccccc1,scf_13cad05ca8f49c509e5b,False,,scf_13cad05ca8f49c509e5b
par_ca33322fc576b5c72215,c1ccccc1,scf_13cad05ca8f49c509e5b,False,,scf_13cad05ca8f49c509e5b
par_ca597d2b3057f7746861,C1CCOC1,scf_92623ccd36bc322bf260,False,,scf_92623ccd36bc322bf260
par_ca6b32c74369cd3f0f76,O=c1c2ccccc2c(=O)c2c1ccc1c3ccc4c(=O)c5c(ccc6c7ccc8c(=O)c9ccccc9c(=O)c8c7[nH]c65)c(=O)c4c3[nH]c12,scf_ca6b32c74369cd3f0f76,False,,scf_ca6b32c74369cd3f0f76
par_ca6c077f7a93e7ee3ada,,,True,acy_b662a6ab0fbb9ea5d79b,acy_b662a6ab0fbb9ea5d79b
par_ca7b1160fe94b4ddcb81,,,True,acy_e0a514e6bd16df05ef74,acy_e0a514e6bd16df05ef74
par_ca82ffc672efeb88b107,O=c1cccnn1-c1ccccc1,scf_d92fd55b020cee7b9b79,False,,scf_d92fd55b020cee7b9b79
par_ca8379edb9a8f2478324,,,True,acy_305f2028a718b987686e,acy_305f2028a718b987686e
par_ca8f78da4d573c001bb3,,,True,acy_f2097066b862c21a1d5a,acy_f2097066b862c21a1d5a
par_ca95021ace7920e94bd1,,,True,acy_e9357a3eba125637a40e,acy_e9357a3eba125637a40e
par_ca9abd450977fe6787af,c1ccsc1,scf_5ee447ccf47cda955de9,False,,scf_5ee447ccf47cda955de9
par_ca9efc65f85ce7514cdf,c1ccccc1,scf_13cad05ca8f49c509e5b,False,,scf_13cad05ca8f49c509e5b
par_ca9fa31588da112f144a,O=c1[nH]c(=O)c2ccc3c4ccccc4sc4ccc1c2c43,scf_0773c2fd84ae048ae7fd,False,,scf_0773c2fd84ae048ae7fd
par_caa492e9bb0fc37ef78f,c1ccccc1,scf_13cad05ca8f49c509e5b,False,,scf_13cad05ca8f49c509e5b
par_caafd6ba967acba73e37,,,True,acy_52c980fad8b3f1aad166,acy_52c980fad8b3f1aad166
par_cab4c838e652d9a17056,c1c[nH+]c[nH]1,scf_597f278cbf8ad8b80b93,False,,scf_597f278cbf8ad8b80b93
par_cabc43977db3435aa1e4,O=C1CNC(=O)CNC(=O)CNC(=O)CNC(=O)CNC(=O)CNC(=O)CNC(=O)CNC(=O)CNC(=O)CNC(=O)CN1,scf_40cb0a34d72267d57855,False,,scf_40cb0a34d72267d57855
par_cb05dccead5ae01ae613,c1ccccc1,scf_13cad05ca8f49c509e5b,False,,scf_13cad05ca8f49c509e5b
par_cb07cca56baa641cd249,c1ccccc1,scf_13cad05ca8f49c509e5b,False,,scf_13cad05ca8f49c509e5b
par_cb0931966bb1fa2fc3d8,c1ccc(OCCOc2ccccc2)cc1,scf_e4d2dd943edba2b8fa90,False,,scf_e4d2dd943edba2b8fa90
par_cb101a4b12e2509f2a1e,,,True,acy_668c8b13392065942a14,acy_668c8b13392065942a14
par_cb135335062c134175bc,c1ccc(C2(Cn3cncn3)CCCO2)cc1,scf_8d4270a68ffbf6324434,False,,scf_8d4270a68ffbf6324434
par_cb17cb07af09b2139cc0,c1ccccc1,scf_13cad05ca8f49c509e5b,False,,scf_13cad05ca8f49c509e5b
par_cb17d37e51d86be71dee,c1ccc(P(c2ccccc2)c2ccccc2)cc1,scf_28fe5b1ee316a92d116f,False,,scf_28fe5b1ee316a92d116f
par_cb1933191f55f0a1f4ce,O=C(N=[SH](=O)c1ccccn1)Nc1ncccn1,scf_59415434378ccb741207,False,,scf_59415434378ccb741207
par_cb1d70666e2c2f11b58c,c1ccccc1,scf_13cad05ca8f49c509e5b,False,,scf_13cad05ca8f49c509e5b
par_cb1dde1a81cd24f0ad47,c1c[nH]cn1,scf_5c2d4306fe1e3da2ea88,False,,scf_5c2d4306fe1e3da2ea88
par_cb22b89b84cc58f84715,,,True,acy_4dda0495913e01148535,acy_4dda0495913e01148535
par_cb246065f8d4fe451cbe,c1ccc(-n2cccn2)cc1,scf_7ae701ae224629046c6e,False,,scf_7ae701ae224629046c6e
par_cb39c7c1ba279937cb9b,O=C1CNC(=O)N1,scf_887b1309988e7fe77ebb,False,,scf_887b1309988e7fe77ebb
par_cb473afeabf04f8f8df6,,,True,acy_4e6f347899d759b8d36e,acy_4e6f347899d759b8d36e
par_cb5165b11f055af8fe20,c1ccccc1,scf_13cad05ca8f49c509e5b,False,,scf_13cad05ca8f49c509e5b
par_cb53e161b51a8de4d8c5,O=C(c1ccccc1)c1ccccc1,scf_113660f6820aa1505046,False,,scf_113660f6820aa1505046
par_cb5444571faf12f9c020,C1CC[C@H]2C[NH2+]CC[C@@H]2C1,scf_cadfd21a8324371d8549,False,,scf_cadfd21a8324371d8549
par_cb581f4586bb43eacb5b,,,True,acy_5109a91ff2a948229f4e,acy_5109a91ff2a948229f4e
par_cb5d25dbb10de27669df,,,True,acy_02abfea43450c1c64a44,acy_02abfea43450c1c64a44
par_cb5e9db2aa5edae08850,c1ccc(N=Nc2ccc3cc(Nc4ccc5cc(N=Nc6ccccc6)ccc5c4)ccc3c2)cc1,scf_c095a3dae8b72bdb7944,False,,scf_c095a3dae8b72bdb7944
par_cb6684d45e05769a1794,,,True,acy_c66fd80fbe01d9de0884,acy_c66fd80fbe01d9de0884
par_cb73ca4d7c36197aeeaf,,,True,acy_b1339638523339c21775,acy_b1339638523339c21775
par_cb7fb84f6f59553b8949,c1ccccc1,scf_13cad05ca8f49c509e5b,False,,scf_13cad05ca8f49c509e5b
par_cb868649f37e42f36ae2,c1ccc(Cc2ccccc2)cc1,scf_05784e2ddd36e41751a8,False,,scf_05784e2ddd36e41751a8
par_cb89757a8e2308631fea,,,True,acy_3395c1b70201be00625e,acy_3395c1b70201be00625e
par_cb8e99d3ca587a76a274,O=c1c2ccccc2[nH]c2cc3c(=O)c4ccccc4[nH]c3cc12,scf_2eeed219961c69512cfc,False,,scf_2eeed219961c69512cfc
par_cb9cc56561229a8c2b47,c1ccccc1,scf_13cad05ca8f49c509e5b,False,,scf_13cad05ca8f49c509e5b
par_cbb109f657c457242988,c1ccccc1.c1ccccc1,scf_41f17138a91b62ee11b2,False,,scf_41f17138a91b62ee11b2
par_cbc486ef5b09c57dbb21,,,True,acy_37f834ae33f6c99cd099,acy_37f834ae33f6c99cd099
par_cbfb9fb1fb9d8b24d851,c1ccccc1,scf_13cad05ca8f49c509e5b,False,,scf_13cad05ca8f49c509e5b
par_cc00b4ae73c114aa2e46,c1ccc(Oc2ccccc2)cc1,scf_9affd80d02f471acfe8b,False,,scf_9affd80d02f471acfe8b
par_cc08a71894422a8a0065,,,True,acy_d1e95ee0450b739e8186,acy_d1e95ee0450b739e8186
par_cc1000e2df44947139a4,c1ncc2ncn(C3CCC(COC4CCCOC4)O3)c2n1,scf_8eb615164086a47925c6,False,,scf_8eb615164086a47925c6
par_cc39dcebe0f23699beca,,,True,acy_cb54277eaad1e6ee28dd,acy_cb54277eaad1e6ee28dd
par_cc3a69313d732a537e1c,c1ccccc1,scf_13cad05ca8f49c509e5b,False,,scf_13cad05ca8f49c509e5b
par_cc4cbee6752db957ad73,c1ccccc1,scf_13cad05ca8f49c509e5b,False,,scf_13cad05ca8f49c509e5b
par_cc60ec4b4cc0ad216c27,O=C(Oc1ccc2c(c1)CCCO2)c1cccnc1,scf_fdca9f04b45867edfc8f,False,,scf_fdca9f04b45867edfc8f
par_cc69cbb471af556c5a7b,C1CCCCC1,scf_a21c4f64dcc59dd2ede8,False,,scf_a21c4f64dcc59dd2ede8
par_cc6c217a0d62b006b4a5,,,True,acy_daf0febae45f93fac2b1,acy_daf0febae45f93fac2b1
par_cc7ff821e794b5d8a33d,c1ccccc1,scf_13cad05ca8f49c509e5b,False,,scf_13cad05ca8f49c509e5b
par_cc8297ac7720375245b9,c1ccc(-c2ccccc2)cc1,scf_27dacb226b18e24b40e3,False,,scf_27dacb226b18e24b40e3
par_cc84234a9370cb8737fa,c1ccccc1,scf_13cad05ca8f49c509e5b,False,,scf_13cad05ca8f49c509e5b
par_cc8f1452fc56d99354ac,,,True,acy_3d3c9bbd892c961d23b9,acy_3d3c9bbd892c961d23b9
par_cc8f1d4f4224bb983914,c1ncncn1,scf_89055dbbabf38236f98e,False,,scf_89055dbbabf38236f98e
par_cca397c2f357fd582926,O=C1CC(=O)c2ccccc21,scf_7496ef89c117af8e5fa8,False,,scf_7496ef89c117af8e5fa8
par_cca7e3ccf2b90f7b3fcc,c1ccccc1,scf_13cad05ca8f49c509e5b,False,,scf_13cad05ca8f49c509e5b
par_ccab116e15f3ff82ffe3,,,True,acy_970b5bcadfa829528d98,acy_970b5bcadfa829528d98
par_ccb4350a6ee208a78d89,c1ccccc1,scf_13cad05ca8f49c509e5b,False,,scf_13cad05ca8f49c509e5b
par_ccc51878bebf4306c7f9,,,True,acy_40ac447629c61e4b17e3,acy_40ac447629c61e4b17e3
par_cce937559094fc614571,,,True,acy_088f3f2e185644c3950e,acy_088f3f2e185644c3950e
par_ccff6e7a458ad5be3e3c,C1CCCCC1,scf_a21c4f64dcc59dd2ede8,False,,scf_a21c4f64dcc59dd2ede8
par_cd0901ebba8ce1489683,,,True,acy_267d3dfdc6ae71ae60d4,acy_267d3dfdc6ae71ae60d4
par_cd17034b15abb7b44048,,,True,acy_123bd6a3ec949a8d9271,acy_123bd6a3ec949a8d9271
par_cd19a6fbaaf82f9155b5,,,True,acy_41b240397ce8bfd62dff,acy_41b240397ce8bfd62dff
par_cd238c483a5a30e29e0b,c1ccccc1,scf_13cad05ca8f49c509e5b,False,,scf_13cad05ca8f49c509e5b
par_cd268b2af5fd9e079d22,O=C1NC2NC(=O)NC2N1,scf_5bf7cde18990daae79a4,False,,scf_5bf7cde18990daae79a4
par_cd323a3f5029831afc49,,,True,acy_6255aa46ecb3c1a21521,acy_6255aa46ecb3c1a21521
par_cd35089bdaa373571ac2,c1ccccc1,scf_13cad05ca8f49c509e5b,False,,scf_13cad05ca8f49c509e5b
par_cd3660d7b6124dbf74e4,O=C1CCCOC(=O)[C@@H](NC(=O)c2ccccc2)CO1,scf_1295cb2500a461620106,False,,scf_1295cb2500a461620106
par_cd48717d1210bed46f52,C1CCC2=NCCCN2CC1,scf_cd48717d1210bed46f52,False,,scf_cd48717d1210bed46f52
par_cd4a304a570ec0b47fe2,c1ccccc1,scf_13cad05ca8f49c509e5b,False,,scf_13cad05ca8f49c509e5b
par_cd5b9febd8ef8581eddc,C1CCCCC1,scf_a21c4f64dcc59dd2ede8,False,,scf_a21c4f64dcc59dd2ede8
par_cd6b61467c1a95634285,O=C1C=C2CC[C@H]3[C@@H]4CCC(=O)C4CC[C@@H]3C2CC1,scf_f79d61c2cbe24817eb1b,False,,scf_f79d61c2cbe24817eb1b
par_cd6be5d36f211417ac89,,,True,acy_fb63ecff7c68fd54d277,acy_fb63ecff7c68fd54d277
par_cd6fbb7e874f775d4495,c1ccccc1,scf_13cad05ca8f49c509e5b,False,,scf_13cad05ca8f49c509e5b
par_cd75bb4862177bca6d31,,,True,acy_235ad0fda72e81414549,acy_235ad0fda72e81414549
par_cd9448c480514ee5168c,,,True,acy_97e5565e8e8528226588,acy_97e5565e8e8528226588
par_cd9567765864f1ceae5c,C1CCCCC1,scf_a21c4f64dcc59dd2ede8,False,,scf_a21c4f64dcc59dd2ede8
par_cd9920599c551babe660,c1ccc(Cc2ccccc2)cc1,scf_05784e2ddd36e41751a8,False,,scf_05784e2ddd36e41751a8
par_cdb0a3d24fc5fbed33be,,,True,acy_13eecabb98ae5961dff2,acy_13eecabb98ae5961dff2
par_cdb6d1952a3ab6b96714,,,True,acy_3395c1b70201be00625e,acy_3395c1b70201be00625e
par_cdbf6a0c73d4ac86570e,,,True,acy_9ea13c7813cce63ccde0,acy_9ea13c7813cce63ccde0
par_cdc327033eeea935ce7b,c1ccccc1,scf_13cad05ca8f49c509e5b,False,,scf_13cad05ca8f49c509e5b
par_cdc6998e4b84ad08ce18,,,True,acy_cfcc0afd0ba8d56cc2d9,acy_cfcc0afd0ba8d56cc2d9
par_cdc8d415ec51d1fbd377,,,True,acy_275f1c708c126120e933,acy_275f1c708c126120e933
par_cdcac660871ee50648fc,,,True,acy_a704a5690f06ac5028ca,acy_a704a5690f06ac5028ca
par_cde012544980e620277f,c1ccccc1,scf_13cad05ca8f49c509e5b,False,,scf_13cad05ca8f49c509e5b
par_cde2f14178474dd81317,,,True,acy_dbdae54709b60499859f,acy_dbdae54709b60499859f
par_cde3b5fbb536ff13cb0e,c1cn(N2CCOCC2)n[o+]1,scf_a72b35a01549b4e8b881,False,,scf_a72b35a01549b4e8b881
par_cdf3073e84c06e1598c8,,,True,acy_ace102bbb34fb76d2227,acy_ace102bbb34fb76d2227
par_cdf995708f86b83e58e3,N=C(Oc1ccccc1)Oc1ccccc1,scf_8a77df821dfa48e59d01,False,,scf_8a77df821dfa48e59d01
par_cdf9a85ca59152226925,,,True,acy_044e3f36bc0784b4df7d,acy_044e3f36bc0784b4df7d
par_ce08971ed57e415b32d0,,,True,acy_42fad99340318e7863d8,acy_42fad99340318e7863d8
par_ce0fa2f820d82d15b350,,,True,acy_9796c2d4ea0eaad9eaf9,acy_9796c2d4ea0eaad9eaf9
par_ce132f083ba44e1c9a7c,c1ccccc1,scf_13cad05ca8f49c509e5b,False,,scf_13cad05ca8f49c509e5b
par_ce17c9ec550036123631,,,True,acy_fee144d836cb02d82ef8,acy_fee144d836cb02d82ef8
par_ce1dee5fef7a254964a0,,,True,acy_ebca1cf57412ec58f38f,acy_ebca1cf57412ec58f38f
par_ce3bf859a0783da0879f,,,True,acy_f2097066b862c21a1d5a,acy_f2097066b862c21a1d5a
par_ce46d8ae6e956ca87a04,,,True,acy_6ba01ce7d6214183738f,acy_6ba01ce7d6214183738f
par_ce4d27ba0cfd80c85620,c1cocn1,scf_7612215cfbc3edeb7247,False,,scf_7612215cfbc3edeb7247
par_ce50242bcc6243467472,,,True,acy_7446eb650ee63f2406d3,acy_7446eb650ee63f2406d3
par_ce54069ec8946c4c8424,c1ccc(C2CCCc3cncn32)cc1,scf_c321dd3b6ea95e7c7e54,False,,scf_c321dd3b6ea95e7c7e54
par_ce548cec318b463ffe40,,,True,acy_8ce74cf8386007e25185,acy_8ce74cf8386007e25185
par_ce58e95e786fc87ee75b,,,True,acy_8ce74cf8386007e25185,acy_8ce74cf8386007e25185
par_ce692c641a98c0a57886,c1ccccc1,scf_13cad05ca8f49c509e5b,False,,scf_13cad05ca8f49c509e5b
par_ce751f9a10aedb362d27,,,True,acy_b7a4a2546dd42138eb44,acy_b7a4a2546dd42138eb44
par_ce7fdf9b45b71f13cb6c,,,True,acy_6d94df465b4204d0b671,acy_6d94df465b4204d0b671
par_ce853521df945af84c37,C1=CC(c2ccccc2)C=CN1,scf_496fb2d31e86fc59dc96,False,,scf_496fb2d31e86fc59dc96
par_ce8e8aaac09f6f789220,c1ncncn1,scf_89055dbbabf38236f98e,False,,scf_89055dbbabf38236f98e
par_ce95524e5120b1063689,c1ccccc1,scf_13cad05ca8f49c509e5b,False,,scf_13cad05ca8f49c509e5b
par_ceb49bd7ee1713ecf21b,c1ccccc1,scf_13cad05ca8f49c509e5b,False,,scf_13cad05ca8f49c509e5b
par_ceb9b1c2e43059db41ee,,,True,acy_b190431717233dc2ad09,acy_b190431717233dc2ad09
par_ceb9ec77886a1d78cca3,,,True,acy_da73c07b090f39704c41,acy_da73c07b090f39704c41
par_cec5078599fe0f065a74,c1ccncc1,scf_75c7a4b0b41e43900bfb,False,,scf_75c7a4b0b41e43900bfb
par_cecc746ec1917270b56a,c1ccccc1,scf_13cad05ca8f49c509e5b,False,,scf_13cad05ca8f49c509e5b
par_ced805b93e9bf4cdaa00,c1ccccc1,scf_13cad05ca8f49c509e5b,False,,scf_13cad05ca8f49c509e5b
par_cefe8a6e15c7d51a343b,C1COCO1,scf_6329f6891f70fdfd32d7,False,,scf_6329f6891f70fdfd32d7
par_cf08e032282ef83b28e0,C1=Cc2ccccc2NC1,scf_1653963e1a6d8177e159,False,,scf_1653963e1a6d8177e159
par_cf1099de352bc992b5ef,O=C1C=CCCC1,scf_9e258000d96cef27d5aa,False,,scf_9e258000d96cef27d5aa
par_cf16b52aea36d1b19e4c,O=C1c2ccccc2C(=O)c2ccccc21,scf_f0c6b09cfc7aa95a3893,False,,scf_f0c6b09cfc7aa95a3893
par_cf1db90c49d0c773df12,c1ccc(C[n+]2ccccc2)cc1,scf_bc589e0898e2225134f4,False,,scf_bc589e0898e2225134f4
par_cf276b8dcd6f30570a36,,,True,acy_090baca06e077124349a,acy_090baca06e077124349a
par_cf34befd9ff8e7daf7e4,,,True,acy_75cc5e32ee4b4ca0f63f,acy_75cc5e32ee4b4ca0f63f
par_cf395e42caf2315f47e3,c1ccccc1,scf_13cad05ca8f49c509e5b,False,,scf_13cad05ca8f49c509e5b
par_cf3a3e568e35c3f6831f,,,True,acy_3d29921630d3c407399e,acy_3d29921630d3c407399e
par_cf53188314d8db37f94c,,,True,acy_7c93d3e6ee4cf1040a36,acy_7c93d3e6ee4cf1040a36
par_cf62b374663f76a8c24d,,,True,acy_dbdae54709b60499859f,acy_dbdae54709b60499859f
par_cfad5bc1fc79be06b9df,c1ncncn1,scf_89055dbbabf38236f98e,False,,scf_89055dbbabf38236f98e
par_cfb5f8e814c0a457929d,C1=NCCN1,scf_e95e80bbbd770e38d2ab,False,,scf_e95e80bbbd770e38d2ab
par_cfc43744fac6c2663e9e,O=C(Nc1cccc2ccccc12)c1ccccc1,scf_2833772f5e1633a1128d,False,,scf_2833772f5e1633a1128d
par_cfd5fcb7ffacc127565a,c1cncnc1,scf_a3ad2a5dcc41ff79865e,False,,scf_a3ad2a5dcc41ff79865e
par_cfdcba9532d5bee4cf43,C1COCCN1,scf_f2e394232156ef1f934e,False,,scf_f2e394232156ef1f934e
par_cfdde373a2a8c04668f0,,,True,acy_a5c0abf52f9ca2bbef65,acy_a5c0abf52f9ca2bbef65
par_cfe1b02101809abe3432,O=C1C=CC(=O)O1,scf_3f53fcefd251a4122f4c,False,,scf_3f53fcefd251a4122f4c
par_cff7ac30863c30fe305c,,,True,acy_72f570f1c54bb82062c6,acy_72f570f1c54bb82062c6
par_cff874d49fb13243e8bb,O=C1CNC(=O)N1,scf_887b1309988e7fe77ebb,False,,scf_887b1309988e7fe77ebb
par_d001f1622ae283b1b6a5,c1ccc2c(c1)CC[C@@H]1[C@@H]2CCC2CCC[C@H]21,scf_011186ef72b148f58ac6,False,,scf_011186ef72b148f58ac6
par_d011924504f7f0d96357,,,True,acy_c9405354815317989184,acy_c9405354815317989184
par_d01c07b6464aa880d453,,,True,acy_41b240397ce8bfd62dff,acy_41b240397ce8bfd62dff
par_d029124af5fd0892c67a,C=C1CC2CC1C1CCC(=O)OC21,scf_64c51cb168b04960448a,False,,scf_64c51cb168b04960448a
par_d03eeed5a4cbbe6e7212,c1ccccc1,scf_13cad05ca8f49c509e5b,False,,scf_13cad05ca8f49c509e5b
par_d067ef91b1d5a972828a,O=C(Nc1ncccn1)NS(=O)(=O)Nc1ccccc1C(=O)C1CC1,scf_be1ee85c0d024a7873eb,False,,scf_be1ee85c0d024a7873eb
par_d068289ff320d5180fa7,c1ccccc1,scf_13cad05ca8f49c509e5b,False,,scf_13cad05ca8f49c509e5b
par_d06ba5c399d0660f0745,,,True,acy_383281370401dbfde5bc,acy_383281370401dbfde5bc
par_d077efd7dbeb040669b5,,,True,acy_5c6830fe081c6c436810,acy_5c6830fe081c6c436810
par_d0903ba70b9068ebb8c8,c1ccccc1,scf_13cad05ca8f49c509e5b,False,,scf_13cad05ca8f49c509e5b
par_d090d241f0996c63a6c4,,,True,acy_eeebd55baecf69385d3f,acy_eeebd55baecf69385d3f
par_d098d7bae6befdee779a,,,True,acy_af83634116a13aee3401,acy_af83634116a13aee3401
par_d09973bbee695e44f61a,c1ccccc1,scf_13cad05ca8f49c509e5b,False,,scf_13cad05ca8f49c509e5b
par_d09bb408785f964bf161,,,True,acy_11ccae2dd9386090f54b,acy_11ccae2dd9386090f54b
par_d0a636d37b7e6b308699,O=C(OCCOC(=O)c1ccc2c(c1)C(=O)OC2=O)c1ccc2c(c1)C(=O)OC2=O,scf_d0a636d37b7e6b308699,False,,scf_d0a636d37b7e6b308699
par_d0ba6b64b60968c189ab,O=c1cccc[nH]1,scf_06578ea4e88f81e86e01,False,,scf_06578ea4e88f81e86e01
par_d0ea3572142864274775,,,True,acy_3aa2781d8bebb899ae25,acy_3aa2781d8bebb899ae25
par_d0f7bcb9ff12b417a31b,c1ccc(CC2=NCCN2)cc1,scf_d0f7bcb9ff12b417a31b,False,,scf_d0f7bcb9ff12b417a31b
par_d0fa11974cf877e96484,O=P(Oc1ccccc1)(Oc1ccccc1)Oc1ccccc1,scf_b6533a219393f1129d26,False,,scf_b6533a219393f1129d26
par_d0fc67ab7ee391b34f52,c1ccccc1,scf_13cad05ca8f49c509e5b,False,,scf_13cad05ca8f49c509e5b
par_d104b6fa2b82b460575a,,,True,acy_982a18ac005244c0cc0f,acy_982a18ac005244c0cc0f
par_d10ea40018a52793c7f4,,,True,acy_96f60ee6dcefd5f324ca,acy_96f60ee6dcefd5f324ca
par_d124c378e35465de8d09,,,True,acy_ed4f52bbaeeb185b7384,acy_ed4f52bbaeeb185b7384
par_d132f9b5828a52586dbc,,,True,acy_6d94f1a7bf864154ab07,acy_6d94f1a7bf864154ab07
par_d133ba0751393aa3b4b4,c1ccccc1,scf_13cad05ca8f49c509e5b,False,,scf_13cad05ca8f49c509e5b
par_d137ad00add521074edb,c1ccccc1,scf_13cad05ca8f49c509e5b,False,,scf_13cad05ca8f49c509e5b
par_d13ebc07516fb3428dca,c1ccccc1,scf_13cad05ca8f49c509e5b,False,,scf_13cad05ca8f49c509e5b
par_d1481b924064f55736bc,c1ccc2c(c1)OCO2,scf_7e48ba60e2279ba9461b,False,,scf_7e48ba60e2279ba9461b
par_d156c7f61581a866704b,,,True,acy_89b5124cf05ccdaeec8a,acy_89b5124cf05ccdaeec8a
par_d158dc0ad445b6182bcf,O=C(C=NNc1ccccc1)[N-]c1ccccc1.O=C(C=NNc1ccccc1)[N-]c1ccccc1,scf_60d018e612671c09f96b,False,,scf_60d018e612671c09f96b
par_d1804144c49488f4c526,O=c1[nH]cnnc1-c1ccccc1,scf_1366fcbe7e52cbbdd436,False,,scf_1366fcbe7e52cbbdd436
par_d18311a51b429b6d2812,,,True,acy_28ac53909475e5bcc40b,acy_28ac53909475e5bcc40b
par_d185651ebec0cd1809a8,,,True,acy_8751be68c6f43c13e3a6,acy_8751be68c6f43c13e3a6
par_d1890d19e444708a7f76,c1cncc(C2=NCCS2)c1,scf_494dac1a3fac9817c2f2,False,,scf_494dac1a3fac9817c2f2
par_d1bc7839b699642e712f,c1ccccc1,scf_13cad05ca8f49c509e5b,False,,scf_13cad05ca8f49c509e5b
par_d1c526b8f48919b196eb,c1ncncn1,scf_89055dbbabf38236f98e,False,,scf_89055dbbabf38236f98e
par_d1cf7fb693b553eeca55,,,True,acy_f2097066b862c21a1d5a,acy_f2097066b862c21a1d5a
par_d1e717dd2984e7cfea40,c1ccccc1,scf_13cad05ca8f49c509e5b,False,,scf_13cad05ca8f49c509e5b
par_d1e7eb5af51028a1a4a2,O=c1ccc(=N[N-]c2ccccc2)c(=O)/c1=N/Nc1cccc2ccccc12.O=c1ccc(=N[N-]c2ccccc2)c(=O)/c1=N/Nc1cccc2ccccc12,scf_4a1268ee2d7fd14463d6,False,,scf_4a1268ee2d7fd14463d6
par_d1eceb278b4002f5bec3,,,True,acy_a9ad352192f42d3a6f9c,acy_a9ad352192f42d3a6f9c
par_d1f99e0d6a300441402e,,,True,acy_4961d1e0a3828babd9ff,acy_4961d1e0a3828babd9ff
par_d1f9bb35895c05d3b213,C=C1CCC2CCCCC2C1,scf_bdb4b94f2a769b816cff,False,,scf_bdb4b94f2a769b816cff
par_d1fa09f1a4b71fcf1f46,C1=CCC2=C(C1)CC[C@@H]1[C@@H]2CCC2CCC[C@H]21,scf_5604f99424b405fb0da1,False,,scf_5604f99424b405fb0da1
par_d20a70e0d146bf3562fd,O=C1C=C2CC[C@@H]3[C@H](CCC4C(=O)CC[C@H]43)[C@H]2CC1,scf_09627e757a39083d50e4,False,,scf_09627e757a39083d50e4
par_d20b799c5b5eb6f8e272,,,True,acy_a5d1b1d4caf5d77ab7ef,acy_a5d1b1d4caf5d77ab7ef
par_d21e7744b000f6887fa8,c1ccc2cc3ccccc3cc2c1,scf_6fb4cbeebf372106f231,False,,scf_6fb4cbeebf372106f231
par_d22abb16c715a4e63d05,C1=CCC2=C(C1)CC[C@@H]1[C@@H]2CCC2CCC[C@H]21,scf_5604f99424b405fb0da1,False,,scf_5604f99424b405fb0da1
par_d22f483f6a37edb8ecc5,O=S(=O)(Nc1ccon1)c1ccccc1,scf_6ea27e036fdc177ff597,False,,scf_6ea27e036fdc177ff597
par_d23b5d767409755d7540,,,True,acy_6facc6857ee7b45ca0af,acy_6facc6857ee7b45ca0af
par_d23ecd3bdd2be19a8ec2,,,True,acy_561eb8ca0dc4f0b5297b,acy_561eb8ca0dc4f0b5297b
par_d25a14ea120ca7bad76f,c1ccc2ncccc2c1,scf_a8daf8c5800683abd84e,False,,scf_a8daf8c5800683abd84e
par_d25eff19d067328bd3ff,C1CCNC1,scf_487ed2dcbfa239f0ffcc,False,,scf_487ed2dcbfa239f0ffcc
par_d265aa36d2375431f1c8,O=C1c2ccccc2C(=O)c2c(Nc3cccc(Nc4ccncn4)c3)cccc21,scf_7ac6d6974862845d9ba9,False,,scf_7ac6d6974862845d9ba9
par_d265c421842b32640e37,c1ccccc1,scf_13cad05ca8f49c509e5b,False,,scf_13cad05ca8f49c509e5b
par_d2682adbca3fd6fa463b,O=C1CCC23CCCCCC(CCC2)[C@@H]13,scf_2082101454e5a9275fca,False,,scf_2082101454e5a9275fca
par_d26eedc17e50b82dea7c,C(=C\c1ccc(-c2ccc(/C=C\c3ccccc3)cc2)cc1)\c1ccccc1,scf_afcacb6f7978784fb9f9,False,,scf_afcacb6f7978784fb9f9
par_d28f59ee470972e383c9,O=C(NC(=O)c1ccccc1)Nc1ccc(CO/N=C(/c2ccccc2)C2CC2)cc1,scf_fde8978262d0a73a774e,False,,scf_fde8978262d0a73a774e
par_d2986e413d2dad37ca09,C1=CCCC1,scf_cb9a5b92987e908a4fd2,False,,scf_cb9a5b92987e908a4fd2
par_d29de9b2993364edb583,c1ccccc1,scf_13cad05ca8f49c509e5b,False,,scf_13cad05ca8f49c509e5b
par_d2aa2328cd8ccf54217a,C1=CCOC1,scf_d2aa2328cd8ccf54217a,False,,scf_d2aa2328cd8ccf54217a
par_d2b9529fdf66eedff7c2,,,True,acy_a2f8687f0c914bfc0a01,acy_a2f8687f0c914bfc0a01
par_d2baa0d84c78d7a01669,,,True,acy_5030d540171ea6ce061a,acy_5030d540171ea6ce061a
par_d2c517078762918f6cc8,O=C1CCCC1,scf_25ef9bca067efdf83125,False,,scf_25ef9bca067efdf83125
par_d2c9ec75929da1642837,c1ncncn1,scf_89055dbbabf38236f98e,False,,scf_89055dbbabf38236f98e
par_d2d603908bf8f79f22ec,,,True,acy_2e4313588d9467a3ea1c,acy_2e4313588d9467a3ea1c
par_d2d7a13e1b791f1d5b1e,C1CCCCC1,scf_a21c4f64dcc59dd2ede8,False,,scf_a21c4f64dcc59dd2ede8
par_d2dcc23bcdd9ae0e57bf,C1CCC(C2CCCCC2)CC1,scf_d2dcc23bcdd9ae0e57bf,False,,scf_d2dcc23bcdd9ae0e57bf
par_d2e120c0ae85e467d979,,,True,acy_35388c75bd4a69e438cd,acy_35388c75bd4a69e438cd
par_d2e640ec6c308b6ddad0,,,True,acy_cb9152e4fd79ac2db472,acy_cb9152e4fd79ac2db472
par_d2fbc77ac9728c1ffca5,c1ccccc1,scf_13cad05ca8f49c509e5b,False,,scf_13cad05ca8f49c509e5b
par_d2fe1165f821c17b7616,,,True,acy_be04ba7a8c2eae6ed6e7,acy_be04ba7a8c2eae6ed6e7
par_d303c6101fcbaa69f1a4,,,True,acy_84e24336daf0130a8626,acy_84e24336daf0130a8626
par_d3082d17492adecd8dfe,c1ccccc1,scf_13cad05ca8f49c509e5b,False,,scf_13cad05ca8f49c509e5b
par_d30dbd3a7550cb1849e2,O=S(=O)(Nc1nc2ccncn2n1)c1ccccc1,scf_efc72d4009ee8eb45b51,False,,scf_efc72d4009ee8eb45b51
par_d31603a18b3097935f5c,O=C1CNC(=O)N1c1ccccc1,scf_f9e5719f5ac6568db50e,False,,scf_f9e5719f5ac6568db50e
par_d317ab3fedbe0e103e4c,C1CCCCCC(N2CCOCC2)CCCCC1,scf_4ede450ef8db38374eb9,False,,scf_4ede450ef8db38374eb9
par_d321e1af18c5d530bc8d,c1ccccc1,scf_13cad05ca8f49c509e5b,False,,scf_13cad05ca8f49c509e5b
par_d32c767503ae711338d2,c1ccc(N=Nc2ccccc2)cc1,scf_782452139c6e50ec94b3,False,,scf_782452139c6e50ec94b3
par_d32f5050b71cac0d03fa,O=C1/C(=N/Nc2ccc(-c3ccc(N/N=C4\C=NN(c5ccccc5)C4=O)cc3)cc2)C=NN1c1ccccc1,scf_09c4bc576b1d06acd3d6,False,,scf_09c4bc576b1d06acd3d6
par_d3338072fb97c4a188bb,O=C1C=C2CC[C@H]3[C@@H]4CCCC4CC[C@@H]3C2CC1,scf_02f9fbcd400f7be38003,False,,scf_02f9fbcd400f7be38003
par_d3459563c53792ce5926,c1coc(-c2nc3ccccc3[nH]2)c1,scf_d3459563c53792ce5926,False,,scf_d3459563c53792ce5926
par_d35cce149b3562190a17,c1ccccc1,scf_13cad05ca8f49c509e5b,False,,scf_13cad05ca8f49c509e5b
par_d365ea3d05e796bbda62,O=C1CNC(=O)N1,scf_887b1309988e7fe77ebb,False,,scf_887b1309988e7fe77ebb
par_d368204fbad33225ff41,C1CCCCC1,scf_a21c4f64dcc59dd2ede8,False,,scf_a21c4f64dcc59dd2ede8
par_d37f20847ddd0c7aaad6,c1ccccc1,scf_13cad05ca8f49c509e5b,False,,scf_13cad05ca8f49c509e5b
par_d38a75ab9fb4a421c7cb,O=C1OC2(c3ccccc3Oc3ccccc32)c2ccccc21,scf_c14809c4399a897b6e91,False,,scf_c14809c4399a897b6e91
par_d38b876a399604e89c64,c1ccccc1,scf_13cad05ca8f49c509e5b,False,,scf_13cad05ca8f49c509e5b
par_d38bbfe3a99175024dfa,O=C1/C(=C2\Nc3ccccc3C2=O)Nc2ccccc21,scf_9ae2f5d8d2801158d338,False,,scf_9ae2f5d8d2801158d338
par_d392a98ed2686cb2af4e,c1ccc2ccccc2c1,scf_a896d495b04a450b732a,False,,scf_a896d495b04a450b732a
par_d3969e0a785f2997d003,c1ccccc1,scf_13cad05ca8f49c509e5b,False,,scf_13cad05ca8f49c509e5b
par_d3a018b12c69b5daa0d6,c1ccc2ccccc2c1,scf_a896d495b04a450b732a,False,,scf_a896d495b04a450b732a
par_d3a54af2c96f7a0301f2,c1ccccc1,scf_13cad05ca8f49c509e5b,False,,scf_13cad05ca8f49c509e5b
par_d3c3022298f0a342c122,,,True,acy_0d76656c46eb7ace07a5,acy_0d76656c46eb7ace07a5
par_d3c5df7dbe0b0e2a2d97,,,True,acy_14ebf689aba39182d162,acy_14ebf689aba39182d162
par_d3e3df8944c9714976e3,c1ccccc1,scf_13cad05ca8f49c509e5b,False,,scf_13cad05ca8f49c509e5b
par_d3fa366a2630d691eff8,c1ccc2scnc2c1,scf_5a0630b242bf5e7865cb,False,,scf_5a0630b242bf5e7865cb
par_d3fcf0d6f2f88a9b8e42,c1cc2c3c(c[nH]c3c1)C[C@H]1NCCCC21,scf_8b6fba9f44d9c51cbb29,False,,scf_8b6fba9f44d9c51cbb29
par_d401e5cbd687654964b9,C1=CCCCC1,scf_fe8528cff2dfdfccb743,False,,scf_fe8528cff2dfdfccb743
par_d40c87c8ea09b47b39af,,,True,acy_44e61fcde8826f0244a2,acy_44e61fcde8826f0244a2
par_d41b2817e8bb2799cc38,c1ccccc1,scf_13cad05ca8f49c509e5b,False,,scf_13cad05ca8f49c509e5b
par_d41eb203768a2a728df1,O=C(c1ccccn1)N1CCN(Cc2ccccc2)CC1,scf_3c3ce5b0624fdc46034d,False,,scf_3c3ce5b0624fdc46034d
par_d423c01815b8bc04ff2b,,,True,acy_2c8e102948cc1b06a4b7,acy_2c8e102948cc1b06a4b7
par_d431cd4278380475c513,,,True,acy_de63b4f6fb790574180c,acy_de63b4f6fb790574180c
par_d43eb71c56e1c2e11e5b,c1ccccc1,scf_13cad05ca8f49c509e5b,False,,scf_13cad05ca8f49c509e5b
par_d449102a9662d23693c1,,,True,acy_11f4a9f3686389ad956c,acy_11f4a9f3686389ad956c
par_d44b0efe8c28c2c7e67b,C1CCCC1,scf_8c2e3ed84f9272bb9c74,False,,scf_8c2e3ed84f9272bb9c74
par_d44ec1b16d48d9705163,c1ccccc1,scf_13cad05ca8f49c509e5b,False,,scf_13cad05ca8f49c509e5b
par_d458018405404905fba7,O=c1ocnn1-c1ccccc1,scf_480c062bee99023b6bd7,False,,scf_480c062bee99023b6bd7
par_d458297ed82aa0930cc7,,,True,acy_b37ecc9683db04478a1c,acy_b37ecc9683db04478a1c
par_d48d956abb141dd8eeed,,,True,acy_d630a840dc0e69e853c0,acy_d630a840dc0e69e853c0
par_d48ff096420b4d8f7890,c1ccccc1,scf_13cad05ca8f49c509e5b,False,,scf_13cad05ca8f49c509e5b
par_d4904a9df91e7b56eb64,,,True,acy_06ee5d50ee5d52aa16e2,acy_06ee5d50ee5d52aa16e2
par_d49a1a035d4ba740af2d,c1ccccc1,scf_13cad05ca8f49c509e5b,False,,scf_13cad05ca8f49c509e5b
par_d49ff7400d193628aab7,,,True,acy_a884bb32318664801063,acy_a884bb32318664801063
par_d4a261af779cb8731d8f,c1ccncc1,scf_75c7a4b0b41e43900bfb,False,,scf_75c7a4b0b41e43900bfb
par_d4a8a0ec1389b1ed71d5,,,True,acy_6dc158e2e65eb0a253a0,acy_6dc158e2e65eb0a253a0
par_d4b24555e0cf697249d1,c1ccccc1,scf_13cad05ca8f49c509e5b,False,,scf_13cad05ca8f49c509e5b
par_d4b27fbc8cca50928e9f,c1ccccc1,scf_13cad05ca8f49c509e5b,False,,scf_13cad05ca8f49c509e5b
par_d4ce01f2ce13f1abf450,,,True,acy_41b240397ce8bfd62dff,acy_41b240397ce8bfd62dff
par_d4d7f4ccb6f54f230aa0,,,True,acy_3e0ea233cde1b6a6b050,acy_3e0ea233cde1b6a6b050
par_d4e67dbaf98eb6c31aa3,,,True,acy_f72c76f7c62b5b836c77,acy_f72c76f7c62b5b836c77
par_d4e85946bba50b51b704,O=C(NC(=O)c1ccccc1)Nc1ccccc1,scf_93d1c3930dd8f14249c4,False,,scf_93d1c3930dd8f14249c4
par_d4eb99670fc258ab5b69,O=c1[nH]ncn1-c1ccc(N2CCN(c3ccc(OC[C@H]4CO[C@](Cn5cncn5)(c5ccccc5)O4)cc3)CC2)cc1,scf_a11f8dbd7fcc8d4c95ed,False,,scf_a11f8dbd7fcc8d4c95ed
par_d50266f36dfbc5270c85,C1CCNCC1,scf_daa04a326d407f1003f7,False,,scf_daa04a326d407f1003f7
par_d5233f3a0d870d2c5e08,c1ccc(-c2c3ccccc3[o+]c3ccccc23)cc1,scf_8726174983f905ad4336,False,,scf_8726174983f905ad4336
par_d523c3f02945f66b9c34,c1ccccc1,scf_13cad05ca8f49c509e5b,False,,scf_13cad05ca8f49c509e5b
par_d52c434682069b9fc03e,,,True,acy_481a262548368d4ed025,acy_481a262548368d4ed025
par_d52eea0f6ccb4096a966,c1ccc(C(c2ccccc2)(c2ccccc2)N2CCOCC2)cc1,scf_d52eea0f6ccb4096a966,False,,scf_d52eea0f6ccb4096a966
par_d52f1cf974c92ce3ee35,,,True,acy_5ca376bf61fb8024883c,acy_5ca376bf61fb8024883c
par_d53dde45a2976785fc6c,,,True,acy_7b05a96a459422f35228,acy_7b05a96a459422f35228
par_d550eeebdfd11ef50b29,C1=NCCN1Cc1cccnc1,scf_8e12868dcbe6c08d7bdb,False,,scf_8e12868dcbe6c08d7bdb
par_d5580f2ca0899a8d768c,c1ccccc1,scf_13cad05ca8f49c509e5b,False,,scf_13cad05ca8f49c509e5b
par_d5666f3219b10bd2390d,,,True,acy_c17f106facc560511f3f,acy_c17f106facc560511f3f
par_d567876e2ef8b7132f29,,,True,acy_02d3c252cb9b05c81215,acy_02d3c252cb9b05c81215
par_d57fa3e8a552681ca39a,,,True,acy_bb71bbe76952316832d2,acy_bb71bbe76952316832d2
par_d58c8ddefc8a791ec926,c1ccccc1,scf_13cad05ca8f49c509e5b,False,,scf_13cad05ca8f49c509e5b
par_d5a29f956d1d60718519,,,True,acy_d600eabba9b4061443b6,acy_d600eabba9b4061443b6
par_d5c6e524eb7b4107b6b6,c1ccccc1,scf_13cad05ca8f49c509e5b,False,,scf_13cad05ca8f49c509e5b
par_d5cc7910acca64eb2000,O=C(Nc1ncccn1)NS(=O)(=O)c1cnc2ccccn12,scf_e6f7147ac9d4aaf104f3,False,,scf_e6f7147ac9d4aaf104f3
par_d5dc979257ecefa3af53,,,True,acy_2c8e102948cc1b06a4b7,acy_2c8e102948cc1b06a4b7
par_d5e288c8da8e673a53fa,O=C1/C(=N\Nc2ccc(N=Nc3ccccc3)c3ccccc23)C=Cc2ccccc21,scf_173a94d010d77d14f47a,False,,scf_173a94d010d77d14f47a
par_d5faafe22a9b19eef4ea,c1ccccc1,scf_13cad05ca8f49c509e5b,False,,scf_13cad05ca8f49c509e5b
par_d5fba072e756cf832ccf,c1cc[nH+]cc1,scf_8eb2bbb7e55a790a4ea4,False,,scf_8eb2bbb7e55a790a4ea4
par_d5fbc80ff4690af8e134,O=c1[nH]c2cc(N=Cc3cccc4ccccc34)c(N=Cc3cccc4ccccc34)cc2[nH]1,scf_0f3c44782b6ddfdfbe18,False,,scf_0f3c44782b6ddfdfbe18
par_d60408d9683f84090755,,,True,acy_cddaa32a9027b47c8dc3,acy_cddaa32a9027b47c8dc3
par_d6044096af0493cf06b8,c1ccccc1,scf_13cad05ca8f49c509e5b,False,,scf_13cad05ca8f49c509e5b
par_d60c91c98d604a9f035a,c1cn[nH]c1,scf_bf3a6e744c00a4f42e2b,False,,scf_bf3a6e744c00a4f42e2b
par_d60fbbda07e25bc01c65,c1ccc(Oc2ccccc2)cc1,scf_9affd80d02f471acfe8b,False,,scf_9affd80d02f471acfe8b
par_d614960f0a18e6019011,c1ccccc1,scf_13cad05ca8f49c509e5b,False,,scf_13cad05ca8f49c509e5b
par_d633c399a4a714bb42c4,O=S1(=O)OCC2C3C=CC(C3)C2CO1,scf_67ac5e79d12e5f0c00ee,False,,scf_67ac5e79d12e5f0c00ee
par_d645aa79f55e85d0da2e,,,True,acy_89b5124cf05ccdaeec8a,acy_89b5124cf05ccdaeec8a
par_d64ad3f847a8bd97628b,c1ccccc1,scf_13cad05ca8f49c509e5b,False,,scf_13cad05ca8f49c509e5b
par_d64b77dd8dcb6f5dab22,,,True,acy_a327f8f240f5f1d92530,acy_a327f8f240f5f1d92530
par_d6591b89ec21919b0e8e,,,True,acy_0bd1dbc4faf2a3fcc392,acy_0bd1dbc4faf2a3fcc392
par_d65a3e50eb91ee73e653,c1ccncc1,scf_75c7a4b0b41e43900bfb,False,,scf_75c7a4b0b41e43900bfb
par_d6687fdbd2c4984a1a75,,,True,acy_eea40da2135f8f6caa5e,acy_eea40da2135f8f6caa5e
par_d675e252ec344c8593cb,,,True,acy_fd1f04aa8a6f2ab572a5,acy_fd1f04aa8a6f2ab572a5
par_d68931e35d963e3e2162,c1ccccc1.c1ccccc1,scf_41f17138a91b62ee11b2,False,,scf_41f17138a91b62ee11b2
par_d68f7f5c1dee4a02de68,c1ccc(Sc2ncccn2)cc1,scf_b9c39e4fc9f3aa9c07be,False,,scf_b9c39e4fc9f3aa9c07be
par_d691446ff0a3adfc9554,c1ccccc1,scf_13cad05ca8f49c509e5b,False,,scf_13cad05ca8f49c509e5b
par_d699487f4a9f76183dd6,O=C(Nc1ccccc1)C1CC1,scf_aa21dffbf5b10b7cb0df,False,,scf_aa21dffbf5b10b7cb0df
par_d6a32b68a1b8d9f843d1,O=c1[nH]c(=O)c2cc3c(=O)c4ccccc4c(=O)c3cc12,scf_c9eecf7bead627b3a4ba,False,,scf_c9eecf7bead627b3a4ba
par_d6b93a4956a1d4c4fc32,c1ccccc1,scf_13cad05ca8f49c509e5b,False,,scf_13cad05ca8f49c509e5b
par_d6bc31f8c1255f26319e,C1CC2CCC1C2,scf_8decb4ecd7f11859f828,False,,scf_8decb4ecd7f11859f828
par_d6c2f11361546c16b4a9,,,True,acy_3fa0ff259d8c266a475f,acy_3fa0ff259d8c266a475f
par_d6c80d9e2e1682dfda13,,,True,acy_8f7ae74ab695c003fcbf,acy_8f7ae74ab695c003fcbf
par_d6ecae49e4e17c1712d9,c1ccccc1,scf_13cad05ca8f49c509e5b,False,,scf_13cad05ca8f49c509e5b
par_d6f419994da5ae6bad7b,,,True,acy_da73c07b090f39704c41,acy_da73c07b090f39704c41
par_d6f7a287341d8510361b,S=P(Oc1ccccc1)(Oc1ccccc1)Oc1ccccc1,scf_38143d8d383562e32cfd,False,,scf_38143d8d383562e32cfd
par_d6f8fabfe19999b90e12,,,True,acy_8e1058ca7614366d7408,acy_8e1058ca7614366d7408
par_d7148f6b33c07862ed92,,,True,acy_4b1ef23e34805737e816,acy_4b1ef23e34805737e816
par_d720394f053e5d29d40a,,,True,acy_261eeacbfed6503f57f6,acy_261eeacbfed6503f57f6
par_d72219cddd7656e30ab1,,,True,acy_e80746e4c000a6c6ca66,acy_e80746e4c000a6c6ca66
par_d7271ace1f335b957dca,,,True,acy_52e03b74ec061e54ce15,acy_52e03b74ec061e54ce15
par_d72ee934d45647f2bd18,c1ccccc1,scf_13cad05ca8f49c509e5b,False,,scf_13cad05ca8f49c509e5b
par_d73272e364d713e46a1f,c1ccccc1,scf_13cad05ca8f49c509e5b,False,,scf_13cad05ca8f49c509e5b
par_d755fbbc7a22ba9ab858,C1=C\CC/C=C\CC/1,scf_d755fbbc7a22ba9ab858,False,,scf_d755fbbc7a22ba9ab858
par_d7569ba97cb067a001dc,,,True,acy_7d8d2efaa2a42ca9a678,acy_7d8d2efaa2a42ca9a678
par_d7638e19f2c859e58b36,O=C1/C(=N\Nc2ccc3ccccc3c2)C=Cc2cc(Nc3ncncn3)ccc21,scf_fe7dadcc6e7e0643fdff,False,,scf_fe7dadcc6e7e0643fdff
par_d7667fa67b9e62429e2a,,,True,acy_ace102bbb34fb76d2227,acy_ace102bbb34fb76d2227
par_d772b1449fd63a5ee214,,,True,acy_e84761c15f0ae16c33f0,acy_e84761c15f0ae16c33f0
par_d77e5e25d7f4c1b8cb20,,,True,acy_5364c331bfa2f05ba6ab,acy_5364c331bfa2f05ba6ab
par_d785225849b8209299c9,O=C(Nc1ccccc1)Nc1ccncc1,scf_e1a73544321b879fc885,False,,scf_e1a73544321b879fc885
par_d7889a977493cc538a15,,,True,acy_02d3c252cb9b05c81215,acy_02d3c252cb9b05c81215
par_d7932a0e3dd6b3ffb141,C=C1C[C@@H]2[C@H](CCC3C(=O)CC[C@H]32)C2C=CC(=O)C=C12,scf_e1de5a907ab324c281f4,False,,scf_e1de5a907ab324c281f4
par_d79703475ff6fb02d31f,c1ccccc1.c1ccccc1,scf_41f17138a91b62ee11b2,False,,scf_41f17138a91b62ee11b2
par_d7a3f207f2ca7ae13ce9,C1CC2CCC1C2,scf_8decb4ecd7f11859f828,False,,scf_8decb4ecd7f11859f828
par_d7ade5cdfff238ca3f89,,,True,acy_3e7ef9d0da65a03ef106,acy_3e7ef9d0da65a03ef106
par_d7ae1d45af2c7c7b3dde,C1CCCCC1,scf_a21c4f64dcc59dd2ede8,False,,scf_a21c4f64dcc59dd2ede8
par_d7d249456301c2a1448a,O=c1cc[nH]cn1,scf_e2361e4f37692f093c83,False,,scf_e2361e4f37692f093c83
par_d7d302ea41b6373c777d,,,True,acy_f4158597b79e82020cb7,acy_f4158597b79e82020cb7
par_d7d6f8a293d4c8dea7fa,c1ccccc1,scf_13cad05ca8f49c509e5b,False,,scf_13cad05ca8f49c509e5b
par_d7e588e940059b0f5794,C1=CCCCC1,scf_fe8528cff2dfdfccb743,False,,scf_fe8528cff2dfdfccb743
par_d7e7928edf383e40ffae,,,True,acy_4673c201b9a14c4e52ce,acy_4673c201b9a14c4e52ce
par_d7e9f5cf7703418f551c,c1ccccc1,scf_13cad05ca8f49c509e5b,False,,scf_13cad05ca8f49c509e5b
par_d7f05fec49937a312909,,,True,acy_06e96f53b23d76e0ba33,acy_06e96f53b23d76e0ba33
par_d803ab78fbf61ca0fe7e,c1ccccc1,scf_13cad05ca8f49c509e5b,False,,scf_13cad05ca8f49c509e5b
par_d816c926cb750e353700,,,True,acy_4e11dcd3e8b5757357b4,acy_4e11dcd3e8b5757357b4
par_d82133b10ede4d134fd5,,,True,acy_ad749f52b54ee9632e27,acy_ad749f52b54ee9632e27
par_d82279e9d3475e09ca53,,,True,acy_a047ae3ca076de161e25,acy_a047ae3ca076de161e25
par_d8260d255ea8a446d3e2,c1ccc(CNCc2ccccc2)cc1,scf_e8e5212ea44ffd70e4b5,False,,scf_e8e5212ea44ffd70e4b5
par_d82e61fbf1b52b0a27eb,O=C1CCC(c2ccccc2)C(=O)N1,scf_cfdbbe57565048521baa,False,,scf_cfdbbe57565048521baa
par_d833abf653fb494fc1ff,O=C1CC=NN1c1ccccc1,scf_bf2c5f7d5a13133f4758,False,,scf_bf2c5f7d5a13133f4758
par_d834484f4933d58e8f92,c1ccccc1,scf_13cad05ca8f49c509e5b,False,,scf_13cad05ca8f49c509e5b
par_d8371dbc5576989c0056,,,True,acy_465d7c426c437bb17370,acy_465d7c426c437bb17370
par_d849ed8868979d012d1e,,,True,acy_785d394550938158faf2,acy_785d394550938158faf2
par_d85965b591680f6ebec2,c1ccccc1,scf_13cad05ca8f49c509e5b,False,,scf_13cad05ca8f49c509e5b
par_d85e77fa1891c32e4bb5,c1ccccc1,scf_13cad05ca8f49c509e5b,False,,scf_13cad05ca8f49c509e5b
par_d86314c0a32111d9b9cb,,,True,acy_220b7367f7544d144d63,acy_220b7367f7544d144d63
par_d867bca8926f878cf6c0,,,True,acy_eb379c8ce72bf3d530ae,acy_eb379c8ce72bf3d530ae
par_d8710fdaade795cc8fb4,c1ccccc1,scf_13cad05ca8f49c509e5b,False,,scf_13cad05ca8f49c509e5b
par_d87500bad85bedde492c,c1ccc(N=Nc2ccc(N=Nc3ccc(Nc4ccccc4)c4ccccc34)c3ccccc23)cc1,scf_31a48dd9d501799c4f08,False,,scf_31a48dd9d501799c4f08
par_d87deb71510582217260,,,True,acy_c9d734fa9768f3707621,acy_c9d734fa9768f3707621
par_d88266a53f651b04b243,O=C(c1ccccc1)c1ccncc1,scf_d88266a53f651b04b243,False,,scf_d88266a53f651b04b243
par_d89ab000234521cd9da2,c1ccccc1,scf_13cad05ca8f49c509e5b,False,,scf_13cad05ca8f49c509e5b
par_d8af0642aa32ed64ce86,c1ccc2[nH]cnc2c1,scf_567811b65bb1b5dd8977,False,,scf_567811b65bb1b5dd8977
par_d8c41599024cbd83ca1d,,,True,acy_d5e9ed9d5cddc5657b17,acy_d5e9ed9d5cddc5657b17
par_d8d958d3dd87f4ff0b64,,,True,acy_a4d89c72d0452907b2bd,acy_a4d89c72d0452907b2bd
par_d8dc3828004d9b83f707,c1ccccc1,scf_13cad05ca8f49c509e5b,False,,scf_13cad05ca8f49c509e5b
par_d8df5d5be356abfb9df9,C1CCCCC1,scf_a21c4f64dcc59dd2ede8,False,,scf_a21c4f64dcc59dd2ede8
par_d8dff7cc76ae54963412,,,True,acy_f95070f292d2bb41f350,acy_f95070f292d2bb41f350
par_d8ee99f12d5f753bbdc8,,,True,acy_cfb7cf4884befca1847f,acy_cfb7cf4884befca1847f
par_d8feaa7e8f99beecf89b,c1ccccc1,scf_13cad05ca8f49c509e5b,False,,scf_13cad05ca8f49c509e5b
par_d90051f76ab1947deea1,,,True,acy_943399b3dea3932f1d2c,acy_943399b3dea3932f1d2c
par_d90efee84c464f882ac7,,,True,acy_0dbc4242fc42b2a89477,acy_0dbc4242fc42b2a89477
par_d9135a84c873d6219bb3,O=C(c1ccccc1)c1ccccc1,scf_113660f6820aa1505046,False,,scf_113660f6820aa1505046
par_d91742f2e9c43409de40,c1ccccc1,scf_13cad05ca8f49c509e5b,False,,scf_13cad05ca8f49c509e5b
par_d927794cccc51f4ecd34,,,True,acy_b0818201b55275503638,acy_b0818201b55275503638
par_d92c52b2256ace9f6871,c1ccccc1,scf_13cad05ca8f49c509e5b,False,,scf_13cad05ca8f49c509e5b
par_d92dd89a9092610d1c48,,,True,acy_16621727aadb76360fc4,acy_16621727aadb76360fc4
par_d93198a79519c7107109,c1ccc(Cc2ccccc2)cc1,scf_05784e2ddd36e41751a8,False,,scf_05784e2ddd36e41751a8
par_d951825a4641bb336776,O=C1CC[C@@H]2C1CC[C@@H]1c3ccccc3CC[C@H]12,scf_5fe64ae8992e6752b740,False,,scf_5fe64ae8992e6752b740
par_d96c5330c5ea9a495aa1,,,True,acy_8ea09e595bb4e6a8c72a,acy_8ea09e595bb4e6a8c72a
par_d977098b2533f9cf8d0c,,,True,acy_3bd1ae811acb1961295f,acy_3bd1ae811acb1961295f
par_d979f61c2bbaf03bad17,c1ccccc1,scf_13cad05ca8f49c509e5b,False,,scf_13cad05ca8f49c509e5b
par_d98fc09cf98f57d1d1af,O=C1C=CC2C(=C1)CC[C@@H]1C2CCC2CCC[C@H]21,scf_f8f7557f1555a95be908,False,,scf_f8f7557f1555a95be908
par_d9928a19ff838f32c01f,O=C1CC[S][Sn][O]1,scf_b974bf3e211e50deb9cd,False,,scf_b974bf3e211e50deb9cd
par_d9976def946c882eb2de,c1ccccc1,scf_13cad05ca8f49c509e5b,False,,scf_13cad05ca8f49c509e5b
par_d9ae4caedae4fb5a3641,,,True,acy_1910708350c6c83fe895,acy_1910708350c6c83fe895
par_d9bbd88a32ae5d8dc001,O=S(=O)(Nc1cccnn1)c1ccccc1,scf_6d819fe5825cd62c15ec,False,,scf_6d819fe5825cd62c15ec
par_d9bcfa2e82a164469056,c1ccccc1,scf_13cad05ca8f49c509e5b,False,,scf_13cad05ca8f49c509e5b
par_d9bd03cc379a5ac3d428,c1ccccc1,scf_13cad05ca8f49c509e5b,False,,scf_13cad05ca8f49c509e5b
par_d9be05bd68044821ff64,O=C1C=CCO1,scf_3846897209cf4e97222f,False,,scf_3846897209cf4e97222f
par_d9cebd1ea68e6505d5c4,c1cn[nH]c1,scf_bf3a6e744c00a4f42e2b,False,,scf_bf3a6e744c00a4f42e2b
par_d9d0fb921af753787eb7,,,True,acy_ac366af9092c84e8af90,acy_ac366af9092c84e8af90
par_d9dbf28071ef13e4afce,,,True,acy_41b240397ce8bfd62dff,acy_41b240397ce8bfd62dff
par_d9e3860d89ff15d37071,,,True,acy_4f6f3562a2839f050fbc,acy_4f6f3562a2839f050fbc
par_da0e6c4f46ea7903a9cc,,,True,acy_556348345766e21a7351,acy_556348345766e21a7351
par_da157a318a4702c49562,,,True,acy_41b240397ce8bfd62dff,acy_41b240397ce8bfd62dff
par_da1a9f6ec5ce0e9b1d11,,,True,acy_ae035637d13c81f1a35e,acy_ae035637d13c81f1a35e
par_da2763cf0195291d884d,,,True,acy_af28ecef953aedb6f7bb,acy_af28ecef953aedb6f7bb
par_da2d73aca395c8941b6d,c1ccccc1,scf_13cad05ca8f49c509e5b,False,,scf_13cad05ca8f49c509e5b
par_da439e8d1f71148c1997,c1ccccc1,scf_13cad05ca8f49c509e5b,False,,scf_13cad05ca8f49c509e5b
par_da623e06e954d10bd69c,c1ccccc1,scf_13cad05ca8f49c509e5b,False,,scf_13cad05ca8f49c509e5b
par_da70315b1f6968c6987b,,,True,acy_261eeacbfed6503f57f6,acy_261eeacbfed6503f57f6
par_da751c8ddc98390287ca,,,True,acy_c609d43164c0395f4d66,acy_c609d43164c0395f4d66
par_da8f08afbbddb678308f,c1ccccc1,scf_13cad05ca8f49c509e5b,False,,scf_13cad05ca8f49c509e5b
par_da91d9a2b8ff0f369ff9,c1ccc(Oc2ccccc2)cc1,scf_9affd80d02f471acfe8b,False,,scf_9affd80d02f471acfe8b
par_da93033b428e7828175c,,,True,acy_415f164d3ec5a10e7341,acy_415f164d3ec5a10e7341
par_daa04a326d407f1003f7,C1CCNCC1,scf_daa04a326d407f1003f7,False,,scf_daa04a326d407f1003f7
par_dab9158499e69a756e7f,c1ccc(Nc2ccccc2)cc1,scf_66594b79d38dcf0e9b76,False,,scf_66594b79d38dcf0e9b76
par_dac2eb0618483179c8c9,c1ccc(Cc2ccccc2)cc1,scf_05784e2ddd36e41751a8,False,,scf_05784e2ddd36e41751a8
par_dac3ad9aca1091dbf66c,c1ccccc1,scf_13cad05ca8f49c509e5b,False,,scf_13cad05ca8f49c509e5b
par_dae5381a9f3b4d15577a,c1ccccc1,scf_13cad05ca8f49c509e5b,False,,scf_13cad05ca8f49c509e5b
par_daf9074e188a391e0e8e,,,True,acy_3e0ea233cde1b6a6b050,acy_3e0ea233cde1b6a6b050
par_db04c1b06b291cd3a5b9,,,True,acy_7faa3c51535ce5a431b1,acy_7faa3c51535ce5a431b1
par_db05580b7c34fe68c0fe,,,True,acy_52a780f6691665b5313c,acy_52a780f6691665b5313c
par_db1727479e4f252c4404,O=C1CC(OC(=O)C2CC2)C=C1C1C=CCC1,scf_dcaaf3122b7d0fb6dd26,False,,scf_dcaaf3122b7d0fb6dd26
par_db28f05c04cea254c1ca,c1ccccc1,scf_13cad05ca8f49c509e5b,False,,scf_13cad05ca8f49c509e5b
par_db290bca77593690fc9e,c1ccccc1,scf_13cad05ca8f49c509e5b,False,,scf_13cad05ca8f49c509e5b
par_db29469c12d77fbf08bc,c1ccccc1,scf_13cad05ca8f49c509e5b,False,,scf_13cad05ca8f49c509e5b
par_db30093b3abc53507e90,,,True,acy_d3ed1353442f2be40c38,acy_d3ed1353442f2be40c38
par_db32ad7b2b183631eedc,C(C=[N+]1CCc2ccccc21)=C1Cc2ccccc2N1,scf_40057b8ca97378aa793a,False,,scf_40057b8ca97378aa793a
par_db40fe02e856888046a6,,,True,acy_5de1e3d1e8abdb610f19,acy_5de1e3d1e8abdb610f19
par_db4383139976a9704176,,,True,acy_7d448e77e2d36df522c5,acy_7d448e77e2d36df522c5
par_db52b0a6e3fb4432753a,,,True,acy_7ee2e689213bf2d18a89,acy_7ee2e689213bf2d18a89
par_db5e1f01c030d23caa67,,,True,acy_560ee3d0ae82543b1fce,acy_560ee3d0ae82543b1fce
par_db6de2fd6561aa414f03,,,True,acy_8ce74cf8386007e25185,acy_8ce74cf8386007e25185
par_db6f02cdca78ae158b98,c1ccccc1,scf_13cad05ca8f49c509e5b,False,,scf_13cad05ca8f49c509e5b
par_db70f933df9972b9a8b1,c1ccccc1,scf_13cad05ca8f49c509e5b,False,,scf_13cad05ca8f49c509e5b
par_db7636f8f4c2b5f8930a,c1ncncn1,scf_89055dbbabf38236f98e,False,,scf_89055dbbabf38236f98e
par_db7675d507279fd2b273,,,True,acy_ed4f52bbaeeb185b7384,acy_ed4f52bbaeeb185b7384
par_db8edb5710f55d5cfe10,c1ccccc1,scf_13cad05ca8f49c509e5b,False,,scf_13cad05ca8f49c509e5b
par_db99262a2a5f033fa617,O=C1CC2CCC1C2,scf_5e320b5c0847a58397b7,False,,scf_5e320b5c0847a58397b7
par_db9e8b7acc2922d1be8c,c1ccccc1,scf_13cad05ca8f49c509e5b,False,,scf_13cad05ca8f49c509e5b
par_dba596e4d0015dac73d8,,,True,acy_dbdae54709b60499859f,acy_dbdae54709b60499859f
par_dbb1ac6e5de735970d66,,,True,acy_af48a80bc8ab5444c701,acy_af48a80bc8ab5444c701
par_dbb37b9fe1142c695c2e,c1ccccc1,scf_13cad05ca8f49c509e5b,False,,scf_13cad05ca8f49c509e5b
par_dbbd53d9ec58eb3f1eaf,O=C(c1ccccc1)c1cccc(C(=O)c2ccccc2)c1,scf_c468c263c904ead500be,False,,scf_c468c263c904ead500be
par_dbbf1a3baa70a6972633,c1ccccc1,scf_13cad05ca8f49c509e5b,False,,scf_13cad05ca8f49c509e5b
par_dbd843242bc640083b61,,,True,acy_df4b586b051cd315dae4,acy_df4b586b051cd315dae4
par_dbd8782f99217d7aeced,c1ccc(Cc2ccccc2)cc1,scf_05784e2ddd36e41751a8,False,,scf_05784e2ddd36e41751a8
par_dbe490f44ec361f1665d,c1ccccc1,scf_13cad05ca8f49c509e5b,False,,scf_13cad05ca8f49c509e5b
par_dbec028171980b3d4c68,c1ccccc1,scf_13cad05ca8f49c509e5b,False,,scf_13cad05ca8f49c509e5b
par_dc0efc664c583a930f7b,c1ccccc1,scf_13cad05ca8f49c509e5b,False,,scf_13cad05ca8f49c509e5b
par_dc19438bd2832631c1b1,,,True,acy_8fe4b6fd7f8bd3536ad2,acy_8fe4b6fd7f8bd3536ad2
par_dc351d5fc9556cd19203,,,True,acy_bd4432e8b79c8a0fd123,acy_bd4432e8b79c8a0fd123
par_dc37cb8d3bc85011d061,,,True,acy_4efbc125c4f67689c4b0,acy_4efbc125c4f67689c4b0
par_dc4b3d7e467de4f83e0e,,,True,acy_3e0ea233cde1b6a6b050,acy_3e0ea233cde1b6a6b050
par_dc5533bcb018cd0f8bf0,,,True,acy_a2bade0f4f3973d63321,acy_a2bade0f4f3973d63321
par_dc60203240532930dbcb,C1CC2CCC1C2,scf_8decb4ecd7f11859f828,False,,scf_8decb4ecd7f11859f828
par_dc6d0c4236470161ce16,c1ccccc1,scf_13cad05ca8f49c509e5b,False,,scf_13cad05ca8f49c509e5b
par_dc76130012bb0437a0ca,O=c1ccc2ccccc2[nH]1,scf_3b5354c4ee7910f7c17c,False,,scf_3b5354c4ee7910f7c17c
par_dc85e8bfe26dacb625da,,,True,acy_e0a514e6bd16df05ef74,acy_e0a514e6bd16df05ef74
par_dc9350db6a01524de557,O=C(NC1CCCCC1)n1nnn(-c2ccccc2)c1=O,scf_d4d99dd0128a263331a0,False,,scf_d4d99dd0128a263331a0
par_dc987bdbcbf7dbbed25f,c1ccccc1,scf_13cad05ca8f49c509e5b,False,,scf_13cad05ca8f49c509e5b
par_dc9b06ab9759ee922078,O=c1[nH]c2ccccc2s1,scf_9bbfea241d30a91489f7,False,,scf_9bbfea241d30a91489f7
par_dcb63a4f26e08fc12025,,,True,acy_454b8e115e8dd3561d2e,acy_454b8e115e8dd3561d2e
par_dcbb90b60c20601c2af7,,,True,acy_3e0ea233cde1b6a6b050,acy_3e0ea233cde1b6a6b050
par_dcbee0ce71a0a74f5873,C1CNCCN1,scf_dcbee0ce71a0a74f5873,False,,scf_dcbee0ce71a0a74f5873
par_dcc73bf631f9be42113c,,,True,acy_2c75e37a83799fff62a7,acy_2c75e37a83799fff62a7
par_dcceb602ea419004a2d9,,,True,acy_f3e35b6510489197e52a,acy_f3e35b6510489197e52a
par_dcd0ea858fd6333a28c2,C1CC[C@H]2CC[C@H]3[C@@H]4CCCC4CC[C@@H]3C2C1,scf_c3b5f7cc61192204f9de,False,,scf_c3b5f7cc61192204f9de
par_dcd85863ee1db5b2bb24,,,True,acy_2f44f6d7eed823c8f1cb,acy_2f44f6d7eed823c8f1cb
par_dce2548c1b735d2e932f,O=C1Cc2ccccc2O1,scf_dce2548c1b735d2e932f,False,,scf_dce2548c1b735d2e932f
par_dcfe20334d02abb029e4,,,True,acy_2a047f95268ca0012416,acy_2a047f95268ca0012416
par_dd0016771b5a574b0a9e,c1ccccc1,scf_13cad05ca8f49c509e5b,False,,scf_13cad05ca8f49c509e5b
par_dd00ba1abe4a91f3b469,,,True,acy_2d923aadeb4c2b8eb636,acy_2d923aadeb4c2b8eb636
par_dd063384d73beb25034c,,,True,acy_746068903c73f36e5764,acy_746068903c73f36e5764
par_dd1198d897bd6d737aa1,c1ccccc1,scf_13cad05ca8f49c509e5b,False,,scf_13cad05ca8f49c509e5b
par_dd13d7c4242dfdf1537b,S=c1[nH]c2ccccc2[nH]1,scf_dd13d7c4242dfdf1537b,False,,scf_dd13d7c4242dfdf1537b
par_dd1bf5d24be9170fe957,,,True,acy_9d10f99ab36d6743faba,acy_9d10f99ab36d6743faba
par_dd1f3c7b213e10cf1122,,,True,acy_327f537d626b04458ca6,acy_327f537d626b04458ca6
par_dd2389b8a44976391b9e,O=C(Nc1ccc2c(c1)C=C/C(=N\Nc1ccc(N=Nc3ccc(N=Nc4ccccc4)c4ccccc34)c3ccccc13)C2=O)c1ccccc1,scf_c0f0686881474c436d93,False,,scf_c0f0686881474c436d93
par_dd2b913aacab9df21ecb,,,True,acy_39202e3c452941cdabcf,acy_39202e3c452941cdabcf
par_dd40bdcfb9b7211f3c43,c1ccccc1,scf_13cad05ca8f49c509e5b,False,,scf_13cad05ca8f49c509e5b
par_dd425b0b5a16f0a4e538,,,True,acy_409a0a8809e92a423ae8,acy_409a0a8809e92a423ae8
par_dd5b0229099dcd74f4b4,c1ccccc1,scf_13cad05ca8f49c509e5b,False,,scf_13cad05ca8f49c509e5b
par_dd64eb2c5949adf25555,c1ccc(COc2ccccc2)cc1,scf_048c0536cc6b34f786fd,False,,scf_048c0536cc6b34f786fd
par_dd7b37d6448f28a85b9d,c1ccc2ccccc2c1,scf_a896d495b04a450b732a,False,,scf_a896d495b04a450b732a
par_dd9b467e6f548f5b0019,c1ccccc1,scf_13cad05ca8f49c509e5b,False,,scf_13cad05ca8f49c509e5b
par_dda417d4f86e3c3c9e56,c1ccccc1,scf_13cad05ca8f49c509e5b,False,,scf_13cad05ca8f49c509e5b
par_dda7d66d4be98c6e3496,,,True,acy_ff2e4887b0d7a7c709f1,acy_ff2e4887b0d7a7c709f1
par_ddbf89ac768798077f6c,c1ccccc1,scf_13cad05ca8f49c509e5b,False,,scf_13cad05ca8f49c509e5b
par_ddc2ea0628890f775b22,c1ccccc1,scf_13cad05ca8f49c509e5b,False,,scf_13cad05ca8f49c509e5b
par_ddc759868eed6fff3e10,c1c[nH]cn1,scf_5c2d4306fe1e3da2ea88,False,,scf_5c2d4306fe1e3da2ea88
par_ddcf770e85b3b9c5d33f,N=C1N=Cc2ccccc21,scf_bd6e95a20a7427e16d7e,False,,scf_bd6e95a20a7427e16d7e
par_ddd3c826aa8b17b0cb6a,c1ccccc1,scf_13cad05ca8f49c509e5b,False,,scf_13cad05ca8f49c509e5b
par_ddee23a619c5c9a0edc6,,,True,acy_0b9b9d969508b6ace8af,acy_0b9b9d969508b6ace8af
par_ddf4f8635094d429c63f,,,True,acy_84512184a85e17112f01,acy_84512184a85e17112f01
par_ddfa330c8eb72c10f2bc,c1ccc2c(c1)-c1nc3nc(nc4[nH]c(nc5[nH]c(nc-2n1)c1ccccc51)c1ccccc41)-c1ccccc1-3,scf_ddfa330c8eb72c10f2bc,False,,scf_ddfa330c8eb72c10f2bc
par_de03e114a04a78070031,,,True,acy_1aaf3044603eed7fda1a,acy_1aaf3044603eed7fda1a
par_de03e84a4fcbcd378eb6,,,True,acy_fa2749cb1985367e94f8,acy_fa2749cb1985367e94f8
par_de1efe73850d62aee53d,,,True,acy_9b18d55ff474b9cc7e0e,acy_9b18d55ff474b9cc7e0e
par_de26b5188961620e1703,,,True,acy_37243fcbcc46d6573ffe,acy_37243fcbcc46d6573ffe
par_de3f22eef65bf786ef43,,,True,acy_42fad99340318e7863d8,acy_42fad99340318e7863d8
par_de4420b3d15d69485c65,,,True,acy_7481163027bd2f36754b,acy_7481163027bd2f36754b
par_de48f035049f730b53f4,,,True,acy_bf4f4c6757c17e51b5d3,acy_bf4f4c6757c17e51b5d3
par_de524d3432b37a3997ac,O=C1CCCN1,scf_fb7798f75f8e7a9de3c9,False,,scf_fb7798f75f8e7a9de3c9
par_de59df6341892aae5904,c1ccccc1,scf_13cad05ca8f49c509e5b,False,,scf_13cad05ca8f49c509e5b
par_de727e85f2cc47557cc3,O=C1NC(=O)C(c2ccccc2)C(=O)N1,scf_101ca3183f420f1a5b0c,False,,scf_101ca3183f420f1a5b0c
par_de76b806fe9e7d2dee5c,,,True,acy_f3e35b6510489197e52a,acy_f3e35b6510489197e52a
par_de84a3a5e7d86fb53fe7,,,True,acy_fbe066af7feed17eaf6c,acy_fbe066af7feed17eaf6c
par_de9598d3da430106bc93,c1ccc(CCOc2ncnc3ccccc23)cc1,scf_722992ea69ceb62a500e,False,,scf_722992ea69ceb62a500e
par_debd7abf26c40eab0a14,c1ccc(Sc2ccccc2)cc1,scf_debd7abf26c40eab0a14,False,,scf_debd7abf26c40eab0a14
par_dedac7de255bd7f24d3a,c1ccc(CCCCNCCc2ccccc2)cc1,scf_94a1358b2ef70dc70dfd,False,,scf_94a1358b2ef70dc70dfd
par_dedfbb3f791578497d9a,,,True,acy_eea6ad661df81e6f5e33,acy_eea6ad661df81e6f5e33
par_dee318892afbb6aa6dcd,O=C1c2ccccc2C(=O)C1C(=O)C(c1ccccc1)c1ccccc1,scf_dee318892afbb6aa6dcd,False,,scf_dee318892afbb6aa6dcd
par_df16dfb89d159c2cdd7b,c1ccc2c(c1)Oc1ccccc1O2,scf_d0478c173535bbc3cfe4,False,,scf_d0478c173535bbc3cfe4
par_df46f58fa97d7461152d,,,True,acy_5971fb8d2475a5d40965,acy_5971fb8d2475a5d40965
par_df4acd7b8dca092c52c9,c1ccccc1,scf_13cad05ca8f49c509e5b,False,,scf_13cad05ca8f49c509e5b
par_df4c8fc534a2c028385b,c1ccc(Oc2ccccc2)cc1,scf_9affd80d02f471acfe8b,False,,scf_9affd80d02f471acfe8b
par_df5f11585dc865535169,,,True,acy_1cc7ebfa5e93931ae16d,acy_1cc7ebfa5e93931ae16d
par_df71a280eac404db7e08,,,True,acy_ce8fea064e50e15cfb32,acy_ce8fea064e50e15cfb32
par_dfa4c6e8f08072341591,c1ccccc1,scf_13cad05ca8f49c509e5b,False,,scf_13cad05ca8f49c509e5b
par_dfa949ad5081b3065874,O=C(CCc1ccccc1)OCC(COC(=O)CCc1ccccc1)(COC(=O)CCc1ccccc1)COC(=O)CCc1ccccc1,scf_b131a1d4192631918ec6,False,,scf_b131a1d4192631918ec6
par_dfc29de6e722d4ddb5ca,,,True,acy_478b89f8f913a0ce718c,acy_478b89f8f913a0ce718c
par_dfc74502a6104c54b114,,,True,acy_e0a514e6bd16df05ef74,acy_e0a514e6bd16df05ef74
par_dfcba52b13bbceb0854d,,,True,acy_147ed7f8b721f176673c,acy_147ed7f8b721f176673c
par_dfdf36ec75a75774ab5a,,,True,acy_75cc5e32ee4b4ca0f63f,acy_75cc5e32ee4b4ca0f63f
par_dfe338bd3f79c0dabe0f,c1ccccc1,scf_13cad05ca8f49c509e5b,False,,scf_13cad05ca8f49c509e5b
par_dfe565d8b4d0475f38da,c1ccccc1,scf_13cad05ca8f49c509e5b,False,,scf_13cad05ca8f49c509e5b
par_dfeaacd6fa2379210167,,,True,acy_b7c18809df99a5459246,acy_b7c18809df99a5459246
par_dfee3bfceca63fa3c966,c1ccccc1,scf_13cad05ca8f49c509e5b,False,,scf_13cad05ca8f49c509e5b
par_dff88ef3fea36d745cc6,,,True,acy_bd340b0d681cb93cd735,acy_bd340b0d681cb93cd735
par_e001b6b4a769eca289fa,,,True,acy_a5d1b1d4caf5d77ab7ef,acy_a5d1b1d4caf5d77ab7ef
par_e002d21c1b37b3b3e8de,O=C1CC2OCC=C3CN4CC[C@]56c7ccccc7N1C5[C@H]2[C@H]3C[C@H]46.O=C1CC2OCC=C3CN4CC[C@]56c7ccccc7N1C5[C@H]2[C@H]3C[C@H]46,scf_9c1f735a5612dca810bc,False,,scf_9c1f735a5612dca810bc
par_e0090ebb1b80e276c313,,,True,acy_83d66f68faa6f8e6310e,acy_83d66f68faa6f8e6310e
par_e02de64baa701c11dbde,c1ccncc1,scf_75c7a4b0b41e43900bfb,False,,scf_75c7a4b0b41e43900bfb
par_e03c16acc6cfce4d466d,c1ccccc1,scf_13cad05ca8f49c509e5b,False,,scf_13cad05ca8f49c509e5b
par_e03c2ba72af355aac6bb,,,True,acy_4e9869bcf6313a0ea92e,acy_4e9869bcf6313a0ea92e
par_e06ae98ad1f7676c6be0,c1ccc([C+](c2ccccc2)c2ccccc2)cc1,scf_f5b1800ae20f7fd460d1,False,,scf_f5b1800ae20f7fd460d1
par_e06eb8f41382c7cbdfe4,,,True,acy_2e6750acfe657f453a80,acy_2e6750acfe657f453a80
par_e090edbabf3128872179,,,True,acy_86579e20b02a01c29249,acy_86579e20b02a01c29249
par_e092c4a357f97816ca5b,c1cocn1,scf_7612215cfbc3edeb7247,False,,scf_7612215cfbc3edeb7247
par_e093447e70f28cd99e79,c1ccccc1,scf_13cad05ca8f49c509e5b,False,,scf_13cad05ca8f49c509e5b
par_e09df78773d47ba5daa3,c1ccc2ccccc2c1,scf_a896d495b04a450b732a,False,,scf_a896d495b04a450b732a
par_e0a12ff8fe2af86a4d3f,,,True,acy_372fdbbeea2574bf3a2f,acy_372fdbbeea2574bf3a2f
par_e0abb907b095caa0f5ca,c1ccccc1,scf_13cad05ca8f49c509e5b,False,,scf_13cad05ca8f49c509e5b
par_e0b7456c172083021d4f,c1ccccc1,scf_13cad05ca8f49c509e5b,False,,scf_13cad05ca8f49c509e5b
par_e0c040effa95e1a467b6,,,True,acy_a04448b0abe2c6cd88b2,acy_a04448b0abe2c6cd88b2
par_e0cf9b21e9fbfe07cc7a,,,True,acy_03f1fc46c1041308cbfb,acy_03f1fc46c1041308cbfb
par_e0ddb6f6d033ef4112a8,O=C(NNC(=O)c1ccccc1)c1ccccc1,scf_284d7a472f11ddb287f2,False,,scf_284d7a472f11ddb287f2
par_e0e4f9fea99205183199,,,True,acy_5c0467b5912707c100e9,acy_5c0467b5912707c100e9
par_e0e7ae355e8da2ddddbb,,,True,acy_85b2c67543f0751ddef9,acy_85b2c67543f0751ddef9
par_e0efa0752c91b42ef3fc,c1ccc(Oc2ccccc2)cc1,scf_9affd80d02f471acfe8b,False,,scf_9affd80d02f471acfe8b
par_e1010efe413a26312353,c1ccccc1,scf_13cad05ca8f49c509e5b,False,,scf_13cad05ca8f49c509e5b
par_e10ee83fbe433f91bf7f,c1ccccc1,scf_13cad05ca8f49c509e5b,False,,scf_13cad05ca8f49c509e5b
par_e11b83fc7102aaf0b65d,,,True,acy_42fad99340318e7863d8,acy_42fad99340318e7863d8
par_e13ee3a52759efebeb07,c1ccc(Cc2ccccc2)cc1,scf_05784e2ddd36e41751a8,False,,scf_05784e2ddd36e41751a8
par_e14acb0c33ce64329083,,,True,acy_7248e0956923d87d2e67,acy_7248e0956923d87d2e67
par_e14d4fb4919ad1e98587,c1ccccc1,scf_13cad05ca8f49c509e5b,False,,scf_13cad05ca8f49c509e5b
par_e165383ae143c8fc3d80,O=C(c1ccccc1)c1ccccc1,scf_113660f6820aa1505046,False,,scf_113660f6820aa1505046
par_e1662815da3041c561dc,c1ccccc1,scf_13cad05ca8f49c509e5b,False,,scf_13cad05ca8f49c509e5b
par_e16cf00bdc42a0765416,c1ccccc1,scf_13cad05ca8f49c509e5b,False,,scf_13cad05ca8f49c509e5b
par_e16d602c9c76a63a8a3b,c1ccc(Cc2ccccc2)cc1,scf_05784e2ddd36e41751a8,False,,scf_05784e2ddd36e41751a8
par_e18274a3f18d990ccd6c,,,True,acy_3e0ea233cde1b6a6b050,acy_3e0ea233cde1b6a6b050
par_e18d8c13fa6b31cd391d,c1ccccc1,scf_13cad05ca8f49c509e5b,False,,scf_13cad05ca8f49c509e5b
par_e19aaabc9d0157fbcfd0,c1ccccc1,scf_13cad05ca8f49c509e5b,False,,scf_13cad05ca8f49c509e5b
par_e19d9ad75946bebace4e,,,True,acy_c123ca8e7784a1025971,acy_c123ca8e7784a1025971
par_e1a20cd17070db63c8df,c1ccccc1,scf_13cad05ca8f49c509e5b,False,,scf_13cad05ca8f49c509e5b
par_e1b8894c14e04dffa4b2,,,True,acy_f3e35b6510489197e52a,acy_f3e35b6510489197e52a
par_e1c4eb5a009f5d4cb2b7,C1CC[NH2+]CC1,scf_88571ae303d9581fb051,False,,scf_88571ae303d9581fb051
par_e1d496814e6e934f91df,C1CCNCC1,scf_daa04a326d407f1003f7,False,,scf_daa04a326d407f1003f7
par_e1d9191963f3ec060841,O=[PH](Oc1ccccc1)Oc1ccccc1,scf_908c711887c972964b2e,False,,scf_908c711887c972964b2e
par_e1ddb124e255d7700a92,,,True,acy_f759ce5af72abc0554f1,acy_f759ce5af72abc0554f1
par_e1df6b91b8ad46b94437,O=C(Nc1ccccc1)Nc1ccccc1,scf_f53c8545aaf2f2b9228f,False,,scf_f53c8545aaf2f2b9228f
par_e1e97b88ebd2748ba144,C1=C[C@H]2C[C@@H](C1)C2,scf_dbd3dae02b0d56e7b62c,False,,scf_dbd3dae02b0d56e7b62c
par_e1fbfb15b5b4a53b794e,O=C1OC(=O)c2ccccc21,scf_e678825414f631a2478a,False,,scf_e678825414f631a2478a
par_e200a3d1fadedde951db,,,True,acy_4e9869bcf6313a0ea92e,acy_4e9869bcf6313a0ea92e
par_e2010f2719549cb0f24a,,,True,acy_b3ee6c57f1f6ae722b0a,acy_b3ee6c57f1f6ae722b0a
par_e20325838b912aada448,c1ccccc1,scf_13cad05ca8f49c509e5b,False,,scf_13cad05ca8f49c509e5b
par_e207725fdbae3574cd60,C1CNCCN1,scf_dcbee0ce71a0a74f5873,False,,scf_dcbee0ce71a0a74f5873
par_e2137cf9a8009bda0c52,c1ccccc1,scf_13cad05ca8f49c509e5b,False,,scf_13cad05ca8f49c509e5b
par_e21aea8fb391568638ca,c1ccc2c(c1)OCO2,scf_7e48ba60e2279ba9461b,False,,scf_7e48ba60e2279ba9461b
par_e21e211754b1aeb214a5,,,True,acy_dec75dffef7e26447fd3,acy_dec75dffef7e26447fd3
par_e21f74ff2ce80e80b212,c1ccccc1,scf_13cad05ca8f49c509e5b,False,,scf_13cad05ca8f49c509e5b
par_e2202f2f210193edf3b4,,,True,acy_f2097066b862c21a1d5a,acy_f2097066b862c21a1d5a
par_e22384bebd18620c3179,S=[PH](Oc1ccccc1)Oc1ccccc1.S=[PH](Oc1ccccc1)Oc1ccccc1,scf_94b964efa7449c317f36,False,,scf_94b964efa7449c317f36
par_e223960ffee46f9169f3,c1ccc(-c2ccccc2)cc1,scf_27dacb226b18e24b40e3,False,,scf_27dacb226b18e24b40e3
par_e23636ec243cd103ea5d,,,True,acy_cfcc0afd0ba8d56cc2d9,acy_cfcc0afd0ba8d56cc2d9
par_e24ecc03da00fc6e6f68,,,True,acy_478b89f8f913a0ce718c,acy_478b89f8f913a0ce718c
par_e24f935bd21da0c5862f,O=C1CC2CCC1C2,scf_5e320b5c0847a58397b7,False,,scf_5e320b5c0847a58397b7
par_e2532f3b5b460d151ef2,c1ccc2nc3ccccc3nc2c1,scf_2c81a5b44b6bc39049d3,False,,scf_2c81a5b44b6bc39049d3
par_e25c3e883202aca91279,,,True,acy_7f2d63746439a0ace0e9,acy_7f2d63746439a0ace0e9
par_e25f5eabae8262c2e43d,c1ccc2ccccc2c1,scf_a896d495b04a450b732a,False,,scf_a896d495b04a450b732a
par_e26ea80414f76aad12ee,O=c1[nH]nnc2ccccc12,scf_62083ad929c3dd2a4006,False,,scf_62083ad929c3dd2a4006
par_e2749b83f9c48140360d,c1ccc(Oc2ccccn2)cc1,scf_78397fed9a32a9cf351f,False,,scf_78397fed9a32a9cf351f
par_e27b48bcfe1be3f5b2ce,,,True,acy_5ccd6cb836a22fe34d44,acy_5ccd6cb836a22fe34d44
par_e284fd1e12bd33d71a06,c1ccccc1,scf_13cad05ca8f49c509e5b,False,,scf_13cad05ca8f49c509e5b
par_e288032c12eb3149ff30,c1ccccc1,scf_13cad05ca8f49c509e5b,False,,scf_13cad05ca8f49c509e5b
par_e296d41c54afef555c94,C1CCCCC1,scf_a21c4f64dcc59dd2ede8,False,,scf_a21c4f64dcc59dd2ede8
par_e2ae0bd2a8fbba6f7c1d,c1ccc(N=Nc2snc3ccccc23)cc1,scf_627c5393bb260498f303,False,,scf_627c5393bb260498f303
par_e2b56baedc9d4f5b8cab,c1ccccc1,scf_13cad05ca8f49c509e5b,False,,scf_13cad05ca8f49c509e5b
par_e2ba0626b463a88ab53b,c1ccccc1,scf_13cad05ca8f49c509e5b,False,,scf_13cad05ca8f49c509e5b
par_e2ba1402281ec73a7be8,,,True,acy_1a76bba637034a973ece,acy_1a76bba637034a973ece
par_e2be36d7d1603d6b0261,,,True,acy_666b5217eb9b584788fc,acy_666b5217eb9b584788fc
par_e2bfc2eb295913f90ef4,,,True,acy_9d381c7d52859729938e,acy_9d381c7d52859729938e
par_e2c744cfb5b5612887c9,,,True,acy_2668b88c7896ad24d559,acy_2668b88c7896ad24d559
par_e2c8a446aaa0bfc49599,O=C1c2ccccc2C(=O)c2ccccc21,scf_f0c6b09cfc7aa95a3893,False,,scf_f0c6b09cfc7aa95a3893
par_e2cc0d80da7b86d39cc6,c1ccccc1,scf_13cad05ca8f49c509e5b,False,,scf_13cad05ca8f49c509e5b
par_e2fea0460165e4855b07,c1ccc(N=Nc2cnn(-c3ccccc3)c2)cc1,scf_1877d530aaf95b67d2a6,False,,scf_1877d530aaf95b67d2a6
par_e30637c1138418002cb4,C1CO1,scf_59b1a7b29b6a5f8bc1b8,False,,scf_59b1a7b29b6a5f8bc1b8
par_e30a8a1aec5ec257bf07,,,True,acy_8ba1359a905dabcd3f36,acy_8ba1359a905dabcd3f36
par_e31434c34af7a3612df3,c1ccc2nccnc2c1,scf_b7224916c5d8f3c21d77,False,,scf_b7224916c5d8f3c21d77
par_e316fdd91f3b0b387264,c1ccccc1,scf_13cad05ca8f49c509e5b,False,,scf_13cad05ca8f49c509e5b
par_e31ed917016986df290a,,,True,acy_814f3b2625ef347e1ee0,acy_814f3b2625ef347e1ee0
par_e322c69ade5ee70b07b7,,,True,acy_3085e6b1bb9ac9ba5da0,acy_3085e6b1bb9ac9ba5da0
par_e333d1e6d7bb6b60f7d7,c1ccncc1,scf_75c7a4b0b41e43900bfb,False,,scf_75c7a4b0b41e43900bfb
par_e33c32cc3b707f922c45,c1ccc2c(c1)C1=NC2=Nc2c3ccccc3c3[n]2[Cu][n]2c(c4ccccc4c2=NC2=NC(=N3)c3ccccc32)=N1,scf_e33c32cc3b707f922c45,False,,scf_e33c32cc3b707f922c45
par_e34101d56e9d03e3ed0d,C(=Nc1ccccc1)Nc1ccccc1,scf_8fa43b4485d2c62e1397,False,,scf_8fa43b4485d2c62e1397
par_e351de6fe5a2b676c4d6,C1CCCCC1,scf_a21c4f64dcc59dd2ede8,False,,scf_a21c4f64dcc59dd2ede8
par_e365421f0376b6a222c7,O=c1[nH]nnc2ccccc12,scf_62083ad929c3dd2a4006,False,,scf_62083ad929c3dd2a4006
par_e36b66a9146ed31803d5,C1CCCCC1,scf_a21c4f64dcc59dd2ede8,False,,scf_a21c4f64dcc59dd2ede8
par_e37d093ca3e2e04f7886,C1CCC2OC2C1,scf_78d4812342a7f8853471,False,,scf_78d4812342a7f8853471
par_e38a212124cc2dda7e5d,,,True,acy_533fef741f6e1fc9c6ec,acy_533fef741f6e1fc9c6ec
par_e38fe971ebc3e1183c99,c1ccccc1.c1ccccc1.c1ccccc1,scf_14fb86557d2bb1dc3089,False,,scf_14fb86557d2bb1dc3089
par_e3af87408ee2179a250a,,,True,acy_f985deb0c1498cc4d8e4,acy_f985deb0c1498cc4d8e4
par_e3b45534c00fd9067349,c1ccccc1,scf_13cad05ca8f49c509e5b,False,,scf_13cad05ca8f49c509e5b
par_e3b9ceb56479ef3e3859,,,True,acy_577629ee1f91cee37a86,acy_577629ee1f91cee37a86
par_e3c74b9ae3ec5870b2dc,,,True,acy_23a1176314021ad41fb4,acy_23a1176314021ad41fb4
par_e3cdc3f1de0af73b738b,c1ccccc1,scf_13cad05ca8f49c509e5b,False,,scf_13cad05ca8f49c509e5b
par_e3e2835fba948af0fbf0,C1CCCCC1,scf_a21c4f64dcc59dd2ede8,False,,scf_a21c4f64dcc59dd2ede8
par_e3f27c013fafc7912e87,c1ccccc1,scf_13cad05ca8f49c509e5b,False,,scf_13cad05ca8f49c509e5b
par_e4019ef677f4f7e70d1d,c1ccccc1,scf_13cad05ca8f49c509e5b,False,,scf_13cad05ca8f49c509e5b
par_e4145c1ec0b533172050,,,True,acy_56d5867717ec92931acf,acy_56d5867717ec92931acf
par_e4344d4a710488c2d7b7,c1ccncc1,scf_75c7a4b0b41e43900bfb,False,,scf_75c7a4b0b41e43900bfb
par_e434b8cb5bf2fabe550d,,,True,acy_66152c9375c7e22e8033,acy_66152c9375c7e22e8033
par_e440a53a251bf22d3f79,,,True,acy_02196a087b5e7e57b5a7,acy_02196a087b5e7e57b5a7
par_e449b0845fe8ce4c1741,c1ccccc1,scf_13cad05ca8f49c509e5b,False,,scf_13cad05ca8f49c509e5b
par_e44e4b550cd8e5f38f43,C1CC2OC23CC2CCC3(C1)C2,scf_e90829d21372b1c24b27,False,,scf_e90829d21372b1c24b27
par_e471b0faa11928186096,,,True,acy_f438eed349ce974ca559,acy_f438eed349ce974ca559
par_e472e7d674dd4fd122c2,c1ccc2cc(N=Nc3cccc4ccc(Nc5ncnc(Nc6ccc(Nc7ncnc(Nc8ccc9cccc(N=Nc%10ccc%11ccccc%11c%10)c9c8)n7)cc6)n5)cc34)ccc2c1,scf_73d3b82b007fdc6a8301,False,,scf_73d3b82b007fdc6a8301
par_e47e40ae15adf9845aa9,c1ccc(NCc2cnc3ncncc3n2)cc1,scf_7540d07b54de62968ba3,False,,scf_7540d07b54de62968ba3
par_e482cb90b0b334c128c6,,,True,acy_06f80c29e5e411b59fbf,acy_06f80c29e5e411b59fbf
par_e48402e85d6d35a316a6,C1=CC2C3C=CC(C3)C2C1.c1ccccc1,scf_fceb1e1d179134b2e811,False,,scf_fceb1e1d179134b2e811
par_e48f2cb8246c30e0bbb6,O=C(c1ccccc1)c1ccccc1,scf_113660f6820aa1505046,False,,scf_113660f6820aa1505046
par_e491cb9cd78f70ef17f2,,,True,acy_7b4ad560f75e159b740a,acy_7b4ad560f75e159b740a
par_e498fdd484c3b8761e04,S=[PH](Oc1ccccc1)Oc1ccccc1,scf_dbe67f0a4734f77eda97,False,,scf_dbe67f0a4734f77eda97
par_e4998b5d994205319b66,C1CO1.O=C1OC(=O)c2ccccc21.c1ccccc1,scf_b8d134a52994aa562377,False,,scf_b8d134a52994aa562377
par_e4be1cda3a6019a4cc87,C1CO1.C1CO1.c1ccccc1,scf_e15b125d30d686b18d60,False,,scf_e15b125d30d686b18d60
par_e4ce6122a0e8c0fd7f61,O=C(CN=Nc1ccccc1)Nc1ccccc1,scf_060a10166db1b6dc55ef,False,,scf_060a10166db1b6dc55ef
par_e4dc0eada9af64df09cc,O=C1CCCCCN1,scf_e4dc0eada9af64df09cc,False,,scf_e4dc0eada9af64df09cc
par_e4e7a548288ac36eb831,c1ccccc1,scf_13cad05ca8f49c509e5b,False,,scf_13cad05ca8f49c509e5b
par_e4fd351769f8cd083917,,,True,acy_a04448b0abe2c6cd88b2,acy_a04448b0abe2c6cd88b2
par_e5090dcbe36f5610338a,c1ccncc1,scf_75c7a4b0b41e43900bfb,False,,scf_75c7a4b0b41e43900bfb
par_e51dff98213220d8c8b6,c1ccoc1,scf_39d2b6272e06abeff644,False,,scf_39d2b6272e06abeff644
par_e5287523d90bfd62887e,c1ccc2ccccc2c1,scf_a896d495b04a450b732a,False,,scf_a896d495b04a450b732a
par_e53c99536638d19da052,O=C1CCC[C@@H](OC2CCC(OC3CCCCO3)CO2)CCC[C@@H](OC2CCCCO2)/C=C/C=C/CCO1,scf_20e6c0d783a1497b3813,False,,scf_20e6c0d783a1497b3813
par_e53d2d589d85af05a38a,,,True,acy_415f164d3ec5a10e7341,acy_415f164d3ec5a10e7341
par_e54c836095c47f520680,C(=C/c1ccc(/C=C/c2ccccc2)cc1)\c1ccccc1,scf_1711159913efbd1ae651,False,,scf_1711159913efbd1ae651
par_e558dc9d2033d8faf4b0,c1ccc2ccccc2c1,scf_a896d495b04a450b732a,False,,scf_a896d495b04a450b732a
par_e563c42a5b60633a0d1c,O=C(Nc1ncnc2c1ncn2[C@H]1CC[C@@H](COC(c2ccccc2)(c2ccccc2)c2ccccc2)O1)c1ccccc1,scf_95c2bc489d3da207b204,False,,scf_95c2bc489d3da207b204
par_e5792f29a1cb88fd6fdf,c1ccccc1,scf_13cad05ca8f49c509e5b,False,,scf_13cad05ca8f49c509e5b
par_e5888b454404184dd627,O=C(Nc1ccccc1)C1=Cc2ccccc2/C(=N\Nc2ccccc2)C1=O,scf_218da0967fa7c1013f45,False,,scf_218da0967fa7c1013f45
par_e59e6188c1d1fb6d25e0,,,True,acy_f7e45a9e5948421b024e,acy_f7e45a9e5948421b024e
par_e59ff946b7b75b19f944,c1ccccc1,scf_13cad05ca8f49c509e5b,False,,scf_13cad05ca8f49c509e5b
par_e5b2faf3eea61bf9bfc7,O=C1CC2OCC=C3CN4CC[C@]56c7ccccc7N1C5[C@H]2[C@H]3C[C@H]46,scf_c45602485dec4bfd067e,False,,scf_c45602485dec4bfd067e
par_e5bf7e76effffa2e41dd,c1ccsc1,scf_5ee447ccf47cda955de9,False,,scf_5ee447ccf47cda955de9
par_e5c1e69005a25e3f497a,O=C(Nc1ccccc1)C1=COCCS1=O,scf_0953a8998b832e8d4690,False,,scf_0953a8998b832e8d4690
par_e5c64560d04731b3070e,c1ccc2c(c1)CCO2,scf_303cb872daee0c20fdc5,False,,scf_303cb872daee0c20fdc5
par_e5d183c2c89e19e4dcbe,,,True,acy_c289fc9d388a3dc97b56,acy_c289fc9d388a3dc97b56
par_e5e8ee1ed3bfee013a5a,C1CNCCN1,scf_dcbee0ce71a0a74f5873,False,,scf_dcbee0ce71a0a74f5873
par_e60539435fa1a7f508f7,c1ccccc1,scf_13cad05ca8f49c509e5b,False,,scf_13cad05ca8f49c509e5b
par_e608705bd5bb2de40230,O=C1C=C2CC[C@@H]3[C@H](CCC4CCC[C@H]43)[C@H]2CC1,scf_98885b26ca5b7dfe8acb,False,,scf_98885b26ca5b7dfe8acb
par_e60c74f165e57fe44843,,,True,acy_a047ae3ca076de161e25,acy_a047ae3ca076de161e25
par_e60d117060555f5df385,,,True,acy_99226d288d421f901715,acy_99226d288d421f901715
par_e60e5c4917b656aeba8f,,,True,acy_3d341a9861d41aee6c07,acy_3d341a9861d41aee6c07
par_e6321ad83af3dc4c1f7c,,,True,acy_3a895bfdbeb24594f100,acy_3a895bfdbeb24594f100
par_e64d15402e6d81a17828,,,True,acy_314dafba2b52fa6731e3,acy_314dafba2b52fa6731e3
par_e65b13377d487b08e032,,,True,acy_080f776bb14b494b72f7,acy_080f776bb14b494b72f7
par_e65c962632c429bde354,C1CCCCC1,scf_a21c4f64dcc59dd2ede8,False,,scf_a21c4f64dcc59dd2ede8
par_e65f5bb7d6337f0d157e,c1ccc2[nH]ccc2c1,scf_e65f5bb7d6337f0d157e,False,,scf_e65f5bb7d6337f0d157e
par_e664a4c5ac73bfee35b2,,,True,acy_09f35325e67dd88ee6f9,acy_09f35325e67dd88ee6f9
par_e672a1e7b268388fb01a,,,True,acy_cdb649ab45251462ae99,acy_cdb649ab45251462ae99
par_e67633639870b9069b1d,O=C1CNC(=O)N1,scf_887b1309988e7fe77ebb,False,,scf_887b1309988e7fe77ebb
par_e678825414f631a2478a,O=C1OC(=O)c2ccccc21,scf_e678825414f631a2478a,False,,scf_e678825414f631a2478a
par_e691b5eebd44fc46ffe7,,,True,acy_c64acf49d81c4e2de998,acy_c64acf49d81c4e2de998
par_e6c3f881a4ff5937827a,C1COCCN1.c1ccccc1,scf_6c4b841aafd9c9c4567b,False,,scf_6c4b841aafd9c9c4567b
par_e6cbcbf0e9af7b4e22e6,C1=CCCCC1,scf_fe8528cff2dfdfccb743,False,,scf_fe8528cff2dfdfccb743
par_e6d79df8498181d32e18,c1ccc(N=Nc2cccc(N=Nc3ccccc3)c2)cc1,scf_d09a01753cdfacc16040,False,,scf_d09a01753cdfacc16040
par_e6da0df46fdf8347e7a3,,,True,acy_0c93fceca04041c9ea63,acy_0c93fceca04041c9ea63
par_e6e0cf825426f5cb1449,c1ccccc1,scf_13cad05ca8f49c509e5b,False,,scf_13cad05ca8f49c509e5b
par_e6e52f91e6b509da75e3,c1ccc(Cn2ccnc2)cc1,scf_3f5f196247b5e5aae917,False,,scf_3f5f196247b5e5aae917
par_e6f63d95dc752d6dc4f6,C1CCCCC1,scf_a21c4f64dcc59dd2ede8,False,,scf_a21c4f64dcc59dd2ede8
par_e7025c0e3ec215676db4,C1CCCCC1,scf_a21c4f64dcc59dd2ede8,False,,scf_a21c4f64dcc59dd2ede8
par_e709a94c78ae6b80a3e5,c1ccccc1,scf_13cad05ca8f49c509e5b,False,,scf_13cad05ca8f49c509e5b
par_e71f52f3a4594357d2e7,c1ccccc1,scf_13cad05ca8f49c509e5b,False,,scf_13cad05ca8f49c509e5b
par_e722bd232193e7387496,c1ccccc1,scf_13cad05ca8f49c509e5b,False,,scf_13cad05ca8f49c509e5b
par_e72a15f2fd73aae1f453,c1ccc2c(c1)ccc1c3ccccc3oc21,scf_e72a15f2fd73aae1f453,False,,scf_e72a15f2fd73aae1f453
par_e72a278973a0aeb48a6b,O=C1c2ccccc2C(=O)c2ccccc21,scf_f0c6b09cfc7aa95a3893,False,,scf_f0c6b09cfc7aa95a3893
par_e72a9ea050c236fdd76e,,,True,acy_bde5632a85fd561146d2,acy_bde5632a85fd561146d2
par_e72a9f67ca7cd5eaa1b6,c1ccc(Oc2ccccc2)cc1,scf_9affd80d02f471acfe8b,False,,scf_9affd80d02f471acfe8b
par_e72ffddeaad59118dff4,O=C(OCc1cccc(Oc2ccccc2)c1)C1CC1,scf_dd5d192b016bdf3547cd,False,,scf_dd5d192b016bdf3547cd
par_e73cdb91122576c23790,c1ccc2ncccc2c1,scf_a8daf8c5800683abd84e,False,,scf_a8daf8c5800683abd84e
par_e73ea0531609ad67fe9c,O=C1c2ccccc2C(=O)c2c(Nc3ccccc3)ccc(Nc3ccccc3)c21,scf_c504f57aa88197ed3736,False,,scf_c504f57aa88197ed3736
par_e73fededb61760ecba62,C1CC2CCC1C2,scf_8decb4ecd7f11859f828,False,,scf_8decb4ecd7f11859f828
par_e76813f554ee91dde05a,c1ccccc1,scf_13cad05ca8f49c509e5b,False,,scf_13cad05ca8f49c509e5b
par_e77514a2d8770e738263,O=C1/C(=C/C2C=NN(c3ccccc3)C2=O)C=NN1c1ccccc1,scf_31b07ed78b3f38934437,False,,scf_31b07ed78b3f38934437
par_e781d846534ff68e85f6,c1ccccc1,scf_13cad05ca8f49c509e5b,False,,scf_13cad05ca8f49c509e5b
par_e78bb390257ac1e7c0c1,c1ccc(CC2OCCCO2)cc1,scf_8e2f3fcd20d12efb3998,False,,scf_8e2f3fcd20d12efb3998
par_e7975d396864beb6a581,O=C1c2ccccc2C(=O)c2c(Nc3ccccc3)cccc21,scf_67e62ad7cc6ca1d7287e,False,,scf_67e62ad7cc6ca1d7287e
par_e797dafb5805c849d5b8,,,True,acy_65d03ff5dbb569da0358,acy_65d03ff5dbb569da0358
par_e7cc4029287413cb4ab1,c1ccccc1.c1ccccc1,scf_41f17138a91b62ee11b2,False,,scf_41f17138a91b62ee11b2
par_e7db68f4e4b51d79fc9f,C1CCOCC1,scf_e0a38598de1d53573ce8,False,,scf_e0a38598de1d53573ce8
par_e7e6df8d6e76089be2c4,c1ccc2scnc2c1,scf_5a0630b242bf5e7865cb,False,,scf_5a0630b242bf5e7865cb
par_e8034c11c65581584498,,,True,acy_eb8832fa596c9bb223cf,acy_eb8832fa596c9bb223cf
par_e81463989468c8d7ee71,O=C1C=C2CCC3C4CCCC4CCC3C2CC1,scf_d6514310af66c5732deb,False,,scf_d6514310af66c5732deb
par_e8162b65072ddaa7a0c8,,,True,acy_e5aeef603a203421acee,acy_e5aeef603a203421acee
par_e81b0f1d83ffca99c074,,,True,acy_2e707e18eff0b1348242,acy_2e707e18eff0b1348242
par_e81b776ccb59056c93b4,c1ccc2c(c1)CCCC2,scf_6a4523c26b4e65101ff9,False,,scf_6a4523c26b4e65101ff9
par_e81ff6d508bec4ab5dc9,O=C1OC(CN2CCOCC2)CN1/N=C/c1ccco1,scf_6e34e82ac5df30987d23,False,,scf_6e34e82ac5df30987d23
par_e8239679098b96cb5cb9,,,True,acy_dbdae54709b60499859f,acy_dbdae54709b60499859f
par_e824628d255a5b107081,c1ccncc1,scf_75c7a4b0b41e43900bfb,False,,scf_75c7a4b0b41e43900bfb
par_e82f150c720604cc6241,,,True,acy_e8a6a92445072b8b38c6,acy_e8a6a92445072b8b38c6
par_e83a78f45a613bb80089,,,True,acy_976db68fe6e0e4209a10,acy_976db68fe6e0e4209a10
par_e83bb7f7f8a2eb9250cc,,,True,acy_0d5d62cb9f9114d195f0,acy_0d5d62cb9f9114d195f0
par_e84742d257ebc31ec55e,,,True,acy_5a77fb754e2ec12e035a,acy_5a77fb754e2ec12e035a
par_e8642c1c45584aa93494,,,True,acy_d3ed1353442f2be40c38,acy_d3ed1353442f2be40c38
par_e8658e7541b2a3e6368d,c1ccc2ccccc2c1,scf_a896d495b04a450b732a,False,,scf_a896d495b04a450b732a
par_e868124c79ddbc1ee0cb,,,True,acy_3e0ea233cde1b6a6b050,acy_3e0ea233cde1b6a6b050
par_e868d23830f54d210039,c1ccc(Cc2ccccc2)cc1,scf_05784e2ddd36e41751a8,False,,scf_05784e2ddd36e41751a8
par_e8871232cad877ca8679,c1ccc(Oc2ccccc2)cc1,scf_9affd80d02f471acfe8b,False,,scf_9affd80d02f471acfe8b
par_e88dadf226feac6cdc1a,,,True,acy_f2097066b862c21a1d5a,acy_f2097066b862c21a1d5a
par_e8a4290a8d6554f81541,c1ccc(Cc2ccccc2)cc1,scf_05784e2ddd36e41751a8,False,,scf_05784e2ddd36e41751a8
par_e8b0cc20c8886ecc89cc,O=C(COc1ccccc1)NCc1ccccc1,scf_4199a78089735b70132a,False,,scf_4199a78089735b70132a
par_e8b4167c990e7eb6414c,O=C(Nc1ccccc1)Oc1ccccc1,scf_e01909f9c04ec4b41f13,False,,scf_e01909f9c04ec4b41f13
par_e8b96c1a6ce998d09f20,,,True,acy_465d7c426c437bb17370,acy_465d7c426c437bb17370
par_e8c0774c9c0f090ac407,,,True,acy_b8babf7e7eef12a6ffdf,acy_b8babf7e7eef12a6ffdf
par_e8cb30df21850f4750ce,c1ccccc1,scf_13cad05ca8f49c509e5b,False,,scf_13cad05ca8f49c509e5b
par_e8d1aa78ebb8ac668cce,,,True,acy_e34f446f718cad9c050e,acy_e34f446f718cad9c050e
par_e8d305882a4cf1dd0ded,c1ccccc1,scf_13cad05ca8f49c509e5b,False,,scf_13cad05ca8f49c509e5b
par_e8d3aad2e9ff486f0859,,,True,acy_d7c1c4e8cddafc5d8ee7,acy_d7c1c4e8cddafc5d8ee7
par_e8d591054120c7180e86,O=C(Nc1ccc2[nH]c(=O)[nH]c2c1)C1=Cc2ccccc2/C(=N/Nc2ccccc2)C1=O,scf_f5a8f840e7825fb47026,False,,scf_f5a8f840e7825fb47026
par_e8e5212ea44ffd70e4b5,c1ccc(CNCc2ccccc2)cc1,scf_e8e5212ea44ffd70e4b5,False,,scf_e8e5212ea44ffd70e4b5
par_e9053f38d22336a83c6c,c1ccccc1,scf_13cad05ca8f49c509e5b,False,,scf_13cad05ca8f49c509e5b
par_e90ed968ee9f7463d17f,,,True,acy_fba18bb930d3b63a8167,acy_fba18bb930d3b63a8167
par_e924e7104ed798fc075c,c1ccccc1,scf_13cad05ca8f49c509e5b,False,,scf_13cad05ca8f49c509e5b
par_e9333caa180360105ae4,,,True,acy_a30a3d2841106706b45b,acy_a30a3d2841106706b45b
par_e936629cdeadeedd0943,c1ccccc1,scf_13cad05ca8f49c509e5b,False,,scf_13cad05ca8f49c509e5b
par_e94172f5cd863fa9e88a,O=S(=O)(OC[C@@H]1CO1)c1ccccc1,scf_c02999c55d78f18ae117,False,,scf_c02999c55d78f18ae117
par_e9568110352d02984906,C1CC1,scf_3b139ddd2a925eb70d94,False,,scf_3b139ddd2a925eb70d94
par_e9583f0452f8f4684e19,,,True,acy_96ae695326758777a292,acy_96ae695326758777a292
par_e9596046d6dee085897d,O=C1/C(=N\Nc2ccccc2)C=Cc2ccccc21.O=C1/C(=N\Nc2ccccc2)C=Cc2ccccc21.O=C1/C(=N\Nc2ccccc2)C=Cc2ccccc21,scf_53f294e3d3650b256470,False,,scf_53f294e3d3650b256470
par_e98bc7bf05107fb3b760,c1ccccc1,scf_13cad05ca8f49c509e5b,False,,scf_13cad05ca8f49c509e5b
par_e99729fa9494504acf8e,,,True,acy_2ebf4abb2130f9f8e06d,acy_2ebf4abb2130f9f8e06d
par_e9a58fefa724a2e37601,,,True,acy_f268c8d97933ae9f45c4,acy_f268c8d97933ae9f45c4
par_e9b80cb1270c33f2caeb,,,True,acy_9d7c0cce1546694e4be7,acy_9d7c0cce1546694e4be7
par_e9bd5744839965b1246d,,,True,acy_3dc99a62a36ddc79ebba,acy_3dc99a62a36ddc79ebba
par_e9c9788d71b8dc658b80,c1ccccc1,scf_13cad05ca8f49c509e5b,False,,scf_13cad05ca8f49c509e5b
par_e9caeaaf77bb9e33c290,c1ccccc1,scf_13cad05ca8f49c509e5b,False,,scf_13cad05ca8f49c509e5b
par_e9d92b28db6a4f52cbe3,c1ccccc1,scf_13cad05ca8f49c509e5b,False,,scf_13cad05ca8f49c509e5b
par_e9e216a04317b8eb080f,c1ccccc1,scf_13cad05ca8f49c509e5b,False,,scf_13cad05ca8f49c509e5b
par_e9efd55c4a2df54e6330,c1ccc(Oc2ccccc2)cc1,scf_9affd80d02f471acfe8b,False,,scf_9affd80d02f471acfe8b
par_e9f6d6c1b30482c47507,c1ccc2cc3c(ccc4ccccc43)cc2c1,scf_e9f6d6c1b30482c47507,False,,scf_e9f6d6c1b30482c47507
par_ea027a82f1d132346d27,,,True,acy_07055137f501e7ffd6eb,acy_07055137f501e7ffd6eb
par_ea07a2afbf6994918142,,,True,acy_5a689a5eceecc47f9c94,acy_5a689a5eceecc47f9c94
par_ea0ecb59ca36064151fd,O=S(c1ccccc1)c1ccccc1,scf_ea0ecb59ca36064151fd,False,,scf_ea0ecb59ca36064151fd
par_ea269780e55230054341,C1CCCCC1.c1ccccc1,scf_e0097b03a1accc6a6a0a,False,,scf_e0097b03a1accc6a6a0a
par_ea29c43bde3f3841796e,,,True,acy_d1e95ee0450b739e8186,acy_d1e95ee0450b739e8186
par_ea2f03af366e3042aeb3,,,True,acy_6fe4a51227eb5f956952,acy_6fe4a51227eb5f956952
par_ea36d5e314ccdde03699,,,True,acy_c17f106facc560511f3f,acy_c17f106facc560511f3f
par_ea41328694e99204b218,c1ccccc1,scf_13cad05ca8f49c509e5b,False,,scf_13cad05ca8f49c509e5b
par_ea46b859c92fd4f0ccee,,,True,acy_3e0ea233cde1b6a6b050,acy_3e0ea233cde1b6a6b050
par_ea5a3d067d24a9a09fc6,O=C1O[C@@H]([C@H]2NCCc3cc4c(cc32)OCO4)c2ccc3c(c21)OCO3,scf_b8f1b343c39f3fbf8924,False,,scf_b8f1b343c39f3fbf8924
par_ea5e6c7ce74bdd23097b,c1ccccc1,scf_13cad05ca8f49c509e5b,False,,scf_13cad05ca8f49c509e5b
par_ea64f03085c086d1e4c3,c1ccncc1,scf_75c7a4b0b41e43900bfb,False,,scf_75c7a4b0b41e43900bfb
par_ea700a0fc7485a454898,c1cnccn1,scf_55d90557e4f305b624cf,False,,scf_55d90557e4f305b624cf
par_ea7699b992873cdf4e3c,,,True,acy_e80746e4c000a6c6ca66,acy_e80746e4c000a6c6ca66
par_ea7a30395bbbe2aa41fb,,,True,acy_e0a514e6bd16df05ef74,acy_e0a514e6bd16df05ef74
par_ea844d76d333957356cf,,,True,acy_f2097066b862c21a1d5a,acy_f2097066b862c21a1d5a
par_ea96a7adece08c483a4c,C1CCCNCC1,scf_ea96a7adece08c483a4c,False,,scf_ea96a7adece08c483a4c
par_ea96df20157e79edf1ad,C1CCCC1.C1CCCC1,scf_04fab83d8cbf8ad6d51a,False,,scf_04fab83d8cbf8ad6d51a
par_ea9be9445ad5f2f7df9c,,,True,acy_a471be49eadd8a4b4bf3,acy_a471be49eadd8a4b4bf3
par_eaa84a6db507dda8abbe,c1ccccc1,scf_13cad05ca8f49c509e5b,False,,scf_13cad05ca8f49c509e5b
par_eaaa3d4bbf8770f1a36c,C1CCCCCCCCCCC1,scf_900e202744875aec7c6a,False,,scf_900e202744875aec7c6a
par_eaab3cf351a02d81495c,,,True,acy_2494860416c2d7f583e2,acy_2494860416c2d7f583e2
par_eac3de0e58c7a0b0c0ea,,,True,acy_148a3e833acb74479ad6,acy_148a3e833acb74479ad6
par_eaccd439dd0c079ccd70,,,True,acy_61b3e47603f9eb57a9fe,acy_61b3e47603f9eb57a9fe
par_ead87cfe4f50efdc3970,,,True,acy_3201a1793974c68f9013,acy_3201a1793974c68f9013
par_ead9c7a9379882859205,C1CCCCC1,scf_a21c4f64dcc59dd2ede8,False,,scf_a21c4f64dcc59dd2ede8
par_eaf31dd7dce001bb2c36,,,True,acy_a5d1b1d4caf5d77ab7ef,acy_a5d1b1d4caf5d77ab7ef
par_eaf617f8939062a257c5,,,True,acy_7bdda65c43b11afa99b7,acy_7bdda65c43b11afa99b7
par_eafd1163c90913fb74d4,c1ccccc1,scf_13cad05ca8f49c509e5b,False,,scf_13cad05ca8f49c509e5b
par_eb06b108e892f4fef8a8,O=C1NC(=O)c2ccccc21,scf_755cd7d31d8401b962e7,False,,scf_755cd7d31d8401b962e7
par_eb195b08fc5e1883674b,O=C1C=C2CC[C@@H]3C(=C2CC1)C=CC1C(=O)CC[C@H]13,scf_7e6d08104a637099d486,False,,scf_7e6d08104a637099d486
par_eb22a991a4b2b5e858c9,,,True,acy_6a756c9e7e51f2f621ee,acy_6a756c9e7e51f2f621ee
par_eb29a96b71ea022e4cc9,,,True,acy_77ef26445d9b501135c6,acy_77ef26445d9b501135c6
par_eb325d00ba65a888b627,c1ccccc1,scf_13cad05ca8f49c509e5b,False,,scf_13cad05ca8f49c509e5b
par_eb3e245681d93ce074d7,O=C1CCCCCN1C(=O)Nc1ccc(Cc2ccc(NC(=O)N3CCCCCC3=O)cc2)cc1,scf_eb3e245681d93ce074d7,False,,scf_eb3e245681d93ce074d7
par_eb427f4cebf76958a6b9,c1ccc2ccccc2c1,scf_a896d495b04a450b732a,False,,scf_a896d495b04a450b732a
par_eb5350fc4446a37c756c,,,True,acy_141055a4e3d91f497963,acy_141055a4e3d91f497963
par_eb5779912f82b1fe0b99,,,True,acy_2600135a5d86f9bfe757,acy_2600135a5d86f9bfe757
par_eb5a58abc4a286826efa,O=C(NC1CCCCC1)N1CC(c2ccccc2)SC1=O,scf_98bf6027585df53e10e7,False,,scf_98bf6027585df53e10e7
par_eb66b47afefc0bc0683d,c1ccccc1,scf_13cad05ca8f49c509e5b,False,,scf_13cad05ca8f49c509e5b
par_eb8120a661dca899c5b5,O=C(Cc1ccccc1)c1ccccc1,scf_afb59c516b9039ad0d46,False,,scf_afb59c516b9039ad0d46
par_eb851963c2ac7b2fc356,C1CC1,scf_3b139ddd2a925eb70d94,False,,scf_3b139ddd2a925eb70d94
par_eb8a113792421850a24d,,,True,acy_47dd587f499c86c05422,acy_47dd587f499c86c05422
par_eb9db586b6a629ac0362,C1CC2OCC1OC1CCC(CO1)OC1CCC(CO1)OC1CCC(CO1)OC1CCC(CO1)OC1CCC(CO1)O2,scf_b6645a3e883bd496b613,False,,scf_b6645a3e883bd496b613
par_eb9e5f8601e851eed74c,O=c1cc[nH]c2cc3c(cc12)OCO3,scf_63d1197c50b493359827,False,,scf_63d1197c50b493359827
par_eba28e7b61370bb2b76b,,,True,acy_b406eca7ccb97a32e246,acy_b406eca7ccb97a32e246
par_eba430b0aa0b634032f8,c1ccccc1,scf_13cad05ca8f49c509e5b,False,,scf_13cad05ca8f49c509e5b
par_eba59e2755febe171a47,,,True,acy_d234ffb6b8e4b516432d,acy_d234ffb6b8e4b516432d
par_ebce4cc07b3d094d911a,O=C1/C(=C2/Sc3ccccc3C2=O)Sc2ccccc21,scf_09da8aa413a8636515e4,False,,scf_09da8aa413a8636515e4
par_ebead2c9b16934913fd7,C1NCNCN1,scf_83a4733f71e79fbfab98,False,,scf_83a4733f71e79fbfab98
par_ebf32f03310db85a861a,,,True,acy_faf6cad45c2262efdf01,acy_faf6cad45c2262efdf01
par_ebfb51bb7a968ffdfa63,O=C(Nc1ccccc1)c1ccc2ccccc2c1,scf_0aa8beecae37d3094ea7,False,,scf_0aa8beecae37d3094ea7
par_ebfc15aa53f03823f579,,,True,acy_0dbc4242fc42b2a89477,acy_0dbc4242fc42b2a89477
par_ec0127fcc5ab97c9e301,,,True,acy_42fad99340318e7863d8,acy_42fad99340318e7863d8
par_ec09b9d1e20f291fdf32,,,True,acy_9ea13c7813cce63ccde0,acy_9ea13c7813cce63ccde0
par_ec137fb500bffa32e807,,,True,acy_d3ed1353442f2be40c38,acy_d3ed1353442f2be40c38
par_ec1c682ef124495da955,c1ccccc1,scf_13cad05ca8f49c509e5b,False,,scf_13cad05ca8f49c509e5b
par_ec1d190c5db25f63f729,c1ccccc1,scf_13cad05ca8f49c509e5b,False,,scf_13cad05ca8f49c509e5b
par_ec36fd9b8549975e82fe,,,True,acy_61a5ee0c1555aa0a4dd6,acy_61a5ee0c1555aa0a4dd6
par_ec4bc4de3bd635f442df,c1ccc2ccccc2c1,scf_a896d495b04a450b732a,False,,scf_a896d495b04a450b732a
par_ec52f7ec450fb9533ade,c1ccccc1,scf_13cad05ca8f49c509e5b,False,,scf_13cad05ca8f49c509e5b
par_ec539511bc3675298c6c,,,True,acy_b3294a33158008277eda,acy_b3294a33158008277eda
par_ec5ff2f32881158f3f77,,,True,acy_6ba01ce7d6214183738f,acy_6ba01ce7d6214183738f
par_ec66e95a5c46373582b5,,,True,acy_3e0ea233cde1b6a6b050,acy_3e0ea233cde1b6a6b050
par_ec6a832327ff21cb8eb1,,,True,acy_577629ee1f91cee37a86,acy_577629ee1f91cee37a86
par_ec6aa728ba0fb1b70fe1,O=c1[nH]sc2ccccc12,scf_a4a088bdee8aab5776b5,False,,scf_a4a088bdee8aab5776b5
par_ec8137cfb82e4a1913dc,,,True,acy_4b9b33623e428fb813bb,acy_4b9b33623e428fb813bb
par_ecb3aaeac976ee9e4e94,c1ccccc1,scf_13cad05ca8f49c509e5b,False,,scf_13cad05ca8f49c509e5b
par_ecb869f81bda6ecb754f,,,True,acy_02d3c252cb9b05c81215,acy_02d3c252cb9b05c81215
par_ecc86607469990d2c4cd,O=C(CN=Nc1ccc(-c2ccc(N=NCC(=O)Nc3ccccc3)cc2)cc1)Nc1ccccc1,scf_aca016b018f77b44e647,False,,scf_aca016b018f77b44e647
par_ecc93a6b988eaf465a63,c1ccc([PH+](c2ccccc2)c2ccccc2)cc1,scf_43c650e9ac6792074e61,False,,scf_43c650e9ac6792074e61
par_eccab90a15ea50b3ba1a,,,True,acy_6f663feacf56b6c6852a,acy_6f663feacf56b6c6852a
par_eccd9212390d27c3adec,c1ccccc1,scf_13cad05ca8f49c509e5b,False,,scf_13cad05ca8f49c509e5b
par_ecd8250a8e61128f7225,,,True,acy_d741dbf75762efa0c3d8,acy_d741dbf75762efa0c3d8
par_ecd8b0f65a89b989e730,c1ccccc1,scf_13cad05ca8f49c509e5b,False,,scf_13cad05ca8f49c509e5b
par_ecdbfc922759342bfa4f,,,True,acy_ba560c03b8c00ae47843,acy_ba560c03b8c00ae47843
par_ecf3e84a2ea82c32485e,c1ncncn1,scf_89055dbbabf38236f98e,False,,scf_89055dbbabf38236f98e
par_ed083bf357b349c7f550,c1ccccc1,scf_13cad05ca8f49c509e5b,False,,scf_13cad05ca8f49c509e5b
par_ed116242948c7ddbd236,,,True,acy_92853978760511ea4212,acy_92853978760511ea4212
par_ed163ee7ba76b1e7104a,,,True,acy_c61a0658a1c7f1e86927,acy_c61a0658a1c7f1e86927
par_ed1943c835d192c75cdd,,,True,acy_c46854afc6ffe5f249c2,acy_c46854afc6ffe5f249c2
par_ed1ba0f4cafecb0e4641,c1ccc(C2=NCCN2)cc1.c1ccccc1,scf_7ff7719fd7abc97ca295,False,,scf_7ff7719fd7abc97ca295
par_ed1e3a47ab3fb093f9a5,O=C1CCC(=O)N1C1CCNCC1,scf_431a76a19c6cbea4f5e5,False,,scf_431a76a19c6cbea4f5e5
par_ed211cf6ea639b936d71,c1ccccc1,scf_13cad05ca8f49c509e5b,False,,scf_13cad05ca8f49c509e5b
par_ed2792902febea9c9166,c1ccc(Oc2nc3ccccc3o2)cc1,scf_a5e86eaf54287491f9f5,False,,scf_a5e86eaf54287491f9f5
par_ed2aa3550ee4ba5a4099,c1ccc2ccccc2c1,scf_a896d495b04a450b732a,False,,scf_a896d495b04a450b732a
par_ed2b685669f29bd53bdc,c1ncncn1,scf_89055dbbabf38236f98e,False,,scf_89055dbbabf38236f98e
par_ed2f343c5d67a4a84b75,,,True,acy_8e0c822acbf5649be0e7,acy_8e0c822acbf5649be0e7
par_ed30eca69c4e2fc67f33,,,True,acy_911e359d4eca02bef01c,acy_911e359d4eca02bef01c
par_ed3ff537b734e25d74a7,c1ccccc1,scf_13cad05ca8f49c509e5b,False,,scf_13cad05ca8f49c509e5b
par_ed56efdf5680f6f36620,c1ccccc1,scf_13cad05ca8f49c509e5b,False,,scf_13cad05ca8f49c509e5b
par_ed655c010c11ec408ea5,,,True,acy_9c124cddcb24cb6dd48a,acy_9c124cddcb24cb6dd48a
par_ed7131937be57026b833,c1ccccc1,scf_13cad05ca8f49c509e5b,False,,scf_13cad05ca8f49c509e5b
par_ed9b986757f81b652d0f,S=C1NCNCS1,scf_1e05fb646f3b0330244a,False,,scf_1e05fb646f3b0330244a
par_edb0d22d7f79000b24ad,,,True,acy_ca6ae94b200144f95758,acy_ca6ae94b200144f95758
par_edbd4e42ebc6476405bc,c1ccc(Cn2ccnc2)cc1,scf_3f5f196247b5e5aae917,False,,scf_3f5f196247b5e5aae917
par_edca1ddd7149e98aaa7d,,,True,acy_92853978760511ea4212,acy_92853978760511ea4212
par_edde5eb9577beeb0baa6,C1CCOC1,scf_92623ccd36bc322bf260,False,,scf_92623ccd36bc322bf260
par_ede2c1ddf05ae6ab11d5,c1ccc2ncccc2c1,scf_a8daf8c5800683abd84e,False,,scf_a8daf8c5800683abd84e
par_edeb570525c914380f84,C1CCc2n[nH]nc2C1,scf_edeb570525c914380f84,False,,scf_edeb570525c914380f84
par_eded559ac71079c17e67,c1ccccc1,scf_13cad05ca8f49c509e5b,False,,scf_13cad05ca8f49c509e5b
par_edf995800a313e743f02,c1ccccc1,scf_13cad05ca8f49c509e5b,False,,scf_13cad05ca8f49c509e5b
par_edfcdbd65421f45f84e4,c1ccccc1,scf_13cad05ca8f49c509e5b,False,,scf_13cad05ca8f49c509e5b
par_ee00d62d78c294ee458b,,,True,acy_e32d12e9ea9c40521dbb,acy_e32d12e9ea9c40521dbb
par_ee0accb9c1666196d910,c1ccc2c(c1)OCO2,scf_7e48ba60e2279ba9461b,False,,scf_7e48ba60e2279ba9461b
par_ee0b533e14904cd64724,c1ccccc1,scf_13cad05ca8f49c509e5b,False,,scf_13cad05ca8f49c509e5b
par_ee15facc962290f75707,,,True,acy_666b5217eb9b584788fc,acy_666b5217eb9b584788fc
par_ee246308881cd6e80a9d,O=C1CNC(=O)N1,scf_887b1309988e7fe77ebb,False,,scf_887b1309988e7fe77ebb
par_ee277cabea2cd7dd5c40,c1ccc(-c2ccccc2)cc1,scf_27dacb226b18e24b40e3,False,,scf_27dacb226b18e24b40e3
par_ee2f222c864a3340cb6d,,,True,acy_98ab2f4e16e6d7a4e46e,acy_98ab2f4e16e6d7a4e46e
par_ee335e75dea228ee8ed0,c1ccccc1,scf_13cad05ca8f49c509e5b,False,,scf_13cad05ca8f49c509e5b
par_ee33e9027946a6693f11,c1ccccc1,scf_13cad05ca8f49c509e5b,False,,scf_13cad05ca8f49c509e5b
par_ee379a0493cb6402f3db,,,True,acy_3e0ea233cde1b6a6b050,acy_3e0ea233cde1b6a6b050
par_ee669d529d82c7ee6c00,c1ccccc1,scf_13cad05ca8f49c509e5b,False,,scf_13cad05ca8f49c509e5b
par_ee7396b803c72c8155a3,O=C(Nc1ccc(S(=O)(=O)Nc2nccs2)cc1)c1ccccc1,scf_f50cb54e8ba932291193,False,,scf_f50cb54e8ba932291193
par_eeb8b546ba7315cda9af,,,True,acy_561eb8ca0dc4f0b5297b,acy_561eb8ca0dc4f0b5297b
par_eec7daa0410936c2c1e8,O=C(CC(c1ccccc1)c1ccccc1)OCCOC(=O)CC(c1ccccc1)c1ccccc1,scf_de86bc8f7c83dfd8a417,False,,scf_de86bc8f7c83dfd8a417
par_eecdc41ec815c0502137,,,True,acy_b9ddd305afd3e6a9d2ca,acy_b9ddd305afd3e6a9d2ca
par_eed613903157d0527b10,,,True,acy_f24c57bceea22afa488c,acy_f24c57bceea22afa488c
par_eee498340db37d78c3e1,,,True,acy_889abc48574d4a8b0498,acy_889abc48574d4a8b0498
par_eee627650041ebd473f5,O=C1C=C2C=CC3C(CCC4C3CCC43CCC(=O)O3)C2CC1,scf_ee770691bc79eda7ed61,False,,scf_ee770691bc79eda7ed61
par_eee78afb54bb95a71d06,c1ccc(-c2ccc(-c3ccccc3)cc2)cc1,scf_eee78afb54bb95a71d06,False,,scf_eee78afb54bb95a71d06
par_eee8904973f9a605e4c7,c1ccccc1,scf_13cad05ca8f49c509e5b,False,,scf_13cad05ca8f49c509e5b
par_eeea1ddb249c032e93d3,,,True,acy_2ad02d99d944239eca56,acy_2ad02d99d944239eca56
par_eef9eb035742c1377873,,,True,acy_9605e29cc16bbd1db3ca,acy_9605e29cc16bbd1db3ca
par_eefb95e20198cdc6cef1,,,True,acy_18bd3d4a3b33ea4a08ac,acy_18bd3d4a3b33ea4a08ac
par_ef0f6f2585fe5726fa76,,,True,acy_0d167ddda31ef4a958aa,acy_0d167ddda31ef4a958aa
par_ef12a263a1ec93694f95,C1COCN1,scf_d3a68a0d081c2446c447,False,,scf_d3a68a0d081c2446c447
par_ef238ff6c9e689131c3c,c1ccc(Cc2ccccc2)cc1,scf_05784e2ddd36e41751a8,False,,scf_05784e2ddd36e41751a8
par_ef2eadd02939039e8a33,,,True,acy_6dc158e2e65eb0a253a0,acy_6dc158e2e65eb0a253a0
par_ef3ae2d5fc4c0b972989,,,True,acy_716e563390db6fc553c5,acy_716e563390db6fc553c5
par_ef3ecf7ffcdef2a917ad,c1ncncn1,scf_89055dbbabf38236f98e,False,,scf_89055dbbabf38236f98e
par_ef3efa7f0ed239071f42,,,True,acy_a615fade1b95bd69cd30,acy_a615fade1b95bd69cd30
par_ef3fdf5e04060c961164,,,True,acy_ce2980361358c49eb4c2,acy_ce2980361358c49eb4c2
par_ef4702ea0072379d13a3,c1ccc(Oc2ccccc2)cc1,scf_9affd80d02f471acfe8b,False,,scf_9affd80d02f471acfe8b
par_ef49430235b35bd52315,,,True,acy_0378d877423ed3ed4860,acy_0378d877423ed3ed4860
par_ef4a329fe2b9444e2ae1,,,True,acy_2c5cb604d83f9ad6fe3d,acy_2c5cb604d83f9ad6fe3d
par_ef4fa99ccd53b5e7e6df,,,True,acy_3fa0ff259d8c266a475f,acy_3fa0ff259d8c266a475f
par_ef57a64aa1a744e9d10d,c1ccncc1,scf_75c7a4b0b41e43900bfb,False,,scf_75c7a4b0b41e43900bfb
par_efa1cb504ebb1b8eaf2e,,,True,acy_f0e115aa74fb7b69ef57,acy_f0e115aa74fb7b69ef57
par_efa73b7b5c3eb9f88568,C1=C2CC[C@H]3CCCCC3[C@H]2CCC1,scf_c0cba74ae70e1737da60,False,,scf_c0cba74ae70e1737da60
par_efbf1bd3f7eb5b955415,c1ccccc1,scf_13cad05ca8f49c509e5b,False,,scf_13cad05ca8f49c509e5b
par_efbf7a89963e15f30e62,O=C1/C(=N\Nc2ccccc2)C=Cc2ccc(N=Nc3ccccc3)cc21,scf_640995410d73a2c3b74a,False,,scf_640995410d73a2c3b74a
par_efbfd368a8ffe12dc881,,,True,acy_8e4e78322be4b4524ef0,acy_8e4e78322be4b4524ef0
par_efc2db6c2af81db186b0,C1CCCCC1,scf_a21c4f64dcc59dd2ede8,False,,scf_a21c4f64dcc59dd2ede8
par_efcf6e49dc9fe01c6895,C1CCC(NC2CCCCC2)CC1,scf_a9ce389b4f23847291c4,False,,scf_a9ce389b4f23847291c4
par_efd9633793d197bb7770,,,True,acy_3d29921630d3c407399e,acy_3d29921630d3c407399e
par_efdbf337845ddf7644c1,O=c1cc(-c2ccccc2)oc2ccccc12,scf_bf0b7f58151c67183604,False,,scf_bf0b7f58151c67183604
par_efe298e1326d2fb20611,,,True,acy_2784939db69f5f10bc42,acy_2784939db69f5f10bc42
par_efe647d4bc2615b859b5,,,True,acy_d5d585db4eb5190eb463,acy_d5d585db4eb5190eb463
par_eff858d778beecc6d611,O=C(OC1CCCCC1)c1ccccc1C(=O)OC1CCCCC1,scf_eff858d778beecc6d611,False,,scf_eff858d778beecc6d611
par_effb41c80287aab9d4bf,,,True,acy_dc3c5eb921aa26eb7e07,acy_dc3c5eb921aa26eb7e07
par_f01d5eea6944d14fbb13,c1ccc2ccccc2c1,scf_a896d495b04a450b732a,False,,scf_a896d495b04a450b732a
par_f03edcebae74788432bd,O=C(CCS(=O)(=O)c1ccccc1)Nc1ccccc1,scf_cc043afda3e889db5bed,False,,scf_cc043afda3e889db5bed
par_f0425902d96eb4ac8cdb,O=C(C(=O)c1ccccc1)c1ccccc1,scf_ab9f5016a9ccf3a1cd2b,False,,scf_ab9f5016a9ccf3a1cd2b
par_f0590475bdebf30b71ce,O=C(c1ccccc1)c1ccccc1,scf_113660f6820aa1505046,False,,scf_113660f6820aa1505046
par_f05fb9d2a823f89b9687,c1ccccc1,scf_13cad05ca8f49c509e5b,False,,scf_13cad05ca8f49c509e5b
par_f062ed3b0cacb035d236,c1ccccc1,scf_13cad05ca8f49c509e5b,False,,scf_13cad05ca8f49c509e5b
par_f0779fb74175a276034c,,,True,acy_d1e95ee0450b739e8186,acy_d1e95ee0450b739e8186
par_f07b1095bc76321e45ac,,,True,acy_83c23103fb9d30e0bc0f,acy_83c23103fb9d30e0bc0f
par_f07b65e0a6395bb07622,C1=C[C@H]2O[C@@H]3CCC(C2CC1)[C@@]31CO1,scf_b7cf6ca0b0c4c2618785,False,,scf_b7cf6ca0b0c4c2618785
par_f086e9ab41896c5b9e46,,,True,acy_f5e1c67a712c5f507d1e,acy_f5e1c67a712c5f507d1e
par_f08dbc8e15ee95f3c572,c1ccc2nc3ccccc3cc2c1,scf_f08dbc8e15ee95f3c572,False,,scf_f08dbc8e15ee95f3c572
par_f0982c2a6fb09a23417c,,,True,acy_e45588ada42bbeb683a7,acy_e45588ada42bbeb683a7
par_f0a1399423ca8f75be43,,,True,acy_14c7e0998d9589fd20a7,acy_14c7e0998d9589fd20a7
par_f0a1ff5aae8fa47a5519,c1ccccc1,scf_13cad05ca8f49c509e5b,False,,scf_13cad05ca8f49c509e5b
par_f0a243f512f8af5f3f4a,C1=CC2CC1C1COCC21,scf_5b51b81686a310e60523,False,,scf_5b51b81686a310e60523
par_f0b33f48e991838d8823,c1ccccc1,scf_13cad05ca8f49c509e5b,False,,scf_13cad05ca8f49c509e5b
par_f0b5ad152e990a6b291e,O=C1CNC(=O)N1,scf_887b1309988e7fe77ebb,False,,scf_887b1309988e7fe77ebb
par_f0c6b09cfc7aa95a3893,O=C1c2ccccc2C(=O)c2ccccc21,scf_f0c6b09cfc7aa95a3893,False,,scf_f0c6b09cfc7aa95a3893
par_f0cfe77159ceabe47929,c1ccc([C@H]2O[C@@H]2c2ccccc2)cc1,scf_f0cfe77159ceabe47929,False,,scf_f0cfe77159ceabe47929
par_f0db65c4d5b8cbae7b47,c1ccccc1,scf_13cad05ca8f49c509e5b,False,,scf_13cad05ca8f49c509e5b
par_f0de05927e7630b61d14,S=c1[nH]c2ccccc2[nH]1,scf_dd13d7c4242dfdf1537b,False,,scf_dd13d7c4242dfdf1537b
par_f0deb5834ecd047d105e,O=C1OC(=O)C2CCCC=C12,scf_1738dde0d3273f06ccf0,False,,scf_1738dde0d3273f06ccf0
par_f0e2bfc5c28c789a451f,C1CCCCC1,scf_a21c4f64dcc59dd2ede8,False,,scf_a21c4f64dcc59dd2ede8
par_f0e5f743f121b972a0d4,,,True,acy_43f73bb1553ca13deb4a,acy_43f73bb1553ca13deb4a
par_f0ebe24c2820ebc4794b,c1ccc([C@@H]2CCCc3ccccc32)cc1,scf_40409de4c951a10dafbf,False,,scf_40409de4c951a10dafbf
par_f0ed37ede5e707d59d20,,,True,acy_e3f3db3ca728a4db5c86,acy_e3f3db3ca728a4db5c86
par_f0f8a0e28d0c24ccd203,O=C(c1ccccc1)c1ccc2nc[nH]c2c1,scf_ee90790a27ba03a5b0c2,False,,scf_ee90790a27ba03a5b0c2
par_f102d694022f215f1dfa,C1COCC[NH2+]1,scf_a2ba211abe6b447edc92,False,,scf_a2ba211abe6b447edc92
par_f109afdb9bd690c3ad95,,,True,acy_3554dea978341c0b2312,acy_3554dea978341c0b2312
par_f10aea81d5dc1658c0c5,,,True,acy_709c3e42b33e4a0a5b5d,acy_709c3e42b33e4a0a5b5d
par_f110b2c7d42185eea093,C1CCC(CC2CCCCC2)CC1,scf_7796cb316aa67077baa0,False,,scf_7796cb316aa67077baa0
par_f12572ac0f6becebbab1,c1ccccc1,scf_13cad05ca8f49c509e5b,False,,scf_13cad05ca8f49c509e5b
par_f1267a89d9509d4b1c5b,O=C1C=Cc2ccccc2/C1=N/Nc1ccc(N=Nc2ccccc2)cc1,scf_ad4d65c26421256aa587,False,,scf_ad4d65c26421256aa587
par_f129e21a9ee96b3f62e7,,,True,acy_1eeab8af7b107ed40b49,acy_1eeab8af7b107ed40b49
par_f12fa96ce2afdb8a5890,,,True,acy_5ccd6cb836a22fe34d44,acy_5ccd6cb836a22fe34d44
par_f1493e50edd0b7f92258,c1ccc(C(c2ccccc2)c2cccnc2)cc1,scf_1c3f2720953d75da9153,False,,scf_1c3f2720953d75da9153
par_f15185811cbc94c4d5ff,,,True,acy_50ed35679dd4a1778881,acy_50ed35679dd4a1778881
par_f156434d16d851ea329f,c1ccccc1,scf_13cad05ca8f49c509e5b,False,,scf_13cad05ca8f49c509e5b
par_f158d005950dc5930f13,O=C(C=NNc1ccccc1)[N-]c1ccccc1.O=C(C=NNc1ccccc1)[N-]c1ccccc1,scf_60d018e612671c09f96b,False,,scf_60d018e612671c09f96b
par_f16050e75e17ae944ef0,c1ccccc1,scf_13cad05ca8f49c509e5b,False,,scf_13cad05ca8f49c509e5b
par_f16dfdbc244aa336a097,,,True,acy_95a8620d54b5de595dcc,acy_95a8620d54b5de595dcc
par_f16e1caf3e06a3fe8c7c,c1ccc(CCn2cncn2)cc1,scf_ebc726e7f6b50dd016b3,False,,scf_ebc726e7f6b50dd016b3
par_f16e53f7f5276f42ddd7,,,True,acy_98e0d17dbf19d395378b,acy_98e0d17dbf19d395378b
par_f17354c378e47218766a,C1=CC2C3C=CC(C3)C2C1,scf_f17354c378e47218766a,False,,scf_f17354c378e47218766a
par_f1829fb4e1bddde818c0,O=c1[nH]c2ccccc2[nH]1,scf_a42cfffcb427fce4de3d,False,,scf_a42cfffcb427fce4de3d
par_f185ce0cbb50575922a1,c1ccccc1,scf_13cad05ca8f49c509e5b,False,,scf_13cad05ca8f49c509e5b
par_f1919d550dff1bcdadb2,O=C1c2ccccc2C(=O)c2ccccc21,scf_f0c6b09cfc7aa95a3893,False,,scf_f0c6b09cfc7aa95a3893
par_f1a65c63feeba49bcf2a,,,True,acy_7a38c1303228e573f458,acy_7a38c1303228e573f458
par_f1a7ec7f05d36a268bdd,,,True,acy_857e896a5e6997a82509,acy_857e896a5e6997a82509
par_f1a9b532254608640f84,O=C(Nc1ncccn1)NS(=O)(=O)c1ccccc1,scf_2ecd78b700d5afe2adcd,False,,scf_2ecd78b700d5afe2adcd
par_f1aaa78496048e405416,,,True,acy_459c0e05ddcfcb0ff0fe,acy_459c0e05ddcfcb0ff0fe
par_f1bb479b10df9cfdd053,c1ccc(CNc2ccccc2)cc1,scf_f573aa99b3be3128d885,False,,scf_f573aa99b3be3128d885
par_f1bfc7b26f7a4cc92053,c1ccccc1,scf_13cad05ca8f49c509e5b,False,,scf_13cad05ca8f49c509e5b
par_f1ed48ac6b5168ee862a,,,True,acy_f3e35b6510489197e52a,acy_f3e35b6510489197e52a
par_f1f42f11bb7bf7a214b7,,,True,acy_9caa3adeb61e6560022f,acy_9caa3adeb61e6560022f
par_f1fd61598411d4ea6938,C1CO1,scf_59b1a7b29b6a5f8bc1b8,False,,scf_59b1a7b29b6a5f8bc1b8
par_f203512f7488c16f45c5,c1ccc([NH+]2CCNCC2)cc1,scf_92a3af958478e3243867,False,,scf_92a3af958478e3243867
par_f2149c33a5b5dcfe3896,O=C1CC=NN1c1ccccc1,scf_bf2c5f7d5a13133f4758,False,,scf_bf2c5f7d5a13133f4758
par_f22063a7a2519a0262c9,,,True,acy_3795ceef2649d199e00d,acy_3795ceef2649d199e00d
par_f2351fdadbb42a6e9e14,c1ccc2c(c1)[nH]c1ccccc12,scf_9e96fbc760d5dafae313,False,,scf_9e96fbc760d5dafae313
par_f237fdd0e7ceccc34493,,,True,acy_40d34a7ccd30ab93e3d2,acy_40d34a7ccd30ab93e3d2
par_f253b91f293c832103f2,,,True,acy_4e9869bcf6313a0ea92e,acy_4e9869bcf6313a0ea92e
par_f254f58cfa9c48f09306,c1ccc(C2OCc3ccccc32)cc1,scf_0275b0d287388b2472e8,False,,scf_0275b0d287388b2472e8
par_f25ff98aa87f9a16c003,c1cncnc1,scf_a3ad2a5dcc41ff79865e,False,,scf_a3ad2a5dcc41ff79865e
par_f26ec28440e3cc9a6938,c1ccccc1,scf_13cad05ca8f49c509e5b,False,,scf_13cad05ca8f49c509e5b
par_f279afbd344523fcb9b4,c1ccccc1,scf_13cad05ca8f49c509e5b,False,,scf_13cad05ca8f49c509e5b
par_f2890be6c06854d9a696,O=C(OCCCOCCCOC(=O)c1ccccc1)c1ccccc1,scf_f2890be6c06854d9a696,False,,scf_f2890be6c06854d9a696
par_f292534f0cc1c62252e0,c1ccccc1,scf_13cad05ca8f49c509e5b,False,,scf_13cad05ca8f49c509e5b
par_f2994186cdb51b0ffb9f,,,True,acy_f8fca97415e4af2566ba,acy_f8fca97415e4af2566ba
par_f29b86956dfb193bec5c,C(=CSSC=CNCc1cncnc1)NCc1cncnc1,scf_65d4540980295e28d69a,False,,scf_65d4540980295e28d69a
par_f2a3433dc9c893d74fe2,c1ccccc1,scf_13cad05ca8f49c509e5b,False,,scf_13cad05ca8f49c509e5b
par_f2a964892286b5d0e223,c1ccc(C2OC[C@H]3OC4COC(c5ccccc5)O[C@@H]4[C@H]3O2)cc1,scf_55ad4cb891a423d79d29,False,,scf_55ad4cb891a423d79d29
par_f2b3c1dd232a2865318d,C1CCCCC1,scf_a21c4f64dcc59dd2ede8,False,,scf_a21c4f64dcc59dd2ede8
par_f2bb5ef0e3767c374c36,,,True,acy_5ef15d276bf2251e6030,acy_5ef15d276bf2251e6030
par_f2bd506abac1db69d653,c1ccc2ncccc2c1.c1ccc2ncccc2c1,scf_269320d1967ff95f9620,False,,scf_269320d1967ff95f9620
par_f2be4a948386dd384f77,C1=CCC=C1,scf_0d89d26eb184a993d066,False,,scf_0d89d26eb184a993d066
par_f2c31a10a00d405e1c81,S=C1NCCS1,scf_7fe47e81146bd7ec22d5,False,,scf_7fe47e81146bd7ec22d5
par_f2c469abcde21d0c7125,c1ccccc1,scf_13cad05ca8f49c509e5b,False,,scf_13cad05ca8f49c509e5b
par_f2c4adf72fbd9570d40b,c1ccc(C2CC[NH2+]CC2)cc1,scf_71ec61c1d9f0b59ae9af,False,,scf_71ec61c1d9f0b59ae9af
par_f2cc94622d4d2494b20b,c1ccccc1,scf_13cad05ca8f49c509e5b,False,,scf_13cad05ca8f49c509e5b
par_f2d9976c89257844192b,,,True,acy_ce8d6961677449a92293,acy_ce8d6961677449a92293
par_f2e2b27b22a8c827ffef,,,True,acy_e0a514e6bd16df05ef74,acy_e0a514e6bd16df05ef74
par_f2e394232156ef1f934e,C1COCCN1,scf_f2e394232156ef1f934e,False,,scf_f2e394232156ef1f934e
par_f2e7e1356251a0919b7b,,,True,acy_2f44f6d7eed823c8f1cb,acy_2f44f6d7eed823c8f1cb
par_f2e8531feef6c7ff8e3e,N=C1CCCCOC(=O)C[C@@H](OC2CCCCO2)C[C@@H](OC2CCCCO2)CCC1,scf_9b268708539ca8a56233,False,,scf_9b268708539ca8a56233
par_f2ea1a61be3e7a758dee,c1ccccc1,scf_13cad05ca8f49c509e5b,False,,scf_13cad05ca8f49c509e5b
par_f2edf68ccfd45c7859c1,,,True,acy_ec20abcd22cfd09e803a,acy_ec20abcd22cfd09e803a
par_f2fdf773e348b25f07ba,,,True,acy_d57a91dcf9b3f783b6c4,acy_d57a91dcf9b3f783b6c4
par_f2fe022637b81109f289,,,True,acy_435d19fa15be9d089a30,acy_435d19fa15be9d089a30
par_f3096c440b010109ccde,c1ccccc1,scf_13cad05ca8f49c509e5b,False,,scf_13cad05ca8f49c509e5b
par_f30d4688c4f9e2db6ac2,c1nncs1,scf_145a421a86da5c3518e8,False,,scf_145a421a86da5c3518e8
par_f31c5759cc4608c4ff13,C=C1C(=O)C[C@@H]2C[C@@H]3Cc4ccccc4C(=O)[C-]3C(=O)C2C1=O,scf_b4bdb9c8b78dd79efe6c,False,,scf_b4bdb9c8b78dd79efe6c
par_f332e174d5ef54b004e1,c1ccccc1,scf_13cad05ca8f49c509e5b,False,,scf_13cad05ca8f49c509e5b
par_f338ef47ecbb183182be,c1ccc2ccccc2c1,scf_a896d495b04a450b732a,False,,scf_a896d495b04a450b732a
par_f33e7292ce8041f1626a,c1ccc2c(c1)CC[C@@H]1[C@@H]2CCC2CCC[C@H]21,scf_011186ef72b148f58ac6,False,,scf_011186ef72b148f58ac6
par_f343d25a5f737adbb5c4,c1ccccc1,scf_13cad05ca8f49c509e5b,False,,scf_13cad05ca8f49c509e5b
par_f3497a77d675e5f0d35c,,,True,acy_32a8b125fad05ee6b8c9,acy_32a8b125fad05ee6b8c9
par_f34a7af35f20b8c4fc7c,S=c1[nH]c2ccccc2s1,scf_f34a7af35f20b8c4fc7c,False,,scf_f34a7af35f20b8c4fc7c
par_f355075c9925396ea53d,,,True,acy_06f80c29e5e411b59fbf,acy_06f80c29e5e411b59fbf
par_f35d0b5f928f195f9e66,,,True,acy_afc51ac0fbd06e7988bc,acy_afc51ac0fbd06e7988bc
par_f35dd5970742532b3abe,c1ccccc1,scf_13cad05ca8f49c509e5b,False,,scf_13cad05ca8f49c509e5b
par_f36eb24fb182835adbd1,c1ccccc1,scf_13cad05ca8f49c509e5b,False,,scf_13cad05ca8f49c509e5b
par_f37bfea4303484213e7a,,,True,acy_dc668f05815e080b7ee5,acy_dc668f05815e080b7ee5
par_f38a5fec3421bf575f67,,,True,acy_26b15ccc5d388522392c,acy_26b15ccc5d388522392c
par_f3943e36607a2a09b7cd,,,True,acy_5aea159c388f75a4413c,acy_5aea159c388f75a4413c
par_f3aa4e035436e9bca6a0,c1ccccc1,scf_13cad05ca8f49c509e5b,False,,scf_13cad05ca8f49c509e5b
par_f3b072d4ed8e13d39171,c1ccccc1,scf_13cad05ca8f49c509e5b,False,,scf_13cad05ca8f49c509e5b
par_f3b16803898ca0c821d9,c1ncncn1,scf_89055dbbabf38236f98e,False,,scf_89055dbbabf38236f98e
par_f3bcc43bb560eeb803fb,,,True,acy_e050466f60fcab44fb68,acy_e050466f60fcab44fb68
par_f3c7f5e0694072047f8e,C1CCCCC1,scf_a21c4f64dcc59dd2ede8,False,,scf_a21c4f64dcc59dd2ede8
par_f3d575678708059e9d2e,c1ccc(Cc2ccccc2)cc1.c1ccc(Cc2ccccc2)cc1,scf_fa28c773db6f9e44199d,False,,scf_fa28c773db6f9e44199d
par_f3defcbc31d4433bc6a5,c1ccccc1,scf_13cad05ca8f49c509e5b,False,,scf_13cad05ca8f49c509e5b
par_f3e9d0872f22020bb1d4,,,True,acy_8600fed94d263dd0c2fb,acy_8600fed94d263dd0c2fb
par_f3edec8ec3dbf3daef11,O=C1c2c([nH]c3ccccc23)CCC1Cn1ccnc1,scf_439131f385468f3897c2,False,,scf_439131f385468f3897c2
par_f3f326ccc39b0a851022,C1COCOC1,scf_c7850d2c75461ef1f7f6,False,,scf_c7850d2c75461ef1f7f6
par_f3f9f957f60acaf25f80,c1ccc(C2CCc3ccccc3C2)cc1,scf_981e3ff9562a06cf2ac9,False,,scf_981e3ff9562a06cf2ac9
par_f400eed04fd4b3875025,,,True,acy_05bacb48b6b3510e2e2a,acy_05bacb48b6b3510e2e2a
par_f40246293ffb4801bb83,O=C1O[C@H]2C[C@@H](CC=C[C@@H](O[C@H]3CC[C@@H](O[C@H]4CCCCO4)CO3)C/C=C/C=C3\CO[C@@H]4CC=C[C@@H]1C34)O[C@@]1(C=CCCO1)C2.c1ccccc1,scf_55b3a6a0be763ec191e8,False,,scf_55b3a6a0be763ec191e8
par_f41421a11db837ba5988,O=C(OCCOC(=O)c1ccccc1)c1ccccc1,scf_f41421a11db837ba5988,False,,scf_f41421a11db837ba5988
par_f41731bf0d08578f4e90,c1ccccc1,scf_13cad05ca8f49c509e5b,False,,scf_13cad05ca8f49c509e5b
par_f427ac66ee8b917e0781,O=C1CCCN1.O=C1CCCN1,scf_c77e292b4e7ab82c9598,False,,scf_c77e292b4e7ab82c9598
par_f431acfc0a2d0c7feca6,,,True,acy_7a791c69b626e91b1601,acy_7a791c69b626e91b1601
par_f43abf23a5b1e7a810de,O=C(c1ccccc1)c1ccccc1,scf_113660f6820aa1505046,False,,scf_113660f6820aa1505046
par_f446c8133aa512d50938,O=C(c1cccc(C(=O)N2CC2)c1)N1CC1,scf_c9268c02b3212fc44be9,False,,scf_c9268c02b3212fc44be9
par_f45b87dfc3dd657528d5,c1ccccc1,scf_13cad05ca8f49c509e5b,False,,scf_13cad05ca8f49c509e5b
par_f4670aeaf90c53e9ddfc,c1ccncc1,scf_75c7a4b0b41e43900bfb,False,,scf_75c7a4b0b41e43900bfb
par_f473910c2e7d1f9a9ba9,,,True,acy_3e0ea233cde1b6a6b050,acy_3e0ea233cde1b6a6b050
par_f47be15cf8a2fe81c1f7,c1ccccc1,scf_13cad05ca8f49c509e5b,False,,scf_13cad05ca8f49c509e5b
par_f481b6996374c40dc35e,c1ccccc1,scf_13cad05ca8f49c509e5b,False,,scf_13cad05ca8f49c509e5b
par_f485e18e828eb30e6ee8,,,True,acy_6990cff620f1f4cdba27,acy_6990cff620f1f4cdba27
par_f487d45ecac399da9cd8,,,True,acy_f432b79a978d19218d7a,acy_f432b79a978d19218d7a
par_f4a272bc78425f5d83bc,,,True,acy_3a3f6359148e8f90d828,acy_3a3f6359148e8f90d828
par_f4a3a4f01b6a1f008c2f,C1CCCCC1,scf_a21c4f64dcc59dd2ede8,False,,scf_a21c4f64dcc59dd2ede8
par_f4a3b262964eac834ff2,,,True,acy_5ca376bf61fb8024883c,acy_5ca376bf61fb8024883c
par_f4a8ce7a4f75f3b721b1,,,True,acy_51c7bccf0b132bb6c5c0,acy_51c7bccf0b132bb6c5c0
par_f4bfb2142c72a145f98f,,,True,acy_3e0ea233cde1b6a6b050,acy_3e0ea233cde1b6a6b050
par_f4cc6aa9a3c5a20e35eb,,,True,acy_97e5565e8e8528226588,acy_97e5565e8e8528226588
par_f4d6a4d11be6ce4ba6d7,c1ccc(CCCN2CCCCC2)cc1,scf_de12a39f95cf95352140,False,,scf_de12a39f95cf95352140
par_f4e1c4e0ceef7bbe69cb,,,True,acy_1cbab15a5555d3c7c54e,acy_1cbab15a5555d3c7c54e
par_f4e5bd9cddec9d0beb19,O=c1cccnn1-c1ccccc1,scf_d92fd55b020cee7b9b79,False,,scf_d92fd55b020cee7b9b79
par_f4f3760798d3f697edd7,O=C1C=Cc2ccccc2/C1=N\Nc1ccc(N=Nc2ccc(Nc3ccccc3)cc2)c2ccccc12,scf_39efcb43c50d8d066742,False,,scf_39efcb43c50d8d066742
par_f4f82f2f96ff88bbcdf7,,,True,acy_2865ffc2d902661fe168,acy_2865ffc2d902661fe168
par_f50d70943ae8b1a6347d,c1cc2c3c(cccc3c1)C(c1ccc3c(c1)CCCN3)=[NH+]2,scf_ebca5596de3f1a4b06b6,False,,scf_ebca5596de3f1a4b06b6
par_f51c8c923229b3b2cb52,C1=CC2C3C=CC(C3)C2C1,scf_f17354c378e47218766a,False,,scf_f17354c378e47218766a
par_f52ed2e54a76c4e5aa21,,,True,acy_d0712861c99cb8b01bc4,acy_d0712861c99cb8b01bc4
par_f533e08745bad20bf98b,,,True,acy_19b614a10df8f493d701,acy_19b614a10df8f493d701
par_f53aa0af601b42e75b78,,,True,acy_44fbf1580a9c8a4dd507,acy_44fbf1580a9c8a4dd507
par_f53b2f909ce5cd559aa5,,,True,acy_58be9e868572177bff2b,acy_58be9e868572177bff2b
par_f545a7a34255b2544d32,S=c1cccc[nH]1,scf_d326be4007deb564be29,False,,scf_d326be4007deb564be29
par_f553f7dab99db3390991,,,True,acy_f2097066b862c21a1d5a,acy_f2097066b862c21a1d5a
par_f556a18e04b657ecdb2b,c1ccccc1,scf_13cad05ca8f49c509e5b,False,,scf_13cad05ca8f49c509e5b
par_f5737624760d2b87b9d9,O=S(=O)(Nc1ccccc1)c1ccc(Nc2ccccc2)cc1,scf_eba92e9d23d9e03fd02e,False,,scf_eba92e9d23d9e03fd02e
par_f575c42d3ee409c027e6,,,True,acy_65c3ce49c195b0b014a0,acy_65c3ce49c195b0b014a0
par_f57fc00252b1cd1886a2,O=C1C=Cc2ccccc2/C1=N/Nc1ccccc1,scf_f914e167a5b755d1ce69,False,,scf_f914e167a5b755d1ce69
par_f58a4bdc3a93033fd373,O=C1C(N=Nc2ccc(-c3ccc(N=NC4C=NN(c5ccccc5)C4=O)cc3)cc2)C=NN1c1ccccc1,scf_be2766ac200e0d586400,False,,scf_be2766ac200e0d586400
par_f598e3f8149ec747e15d,c1ccc(C2=[NH+]CCN2)cc1,scf_f598e3f8149ec747e15d,False,,scf_f598e3f8149ec747e15d
par_f59b1bc55eb73a730909,C=C(CCc1ccccc1)c1ccccc1,scf_be181a546f734870f5d6,False,,scf_be181a546f734870f5d6
par_f59ba49de37096ce9fb4,O=C([N-]S(=O)(=O)c1ccccc1)n1nc[nH]c1=O,scf_d963994b3ade5ac98c5c,False,,scf_d963994b3ade5ac98c5c
par_f5a282f140c1a801e377,c1ccccc1,scf_13cad05ca8f49c509e5b,False,,scf_13cad05ca8f49c509e5b
par_f5b38926d1aff69ea2c1,,,True,acy_dbdae54709b60499859f,acy_dbdae54709b60499859f
par_f5c2fd54d00a3ac8dbcf,c1ccccc1,scf_13cad05ca8f49c509e5b,False,,scf_13cad05ca8f49c509e5b
par_f5cefedd2c9a3a36313b,c1ccc(-c2ccccc2)cc1,scf_27dacb226b18e24b40e3,False,,scf_27dacb226b18e24b40e3
par_f5d395d3ce0dc695cb3d,O=C1C=C2CC[C@@H]3[C@H](CCC4C(=O)CC[C@H]43)[C@H]2CC1,scf_09627e757a39083d50e4,False,,scf_09627e757a39083d50e4
par_f5d5f0d8fa6edef58b67,,,True,acy_9bffd10c4181a9a0a0d0,acy_9bffd10c4181a9a0a0d0
par_f5db50d62d95586cd22c,,,True,acy_a18cd89af3926ece59d6,acy_a18cd89af3926ece59d6
par_f5deacbf33358055ac67,C1=CCCCC1,scf_fe8528cff2dfdfccb743,False,,scf_fe8528cff2dfdfccb743
par_f5e2e191d188ef92e261,c1ccccc1,scf_13cad05ca8f49c509e5b,False,,scf_13cad05ca8f49c509e5b
par_f5f1eb0a0cefd9fa7cc7,c1cncnc1,scf_a3ad2a5dcc41ff79865e,False,,scf_a3ad2a5dcc41ff79865e
par_f5f81c60b32d7753601c,,,True,acy_9a25ac9d66fe0a02d618,acy_9a25ac9d66fe0a02d618
par_f5fa2eff0b09c8f1d490,c1ccc(N=Nc2cccc3ccccc23)cc1,scf_979c2f8290ce1c302e89,False,,scf_979c2f8290ce1c302e89
par_f627e84a7f8b712e5f22,C1CCCCC1,scf_a21c4f64dcc59dd2ede8,False,,scf_a21c4f64dcc59dd2ede8
par_f63acf4544e566dbceb4,,,True,acy_4ded3b24b6c21e1b488c,acy_4ded3b24b6c21e1b488c
par_f63f745783cd40d9a2d4,,,True,acy_aa028d6ba84dcdb186b9,acy_aa028d6ba84dcdb186b9
par_f64bfe3eb818db8910ff,c1ccccc1,scf_13cad05ca8f49c509e5b,False,,scf_13cad05ca8f49c509e5b
par_f65345439851104f4dad,O=C(Nc1ncccn1)NS(=O)(=O)c1ccccc1,scf_2ecd78b700d5afe2adcd,False,,scf_2ecd78b700d5afe2adcd
par_f666b55c117f31660157,c1ccccc1,scf_13cad05ca8f49c509e5b,False,,scf_13cad05ca8f49c509e5b
par_f66b3ecfde6e98479b71,,,True,acy_7c7081b007170e0e7f24,acy_7c7081b007170e0e7f24
par_f66e5755a8ac9651569b,,,True,acy_af48a80bc8ab5444c701,acy_af48a80bc8ab5444c701
par_f66f66407003537bfaa2,,,True,acy_8ca124ada26dce934850,acy_8ca124ada26dce934850
par_f67148d4965e549af08e,,,True,acy_d084ad273a16cd9fe415,acy_d084ad273a16cd9fe415
par_f686d862fd32bc270f3e,,,True,acy_9820bf90d5696e37c7f3,acy_9820bf90d5696e37c7f3
par_f68c3894db92d69982ed,c1ccc(-c2ccccc2)cc1,scf_27dacb226b18e24b40e3,False,,scf_27dacb226b18e24b40e3
par_f693040984425f859da4,,,True,acy_ce8d6961677449a92293,acy_ce8d6961677449a92293
par_f695eb6b8f2acefc3cff,,,True,acy_0708d14a1e408270ea3d,acy_0708d14a1e408270ea3d
par_f697d4673e8809aa063a,c1ccc(Cc2ccccc2)cc1,scf_05784e2ddd36e41751a8,False,,scf_05784e2ddd36e41751a8
par_f69bbc0ebc58074dd693,O=C1CC[C@@H]2C1CC[C@@H]1C3=C(CC=CC3)CC[C@H]12,scf_6d446aa0df24b49681c2,False,,scf_6d446aa0df24b49681c2
par_f69cec18eeeaa5d4161a,,,True,acy_1d3d42797ae958634a8d,acy_1d3d42797ae958634a8d
par_f6a1b85ab7f5e03688f5,c1ncncn1.c1ncncn1,scf_5851f46b52ad314c6f34,False,,scf_5851f46b52ad314c6f34
par_f6a64d51a6172ca6fdb8,O=C1c2ccccc2C(=O)C1c1ccc2ccccc2n1,scf_f6a64d51a6172ca6fdb8,False,,scf_f6a64d51a6172ca6fdb8
par_f6a7d0fdc6d8cabae6d1,,,True,acy_c639d5187b1b954d4ecc,acy_c639d5187b1b954d4ecc
par_f6b255878dd271f5a841,,,True,acy_a471be49eadd8a4b4bf3,acy_a471be49eadd8a4b4bf3
par_f6c108251fff034a18c3,c1ccccc1,scf_13cad05ca8f49c509e5b,False,,scf_13cad05ca8f49c509e5b
par_f6c4c1d3b1075a965710,,,True,acy_6dc158e2e65eb0a253a0,acy_6dc158e2e65eb0a253a0
par_f6c60418c6e09493458a,c1ccc(Cc2ccccc2)cc1,scf_05784e2ddd36e41751a8,False,,scf_05784e2ddd36e41751a8
par_f6cc1b52ab0efef9b6e1,O=C1COc2ccc(N3C(=O)C4=C(CCCC4)C3=O)cc2N1,scf_9bf6aaf2bd08aa6eedcf,False,,scf_9bf6aaf2bd08aa6eedcf
par_f6d5c3ed9cea887e13a4,c1ccccc1,scf_13cad05ca8f49c509e5b,False,,scf_13cad05ca8f49c509e5b
par_f6d895a8e264896e069e,c1ccccc1,scf_13cad05ca8f49c509e5b,False,,scf_13cad05ca8f49c509e5b
par_f6efc1f8e3b49aa5b451,c1ccc(Cc2ccccc2)cc1,scf_05784e2ddd36e41751a8,False,,scf_05784e2ddd36e41751a8
par_f6f6ebe11d3d3c3e784d,O=C1c2ccccc2C(=O)c2c(Nc3ccccc3)cccc21,scf_67e62ad7cc6ca1d7287e,False,,scf_67e62ad7cc6ca1d7287e
par_f713a3ad808bc9b6d404,[N+]=C1C=Cc2ccccc2C1=O,scf_0a89b19dcdef40aec9f0,False,,scf_0a89b19dcdef40aec9f0
par_f72687042d80ab048b1a,c1ccccc1,scf_13cad05ca8f49c509e5b,False,,scf_13cad05ca8f49c509e5b
par_f72bd6e35294d8e0e159,,,True,acy_c56264ffec70c872b26c,acy_c56264ffec70c872b26c
par_f73e0b2ed66e61765d34,O=c1[nH]c(=O)n(-c2ccccc2)o1,scf_bf78e06ce4db9882e7c4,False,,scf_bf78e06ce4db9882e7c4
par_f745c692553cfdd030ff,,,True,acy_62ed60e44b8004c7f4cd,acy_62ed60e44b8004c7f4cd
par_f763879f986e843eebb6,,,True,acy_577629ee1f91cee37a86,acy_577629ee1f91cee37a86
par_f764c4adb70b8b7fd61b,c1ccccc1,scf_13cad05ca8f49c509e5b,False,,scf_13cad05ca8f49c509e5b
par_f76e983f80f92938885f,,,True,acy_a277a614a3392c4caf44,acy_a277a614a3392c4caf44
par_f79a0d0dd70ead8e45ca,,,True,acy_ace102bbb34fb76d2227,acy_ace102bbb34fb76d2227
par_f7b6748475d96ba60128,,,True,acy_dbdae54709b60499859f,acy_dbdae54709b60499859f
par_f7baa28500cc392d1d0a,c1ccccc1,scf_13cad05ca8f49c509e5b,False,,scf_13cad05ca8f49c509e5b
par_f7bf85379ae824b5da78,,,True,acy_a884bb32318664801063,acy_a884bb32318664801063
par_f7d6ab29dbc005c0b841,c1ccccc1,scf_13cad05ca8f49c509e5b,False,,scf_13cad05ca8f49c509e5b
par_f7d99d6ff9a5fb0376bd,c1ccccc1,scf_13cad05ca8f49c509e5b,False,,scf_13cad05ca8f49c509e5b
par_f7de9fa06b692d5d0017,c1ccncc1,scf_75c7a4b0b41e43900bfb,False,,scf_75c7a4b0b41e43900bfb
par_f7dfcc387d6b36155c97,c1cscn1,scf_8529372f407e1ce0108b,False,,scf_8529372f407e1ce0108b
par_f7ea412c34f6047ca3bd,c1ccccc1,scf_13cad05ca8f49c509e5b,False,,scf_13cad05ca8f49c509e5b
par_f7ec55617ec402b76a44,,,True,acy_577629ee1f91cee37a86,acy_577629ee1f91cee37a86
par_f8093590386b8deaf5ce,O=C(OCc1cccc(Oc2ccccc2)c1)C1CC1.c1ccc2c(c1)OCO2,scf_7c3ae0fd7547b2613592,False,,scf_7c3ae0fd7547b2613592
par_f811c87bb7be72769545,,,True,acy_b14358ad0975d72b6ad7,acy_b14358ad0975d72b6ad7
par_f8157e6825d6be0a5b91,,,True,acy_16aaf1e55593d55c4371,acy_16aaf1e55593d55c4371
par_f8189bcd1aeef943d696,c1ccc(CCc2cccc(CCc3ccccc3)c2)cc1,scf_f8728374fe76ef4b3101,False,,scf_f8728374fe76ef4b3101
par_f818b0413114e1d9e389,O=C1CCCO1,scf_b2a02ad4ea5295cb11e1,False,,scf_b2a02ad4ea5295cb11e1
par_f834d732c38b0097d020,C1CCCCC1,scf_a21c4f64dcc59dd2ede8,False,,scf_a21c4f64dcc59dd2ede8
par_f8375bb8a7f2361b6a08,c1ccccc1,scf_13cad05ca8f49c509e5b,False,,scf_13cad05ca8f49c509e5b
par_f84baf60b8d8ae94d884,c1ccccc1,scf_13cad05ca8f49c509e5b,False,,scf_13cad05ca8f49c509e5b
par_f84ce03b6b6d8fe27c2c,,,True,acy_ddcf5b9ef516561fe2c2,acy_ddcf5b9ef516561fe2c2
par_f8590b082ba67cd44e59,c1ccccc1,scf_13cad05ca8f49c509e5b,False,,scf_13cad05ca8f49c509e5b
par_f85beaa7d4cd4cbd1a25,O1[SiH2]O[SiH2]O[SiH2]O[SiH2]O[SiH2]1,scf_a16d9a8648e0648c6024,False,,scf_a16d9a8648e0648c6024
par_f8653c7af0f49e249d82,O=C1c2ccccc2C(=O)c2ccccc21,scf_f0c6b09cfc7aa95a3893,False,,scf_f0c6b09cfc7aa95a3893
par_f8803c3a663c09e8b54d,O=C(c1ccccc1)c1ccccc1,scf_113660f6820aa1505046,False,,scf_113660f6820aa1505046
par_f882d4d60126175cc31c,,,True,acy_75cc5e32ee4b4ca0f63f,acy_75cc5e32ee4b4ca0f63f
par_f88f7d9fa3a03a04d0bd,,,True,acy_a8fe903388192a8a4407,acy_a8fe903388192a8a4407
par_f89527be40a74e4a72ba,c1ccc(Nc2ccccc2)cc1,scf_66594b79d38dcf0e9b76,False,,scf_66594b79d38dcf0e9b76
par_f8adcb9fa37eb460f81f,,,True,acy_5530b25a324daa7a2ca0,acy_5530b25a324daa7a2ca0
par_f8d0aba9aafbe0762661,c1ccc2c(c1)CCC1CCCCC21,scf_d86affc0ef8b65d441c5,False,,scf_d86affc0ef8b65d441c5
par_f8d406450312f2f10c40,,,True,acy_836e0cb336175ec483d0,acy_836e0cb336175ec483d0
par_f8d772f527c3d46c76f1,,,True,acy_261eeacbfed6503f57f6,acy_261eeacbfed6503f57f6
par_f8df6252db84f787f2c1,O=C1CCCC1,scf_25ef9bca067efdf83125,False,,scf_25ef9bca067efdf83125
par_f8e4a95b6e77946b21b5,O=c1nc[nH]c2nc[nH]c12,scf_eab8b3b7798100f3b0c8,False,,scf_eab8b3b7798100f3b0c8
par_f8e88563de2531d95be5,,,True,acy_dbdae54709b60499859f,acy_dbdae54709b60499859f
par_f8e8be850f28c6ac9056,,,True,acy_093c294fe37f5d621854,acy_093c294fe37f5d621854
par_f90abc86c92f0d9a9a44,,,True,acy_257c6670dc2433b99f9f,acy_257c6670dc2433b99f9f
par_f914e167a5b755d1ce69,O=C1C=Cc2ccccc2/C1=N/Nc1ccccc1,scf_f914e167a5b755d1ce69,False,,scf_f914e167a5b755d1ce69
par_f92506ded14ce615bac0,C(=C/c1ccc(Nc2ncnc(Nc3ccccc3)n2)cc1)\c1ccc(Nc2ncnc(Nc3ccccc3)n2)cc1,scf_972d42ee79710c79e0ac,False,,scf_972d42ee79710c79e0ac
par_f927e2a851b5539f766a,,,True,acy_a04448b0abe2c6cd88b2,acy_a04448b0abe2c6cd88b2
par_f9285fd7f7c798884516,c1ccc(-n2cccn2)cc1,scf_7ae701ae224629046c6e,False,,scf_7ae701ae224629046c6e
par_f92913dfa3f2603b7b6a,C=C(c1ccccc1)c1ccccc1,scf_c14e6511ba811d533156,False,,scf_c14e6511ba811d533156
par_f93fc84e98f3a5802d5b,O=C1C=CC(OC(=O)C2CC2)C1,scf_1916a763346554ff3ecf,False,,scf_1916a763346554ff3ecf
par_f94588685df251c03817,O=C1C=CC(=O)C=C1,scf_8cdfcd7b604185b8463f,False,,scf_8cdfcd7b604185b8463f
par_f94ced1943d4ee5e7aed,c1ccc2c(c1)Cc1ccccc1-2,scf_2360397c02f47e5bcade,False,,scf_2360397c02f47e5bcade
par_f9552b13af4a341edf00,,,True,acy_02d3c252cb9b05c81215,acy_02d3c252cb9b05c81215
par_f95e04da6ad8197d162e,c1ccccc1,scf_13cad05ca8f49c509e5b,False,,scf_13cad05ca8f49c509e5b
par_f96d40ad83032f18b758,,,True,acy_704223ddb44f66227098,acy_704223ddb44f66227098
par_f97a1a5b8ac40c663d72,,,True,acy_82b3d157ecab91d18387,acy_82b3d157ecab91d18387
par_f992fc62b91bfd6ce7dc,,,True,acy_b8babf7e7eef12a6ffdf,acy_b8babf7e7eef12a6ffdf
par_f996e37e5a4b42fbc524,c1cc[nH]c1,scf_f996e37e5a4b42fbc524,False,,scf_f996e37e5a4b42fbc524
par_f99821712fb3f5b3f87a,,,True,acy_32a8b125fad05ee6b8c9,acy_32a8b125fad05ee6b8c9
par_f9ab6a0a19e55d319da6,c1ccc(-c2ccccc2)cc1,scf_27dacb226b18e24b40e3,False,,scf_27dacb226b18e24b40e3
par_f9c289ab2c2182e900c2,O=c1[nH]cnn1-c1ccccc1,scf_7a5d1587314c744a8c29,False,,scf_7a5d1587314c744a8c29
par_f9c9d6e9bd4b32bfcd28,C=C1C(=O)CCCC1=O,scf_5488bae9473ca8f99abe,False,,scf_5488bae9473ca8f99abe
par_f9cef7b2794de244b784,C1CC2CCCC2C1,scf_6371dd0f4fbfffb6095a,False,,scf_6371dd0f4fbfffb6095a
par_f9d4caa8df14f85b7832,C1CCC(CC2CCCCC2)CC1,scf_7796cb316aa67077baa0,False,,scf_7796cb316aa67077baa0
par_f9e5934805fedfe3dd3d,,,True,acy_9097ed4b8f49fe4b6544,acy_9097ed4b8f49fe4b6544
par_f9ec2606f9fcab7a7f15,C1NCNCNCN1,scf_f6670e4408de72599c48,False,,scf_f6670e4408de72599c48
par_fa0217565649bacd284a,c1ccc(N=Nc2cccc3ccccc23)cc1.c1ccc(N=Nc2cccc3ccccc23)cc1,scf_0c4e5a7c25df69f836b7,False,,scf_0c4e5a7c25df69f836b7
par_fa1520e7a678a42d3479,C1COCCN1,scf_f2e394232156ef1f934e,False,,scf_f2e394232156ef1f934e
par_fa17b4805a32ca071106,c1ccc(N=Nc2ccccc2)cc1,scf_782452139c6e50ec94b3,False,,scf_782452139c6e50ec94b3
par_fa30c1321fe2f9d8d72d,,,True,acy_e8a2c2e573b846a25991,acy_e8a2c2e573b846a25991
par_fa360e1af7b956952c90,,,True,acy_3e0ea233cde1b6a6b050,acy_3e0ea233cde1b6a6b050
par_fa39d7c0aafb64fa98c5,,,True,acy_9337f7599ce5953bad47,acy_9337f7599ce5953bad47
par_fa42a68028698fa8cdec,O=C1C=Cc2ccccc2/C1=N\Nc1ccccc1,scf_5db4f6e46e49716b6b17,False,,scf_5db4f6e46e49716b6b17
par_fa4c0c73071a819c99c8,c1ccc(N=Nc2ccccc2)cc1,scf_782452139c6e50ec94b3,False,,scf_782452139c6e50ec94b3
par_fa594c98a8e9471fb20a,O=C1CCCCCN1,scf_e4dc0eada9af64df09cc,False,,scf_e4dc0eada9af64df09cc
par_fa6ca23a4a51093863f0,,,True,acy_f2097066b862c21a1d5a,acy_f2097066b862c21a1d5a
par_fa82a1dd11018815198e,C1NCNCN1,scf_83a4733f71e79fbfab98,False,,scf_83a4733f71e79fbfab98
par_fa9e7e448478954ea54d,c1ccccc1,scf_13cad05ca8f49c509e5b,False,,scf_13cad05ca8f49c509e5b
par_faaf6c18a3d9fdc42c41,,,True,acy_3554dea978341c0b2312,acy_3554dea978341c0b2312
par_fab67db90ee2700e058e,c1ccccc1,scf_13cad05ca8f49c509e5b,False,,scf_13cad05ca8f49c509e5b
par_fab6f50a60af1f9284b3,,,True,acy_7e44cceef579cd2302b4,acy_7e44cceef579cd2302b4
par_fabb6881e76f8897085e,,,True,acy_d31b2fbbce06ce0d72fb,acy_d31b2fbbce06ce0d72fb
par_fabd3b7f4116b19f7579,c1ccc(CCCN2CCOCC2)cc1,scf_88190b8febb89cb53e5b,False,,scf_88190b8febb89cb53e5b
par_fad2521d5bd38b8a1938,,,True,acy_195b4da78e510471be8a,acy_195b4da78e510471be8a
par_fad6121177e57f083484,c1ccccc1,scf_13cad05ca8f49c509e5b,False,,scf_13cad05ca8f49c509e5b
par_fae1b6cdf4b28ca9fcce,c1ccccc1,scf_13cad05ca8f49c509e5b,False,,scf_13cad05ca8f49c509e5b
par_faf40689bc723149d478,,,True,acy_e335c1dbb9aca954334b,acy_e335c1dbb9aca954334b
par_fafe3c57380cbc548970,c1ccccc1,scf_13cad05ca8f49c509e5b,False,,scf_13cad05ca8f49c509e5b
par_fb15ffa9750a68e86db2,c1ccccc1,scf_13cad05ca8f49c509e5b,False,,scf_13cad05ca8f49c509e5b
par_fb170f2d6e14a8833824,c1ccccc1,scf_13cad05ca8f49c509e5b,False,,scf_13cad05ca8f49c509e5b
par_fb23a5e17e50bcad1d77,c1ccc([S-]->[Zn+2]<-[S-]c2cccc[nH+]2)[nH+]c1,scf_bb7f2f91e8707344e7f7,False,,scf_bb7f2f91e8707344e7f7
par_fb24090631e789462a4b,O=C1OC2CC1C1CC3O[C@]34C(=O)O[C@H]2C14.O=C1OC2CC1C1C[C@H]3O[C@]34C(=O)O[C@H]2C14,scf_0f334db373cab40236b4,False,,scf_0f334db373cab40236b4
par_fb33eac31d54d0d96475,c1ccccc1,scf_13cad05ca8f49c509e5b,False,,scf_13cad05ca8f49c509e5b
par_fb5915c7b238e31affb8,,,True,acy_822f69ab8a3cc9cecc61,acy_822f69ab8a3cc9cecc61
par_fb6827c975579841a920,c1ccc(OCCOc2ccccc2)cc1,scf_e4d2dd943edba2b8fa90,False,,scf_e4d2dd943edba2b8fa90
par_fb7121a404676cf43e90,c1ccccc1,scf_13cad05ca8f49c509e5b,False,,scf_13cad05ca8f49c509e5b
par_fb71f2bbd881a3765be9,O=C1CCCC2=C1CCC2,scf_c5dcc4b9994f034e60ab,False,,scf_c5dcc4b9994f034e60ab
par_fb7798f75f8e7a9de3c9,O=C1CCCN1,scf_fb7798f75f8e7a9de3c9,False,,scf_fb7798f75f8e7a9de3c9
par_fb7d5522a84908036430,c1ccccc1,scf_13cad05ca8f49c509e5b,False,,scf_13cad05ca8f49c509e5b
par_fb8e789eae36f2274484,c1ccc2nocc2c1,scf_c0d2c8625e141bae3bb1,False,,scf_c0d2c8625e141bae3bb1
par_fb9f6b6d9854446d61df,O=C(OCCCN1CCCCC1)c1ccccc1,scf_d986f1bf38a5631e6c03,False,,scf_d986f1bf38a5631e6c03
par_fbb23dcb128fd7b8a185,C1=NCCN1,scf_e95e80bbbd770e38d2ab,False,,scf_e95e80bbbd770e38d2ab
par_fbb7d8e5422bc10aea1c,c1ccncc1,scf_75c7a4b0b41e43900bfb,False,,scf_75c7a4b0b41e43900bfb
par_fbc0557f02aa1012b54c,,,True,acy_ac5cd3a2079812687922,acy_ac5cd3a2079812687922
par_fbcca452e2f4ee53d3f0,,,True,acy_959bf07e3aa2211973b2,acy_959bf07e3aa2211973b2
par_fbd681c89233a42d8d51,,,True,acy_2865ffc2d902661fe168,acy_2865ffc2d902661fe168
par_fbdcbe4dcfdd568eddf8,O=C1C=C2CC[C@@H]3C(=C2CC1)C=CC1CCC[C@H]13,scf_6af39abff5228e3ef988,False,,scf_6af39abff5228e3ef988
par_fbe72d8964f036f855bc,,,True,acy_f3e35b6510489197e52a,acy_f3e35b6510489197e52a
par_fbeced24c20d63226da4,,,True,acy_84e24336daf0130a8626,acy_84e24336daf0130a8626
par_fbef65e3b93f956f7a21,O=C(OCc1cccc(Oc2ccccc2)c1)C1CC1,scf_dd5d192b016bdf3547cd,False,,scf_dd5d192b016bdf3547cd
par_fbf1aaed07a5d304978f,O=c1cc/c(=N\Nc2cccc3ccccc23)c(=O)/c1=N/Nc1cccc2ccccc12,scf_f33f213bd17e82730e68,False,,scf_f33f213bd17e82730e68
par_fc0aa4dde42621eda986,c1ccc(Sc2ccccc2)cc1,scf_debd7abf26c40eab0a14,False,,scf_debd7abf26c40eab0a14
par_fc0e45ab61e39d571705,c1nncs1,scf_145a421a86da5c3518e8,False,,scf_145a421a86da5c3518e8
par_fc16bbb781f3ef2979df,O=C1CNC(=O)N1,scf_887b1309988e7fe77ebb,False,,scf_887b1309988e7fe77ebb
par_fc1d1a378ca44e6ee4f0,c1ccc2c(c1)CCCC2,scf_6a4523c26b4e65101ff9,False,,scf_6a4523c26b4e65101ff9
par_fc25154acd6803bd1dc6,,,True,acy_3e0ea233cde1b6a6b050,acy_3e0ea233cde1b6a6b050
par_fc25bdfe046007f5e255,,,True,acy_d1e95ee0450b739e8186,acy_d1e95ee0450b739e8186
par_fc26f967c3668a97e00b,c1ccc2[nH+]cccc2c1,scf_ca2ca981be5e4ba23418,False,,scf_ca2ca981be5e4ba23418
par_fc301e0dddd38b5468db,O=C1C=C2C3CCCC3CC[C@@H]2C2CCCC[C@@H]12,scf_50eb4f244fe26eb50b9b,False,,scf_50eb4f244fe26eb50b9b
par_fc34b7c5fe7aa6240dff,,,True,acy_d1e95ee0450b739e8186,acy_d1e95ee0450b739e8186
par_fc356892e37c7700c08d,c1ccccc1,scf_13cad05ca8f49c509e5b,False,,scf_13cad05ca8f49c509e5b
par_fc3b17ef0adf7860f36c,c1ccccc1,scf_13cad05ca8f49c509e5b,False,,scf_13cad05ca8f49c509e5b
par_fc4156826a890eadc062,c1ccccc1,scf_13cad05ca8f49c509e5b,False,,scf_13cad05ca8f49c509e5b
par_fc4c2ebf3e117ba0a668,C(=Cc1ccccc1)c1ccccc1,scf_4da888fa4183847030fa,False,,scf_4da888fa4183847030fa
par_fc612238d2ed64c559aa,O=C1CNCCNCC(=O)[O][Cu][O]1,scf_fad5981c84571cf81aac,False,,scf_fad5981c84571cf81aac
par_fc6d935a752050ef4eb7,c1ccc(-c2ccccc2)cc1,scf_27dacb226b18e24b40e3,False,,scf_27dacb226b18e24b40e3
par_fc6ee92e08f62067e897,,,True,acy_23a1176314021ad41fb4,acy_23a1176314021ad41fb4
par_fc78940677352af7a63a,,,True,acy_e335c1dbb9aca954334b,acy_e335c1dbb9aca954334b
par_fc8842c641d9150647f9,,,True,acy_5248cd5ab3a317007150,acy_5248cd5ab3a317007150
par_fcb3003ca77b8c6cb4ac,C1CO1,scf_59b1a7b29b6a5f8bc1b8,False,,scf_59b1a7b29b6a5f8bc1b8
par_fcc013087a32e6213a7e,O=C1C(N=Nc2ccccc2)C=NN1c1ccccc1,scf_959c2a804d0b336c3fc0,False,,scf_959c2a804d0b336c3fc0
par_fcc17d83774753e8c0ab,c1ccccc1,scf_13cad05ca8f49c509e5b,False,,scf_13cad05ca8f49c509e5b
par_fcdb8d1c45db50890460,O=C(Nc1ccccc1)Nc1ccccc1,scf_f53c8545aaf2f2b9228f,False,,scf_f53c8545aaf2f2b9228f
par_fcf2d134d8397778f7b9,,,True,acy_cfcc0afd0ba8d56cc2d9,acy_cfcc0afd0ba8d56cc2d9
par_fcf9c4116bb1fcf2a4f4,c1ccccc1,scf_13cad05ca8f49c509e5b,False,,scf_13cad05ca8f49c509e5b
par_fd000907b1d5373ce85e,c1ccccc1,scf_13cad05ca8f49c509e5b,False,,scf_13cad05ca8f49c509e5b
par_fd1b4a43ab39b340db8f,,,True,acy_814f3b2625ef347e1ee0,acy_814f3b2625ef347e1ee0
par_fd2230b0577db26ca887,,,True,acy_e14ae3b596c14eb6d5e9,acy_e14ae3b596c14eb6d5e9
par_fd24ace8caa87d3d0f87,,,True,acy_fee144d836cb02d82ef8,acy_fee144d836cb02d82ef8
par_fd2fcca3ebb53eebc116,,,True,acy_70c2ebedb38aa5a50ce1,acy_70c2ebedb38aa5a50ce1
par_fd304454f31d9c697ca9,,,True,acy_1a9b1f008d878e59a991,acy_1a9b1f008d878e59a991
par_fd3ee28a8c347ffa6eb8,O=C1CCC(=O)CC1,scf_6bff2be24dae895ad7ff,False,,scf_6bff2be24dae895ad7ff
par_fd431b67986a74e11c7f,,,True,acy_f2097066b862c21a1d5a,acy_f2097066b862c21a1d5a
par_fd453b7f9d4a2fce72ca,,,True,acy_b7949e09882f741b7f4b,acy_b7949e09882f741b7f4b
par_fd50116bfea4b03039f1,c1c[nH]cn1,scf_5c2d4306fe1e3da2ea88,False,,scf_5c2d4306fe1e3da2ea88
par_fd534b91e7734bf70742,c1ccc(-n2nc3ccccc3n2)cc1,scf_b889f6cb826d30b728ad,False,,scf_b889f6cb826d30b728ad
par_fd78ea899e7d233ce69d,O=C1/C(=C/c2ccccc2)C2CCC1C2,scf_e55bb77ca96acfb825c4,False,,scf_e55bb77ca96acfb825c4
par_fd9721f2733482052bbc,C1CCOC1,scf_92623ccd36bc322bf260,False,,scf_92623ccd36bc322bf260
par_fd9979f84da33b8d796b,O=C(COc1ccccc1)Nc1ccccc1,scf_de976009dbdf11d9f69e,False,,scf_de976009dbdf11d9f69e
par_fdc0c7053ee559a10685,,,True,acy_f268c8d97933ae9f45c4,acy_f268c8d97933ae9f45c4
par_fdc1975cc0464775eee8,O=c1[nH]cnn1-c1ccccc1,scf_7a5d1587314c744a8c29,False,,scf_7a5d1587314c744a8c29
par_fdc9e61c0a5c11b1cd5e,,,True,acy_94bc30dbd9c0f971d506,acy_94bc30dbd9c0f971d506
par_fdd657f468b62315c289,c1ccccc1,scf_13cad05ca8f49c509e5b,False,,scf_13cad05ca8f49c509e5b
par_fdd689a8c9458d0c74f4,,,True,acy_bcb2c5ddbc85e972f756,acy_bcb2c5ddbc85e972f756
par_fe06aea0af8891bee490,c1ccc(P(CCCP(c2ccccc2)c2ccccc2)c2ccccc2)cc1,scf_a4d03faceae6360d36e0,False,,scf_a4d03faceae6360d36e0
par_fe23e09ab9fb78ad9936,O=C(CCc1ccccc1)OCCCCCCOC(=O)CCc1ccccc1,scf_34220829596a472c49cb,False,,scf_34220829596a472c49cb
par_fe2f0f3af081380ab6e3,c1ccccc1,scf_13cad05ca8f49c509e5b,False,,scf_13cad05ca8f49c509e5b
par_fe3382ffdf7a90363af2,c1ccc(OCCOc2ccccc2)cc1,scf_e4d2dd943edba2b8fa90,False,,scf_e4d2dd943edba2b8fa90
par_fe4fe5634cecbb0e7a2e,c1ccc2ccccc2c1,scf_a896d495b04a450b732a,False,,scf_a896d495b04a450b732a
par_fe68aee4fb5a43c83317,,,True,acy_e7e92745d283a491cf2b,acy_e7e92745d283a491cf2b
par_fe7a2b3a233885ed30b0,,,True,acy_bdcae0524eb23996d51c,acy_bdcae0524eb23996d51c
par_fe8528cff2dfdfccb743,C1=CCCCC1,scf_fe8528cff2dfdfccb743,False,,scf_fe8528cff2dfdfccb743
par_fe87bdc5d1246caeb05e,O=C1NCCS1,scf_1d259c357571704fca22,False,,scf_1d259c357571704fca22
par_fe8ee15bb86d27a77f2a,,,True,acy_63d638c03acbdd093d6d,acy_63d638c03acbdd093d6d
par_fea2e9523c5128de8a72,c1ccccc1,scf_13cad05ca8f49c509e5b,False,,scf_13cad05ca8f49c509e5b
par_fec4c9b49f4765bfe35a,c1ccccc1,scf_13cad05ca8f49c509e5b,False,,scf_13cad05ca8f49c509e5b
par_fec6104edada98b04c68,,,True,acy_3e0ea233cde1b6a6b050,acy_3e0ea233cde1b6a6b050
par_fed43a1db17671251bbc,,,True,acy_9ca29fc81519d5e9aa5e,acy_9ca29fc81519d5e9aa5e
par_fee8c90207ae73089a5c,C1=CCCCC1,scf_fe8528cff2dfdfccb743,False,,scf_fe8528cff2dfdfccb743
par_feeaaaa2cd809c3e3013,O=S(=O)(Nc1ncccn1)c1ccccc1,scf_4dee91a179f7c5c1d533,False,,scf_4dee91a179f7c5c1d533
par_fef5054d300a5a77e6b0,c1ccccc1,scf_13cad05ca8f49c509e5b,False,,scf_13cad05ca8f49c509e5b
par_fef5fa73e7bd947d5974,c1ccc(Nc2ncccn2)cc1,scf_aac6c858d709b7c1a93f,False,,scf_aac6c858d709b7c1a93f
par_fefc9ff486de5a794092,,,True,acy_d10b597ce71f18a49f1f,acy_d10b597ce71f18a49f1f
par_ff020f077cc0f7d560a6,c1ccncc1,scf_75c7a4b0b41e43900bfb,False,,scf_75c7a4b0b41e43900bfb
par_ff060fd90270a691a3b2,c1ccccc1,scf_13cad05ca8f49c509e5b,False,,scf_13cad05ca8f49c509e5b
par_ff087cbbdd031b834192,c1ccccc1,scf_13cad05ca8f49c509e5b,False,,scf_13cad05ca8f49c509e5b
par_ff09201d992f53bd8558,c1ccccc1,scf_13cad05ca8f49c509e5b,False,,scf_13cad05ca8f49c509e5b
par_ff0f3c91ea33caf9d83d,c1ccc(-c2ccccc2)cc1,scf_27dacb226b18e24b40e3,False,,scf_27dacb226b18e24b40e3
par_ff0ff87b01d5e6adf025,C1CO1,scf_59b1a7b29b6a5f8bc1b8,False,,scf_59b1a7b29b6a5f8bc1b8
par_ff134bf6d03d5f857e54,,,True,acy_822f69ab8a3cc9cecc61,acy_822f69ab8a3cc9cecc61
par_ff135ba14e20807c0de9,O=C1C=CC(=O)C=C1,scf_8cdfcd7b604185b8463f,False,,scf_8cdfcd7b604185b8463f
par_ff209a657817b3594f95,,,True,acy_124f5c47d08a4cea6fde,acy_124f5c47d08a4cea6fde
par_ff2aa18f11508c7a0d2b,O=c1ccn([C@H]2CCCO2)c(=O)[nH]1,scf_53500d8b9c29be12016e,False,,scf_53500d8b9c29be12016e
par_ff2abde5149e492d4104,c1ccccc1,scf_13cad05ca8f49c509e5b,False,,scf_13cad05ca8f49c509e5b
par_ff2cecb7ef0a017d2e2d,c1ccccc1,scf_13cad05ca8f49c509e5b,False,,scf_13cad05ca8f49c509e5b
par_ff4ce74394b03c34044d,O=S1(=O)NCNc2ccccc21,scf_0e4a133631de78cc94e6,False,,scf_0e4a133631de78cc94e6
par_ff80a0d5103ebac850b2,,,True,acy_463bd1b8ff2253358eaf,acy_463bd1b8ff2253358eaf
par_ff8be28b2ec779290b68,O=C(Nc1ccccc1-c1ccccc1)c1cccnc1,scf_f18e23890a3a77fee96e,False,,scf_f18e23890a3a77fee96e
par_ff8d85aa3ed56c01673c,c1ccccc1,scf_13cad05ca8f49c509e5b,False,,scf_13cad05ca8f49c509e5b
par_ff9d16c17c5765009ea3,,,True,acy_ec59c045a471e49f7c59,acy_ec59c045a471e49f7c59
par_ffa57d694248f1a5cfb3,c1ccc(Oc2ccccn2)cc1,scf_78397fed9a32a9cf351f,False,,scf_78397fed9a32a9cf351f
par_ffadb0d25a7954e3979f,c1ccccc1,scf_13cad05ca8f49c509e5b,False,,scf_13cad05ca8f49c509e5b
par_ffb4b581327391d01d66,c1cc(CCC(c2cccc(C3CCCCC3)c2)c2cccc(C3CCCCC3)c2)cc(C2CCCCC2)c1,scf_0c8904d6974da1358a38,False,,scf_0c8904d6974da1358a38
par_ffb8075f0c06e5d5acfe,c1ccccc1,scf_13cad05ca8f49c509e5b,False,,scf_13cad05ca8f49c509e5b
par_ffba4f4a3c12b0c3e3f5,c1nncs1,scf_145a421a86da5c3518e8,False,,scf_145a421a86da5c3518e8
par_ffbd08beed66c6516161,c1ccccc1,scf_13cad05ca8f49c509e5b,False,,scf_13cad05ca8f49c509e5b
par_ffc14836b2b14f5af19e,C1CCCCC1,scf_a21c4f64dcc59dd2ede8,False,,scf_a21c4f64dcc59dd2ede8
par_ffce21091950044ce86e,c1ccc(C(CC2CC2)Cn2cncn2)cc1,scf_85616ed4f3bcfacd7fae,False,,scf_85616ed4f3bcfacd7fae
par_ffe383e21f29a4d8319d,O=c1cc[nH]c(=S)[nH]1,scf_ffe383e21f29a4d8319d,False,,scf_ffe383e21f29a4d8319d
par_fffe8574160c2da61e9a,,,True,acy_1910708350c6c83fe895,acy_1910708350c6c83fe895
